rank,design,seq,theozyme_rmsd,n_atoms,tz_plddt,global_plddt,cif
1,2,1,2.0513,24,68.7,87.9,/data/fast/projects/protos/data/models/boltz2/20260203_placement_00_production/rhodozyme_00_2-atomized-bb-False_seq1/outputs/boltz_results_config/predictions/config/config_model_0.cif
2,11,1,2.0959,21,55.5,85.4,/data/fast/projects/protos/data/models/boltz2/20260203_placement_00_production/rhodozyme_00_11-atomized-bb-False_seq1/outputs/boltz_results_config/predictions/config/config_model_0.cif
3,31,2,2.2840,23,60.5,90.1,/data/fast/projects/protos/data/models/boltz2/20260203_placement_00_production/rhodozyme_00_31-atomized-bb-False_seq2/outputs/boltz_results_config/predictions/config/config_model_0.cif
4,2,4,2.3355,24,70.3,88.0,/data/fast/projects/protos/data/models/boltz2/20260203_placement_00_production/rhodozyme_00_2-atomized-bb-False_seq4/outputs/boltz_results_config/predictions/config/config_model_0.cif
5,47,7,2.3596,23,60.9,89.6,/data/fast/projects/protos/data/models/boltz2/20260203_placement_00_production/rhodozyme_00_47-atomized-bb-False_seq7/outputs/boltz_results_config/predictions/config/config_model_0.cif
6,6,6,2.4352,24,72.1,91.7,/data/fast/projects/protos/data/models/boltz2/20260203_placement_00_production/rhodozyme_00_6-atomized-bb-False_seq6/outputs/boltz_results_config/predictions/config/config_model_0.cif
7,45,7,2.4633,21,65.7,89.7,/data/fast/projects/protos/data/models/boltz2/20260203_placement_00_production/rhodozyme_00_45-atomized-bb-False_seq7/outputs/boltz_results_config/predictions/config/config_model_0.cif
8,9,5,2.6071,24,47.3,79.2,/data/fast/projects/protos/data/models/boltz2/20260203_placement_00_production/rhodozyme_00_9-atomized-bb-False_seq5/outputs/boltz_results_config/predictions/config/config_model_0.cif
9,22,7,2.6709,24,67.1,85.2,/data/fast/projects/protos/data/models/boltz2/20260203_placement_00_production/rhodozyme_00_22-atomized-bb-False_seq7/outputs/boltz_results_config/predictions/config/config_model_0.cif
10,6,1,2.6813,24,64.5,90.9,/data/fast/projects/protos/data/models/boltz2/20260203_placement_00_production/rhodozyme_00_6-atomized-bb-False_seq1/outputs/boltz_results_config/predictions/config/config_model_0.cif
11,38,2,2.6833,24,69.0,83.6,/data/fast/projects/protos/data/models/boltz2/20260203_placement_00_production/rhodozyme_00_38-atomized-bb-False_seq2/outputs/boltz_results_config/predictions/config/config_model_0.cif
12,31,4,2.6997,24,62.9,89.2,/data/fast/projects/protos/data/models/boltz2/20260203_placement_00_production/rhodozyme_00_31-atomized-bb-False_seq4/outputs/boltz_results_config/predictions/config/config_model_0.cif
13,2,3,2.7147,24,80.4,88.7,/data/fast/projects/protos/data/models/boltz2/20260203_placement_00_production/rhodozyme_00_2-atomized-bb-False_seq3/outputs/boltz_results_config/predictions/config/config_model_0.cif
14,1,0,2.7163,24,59.5,85.8,/data/fast/projects/protos/data/models/boltz2/20260203_placement_00_production/rhodozyme_00_1-atomized-bb-False_seq0/outputs/boltz_results_config/predictions/config/config_model_0.cif
15,16,7,2.7356,24,59.0,88.2,/data/fast/projects/protos/data/models/boltz2/20260203_placement_00_production/rhodozyme_00_16-atomized-bb-False_seq7/outputs/boltz_results_config/predictions/config/config_model_0.cif
16,41,1,2.7525,20,46.1,80.8,/data/fast/projects/protos/data/models/boltz2/20260203_placement_00_production/rhodozyme_00_41-atomized-bb-False_seq1/outputs/boltz_results_config/predictions/config/config_model_0.cif
17,22,6,2.7662,24,80.9,90.0,/data/fast/projects/protos/data/models/boltz2/20260203_placement_00_production/rhodozyme_00_22-atomized-bb-False_seq6/outputs/boltz_results_config/predictions/config/config_model_0.cif
18,2,2,2.8417,24,61.5,86.6,/data/fast/projects/protos/data/models/boltz2/20260203_placement_00_production/rhodozyme_00_2-atomized-bb-False_seq2/outputs/boltz_results_config/predictions/config/config_model_0.cif
19,22,0,2.8710,24,72.3,86.7,/data/fast/projects/protos/data/models/boltz2/20260203_placement_00_production/rhodozyme_00_22-atomized-bb-False_seq0/outputs/boltz_results_config/predictions/config/config_model_0.cif
20,29,6,2.8851,24,57.0,86.7,/data/fast/projects/protos/data/models/boltz2/20260203_placement_00_production/rhodozyme_00_29-atomized-bb-False_seq6/outputs/boltz_results_config/predictions/config/config_model_0.cif
21,10,7,2.9185,24,62.2,90.1,/data/fast/projects/protos/data/models/boltz2/20260203_placement_00_production/rhodozyme_00_10-atomized-bb-False_seq7/outputs/boltz_results_config/predictions/config/config_model_0.cif
22,49,4,2.9235,24,74.5,90.7,/data/fast/projects/protos/data/models/boltz2/20260203_placement_00_production/rhodozyme_00_49-atomized-bb-False_seq4/outputs/boltz_results_config/predictions/config/config_model_0.cif
23,19,0,2.9877,24,54.4,78.9,/data/fast/projects/protos/data/models/boltz2/20260203_placement_00_production/rhodozyme_00_19-atomized-bb-False_seq0/outputs/boltz_results_config/predictions/config/config_model_0.cif
24,28,4,3.0153,24,68.8,90.1,/data/fast/projects/protos/data/models/boltz2/20260203_placement_00_production/rhodozyme_00_28-atomized-bb-False_seq4/outputs/boltz_results_config/predictions/config/config_model_0.cif
25,2,5,3.0168,24,57.0,86.6,/data/fast/projects/protos/data/models/boltz2/20260203_placement_00_production/rhodozyme_00_2-atomized-bb-False_seq5/outputs/boltz_results_config/predictions/config/config_model_0.cif
26,12,7,3.0514,24,59.9,88.9,/data/fast/projects/protos/data/models/boltz2/20260203_placement_00_production/rhodozyme_00_12-atomized-bb-False_seq7/outputs/boltz_results_config/predictions/config/config_model_0.cif
27,2,6,3.0563,24,67.8,88.2,/data/fast/projects/protos/data/models/boltz2/20260203_placement_00_production/rhodozyme_00_2-atomized-bb-False_seq6/outputs/boltz_results_config/predictions/config/config_model_0.cif
28,41,0,3.0693,24,54.0,84.0,/data/fast/projects/protos/data/models/boltz2/20260203_placement_00_production/rhodozyme_00_41-atomized-bb-False_seq0/outputs/boltz_results_config/predictions/config/config_model_0.cif
29,43,0,3.1075,24,65.2,88.1,/data/fast/projects/protos/data/models/boltz2/20260203_placement_00_production/rhodozyme_00_43-atomized-bb-False_seq0/outputs/boltz_results_config/predictions/config/config_model_0.cif
30,7,0,3.1155,24,59.5,85.0,/data/fast/projects/protos/data/models/boltz2/20260203_placement_00_production/rhodozyme_00_7-atomized-bb-False_seq0/outputs/boltz_results_config/predictions/config/config_model_0.cif
31,40,7,3.1196,24,60.5,86.4,/data/fast/projects/protos/data/models/boltz2/20260203_placement_00_production/rhodozyme_00_40-atomized-bb-False_seq7/outputs/boltz_results_config/predictions/config/config_model_0.cif
32,33,1,3.1327,24,58.5,87.3,/data/fast/projects/protos/data/models/boltz2/20260203_placement_00_production/rhodozyme_00_33-atomized-bb-False_seq1/outputs/boltz_results_config/predictions/config/config_model_0.cif
33,29,7,3.1502,24,61.2,85.6,/data/fast/projects/protos/data/models/boltz2/20260203_placement_00_production/rhodozyme_00_29-atomized-bb-False_seq7/outputs/boltz_results_config/predictions/config/config_model_0.cif
34,1,2,3.1756,24,56.5,84.4,/data/fast/projects/protos/data/models/boltz2/20260203_placement_00_production/rhodozyme_00_1-atomized-bb-False_seq2/outputs/boltz_results_config/predictions/config/config_model_0.cif
35,6,2,3.1955,24,58.2,88.5,/data/fast/projects/protos/data/models/boltz2/20260203_placement_00_production/rhodozyme_00_6-atomized-bb-False_seq2/outputs/boltz_results_config/predictions/config/config_model_0.cif
36,13,5,3.2151,24,71.4,91.6,/data/fast/projects/protos/data/models/boltz2/20260203_placement_00_production/rhodozyme_00_13-atomized-bb-False_seq5/outputs/boltz_results_config/predictions/config/config_model_0.cif
37,40,6,3.2269,24,60.0,87.6,/data/fast/projects/protos/data/models/boltz2/20260203_placement_00_production/rhodozyme_00_40-atomized-bb-False_seq6/outputs/boltz_results_config/predictions/config/config_model_0.cif
38,12,6,3.2527,24,76.6,91.0,/data/fast/projects/protos/data/models/boltz2/20260203_placement_00_production/rhodozyme_00_12-atomized-bb-False_seq6/outputs/boltz_results_config/predictions/config/config_model_0.cif
39,43,4,3.2633,24,66.8,88.7,/data/fast/projects/protos/data/models/boltz2/20260203_placement_00_production/rhodozyme_00_43-atomized-bb-False_seq4/outputs/boltz_results_config/predictions/config/config_model_0.cif
40,8,7,3.2635,24,63.4,82.8,/data/fast/projects/protos/data/models/boltz2/20260203_placement_00_production/rhodozyme_00_8-atomized-bb-False_seq7/outputs/boltz_results_config/predictions/config/config_model_0.cif
41,39,2,3.2654,24,57.2,86.2,/data/fast/projects/protos/data/models/boltz2/20260203_placement_00_production/rhodozyme_00_39-atomized-bb-False_seq2/outputs/boltz_results_config/predictions/config/config_model_0.cif
42,13,7,3.2682,24,72.4,92.3,/data/fast/projects/protos/data/models/boltz2/20260203_placement_00_production/rhodozyme_00_13-atomized-bb-False_seq7/outputs/boltz_results_config/predictions/config/config_model_0.cif
43,41,5,3.2768,24,53.0,82.9,/data/fast/projects/protos/data/models/boltz2/20260203_placement_00_production/rhodozyme_00_41-atomized-bb-False_seq5/outputs/boltz_results_config/predictions/config/config_model_0.cif
44,1,6,3.2806,24,56.3,83.2,/data/fast/projects/protos/data/models/boltz2/20260203_placement_00_production/rhodozyme_00_1-atomized-bb-False_seq6/outputs/boltz_results_config/predictions/config/config_model_0.cif
45,14,2,3.2874,24,72.0,89.8,/data/fast/projects/protos/data/models/boltz2/20260203_placement_00_production/rhodozyme_00_14-atomized-bb-False_seq2/outputs/boltz_results_config/predictions/config/config_model_0.cif
46,19,1,3.2957,24,63.2,82.3,/data/fast/projects/protos/data/models/boltz2/20260203_placement_00_production/rhodozyme_00_19-atomized-bb-False_seq1/outputs/boltz_results_config/predictions/config/config_model_0.cif
47,25,6,3.3062,24,61.6,87.6,/data/fast/projects/protos/data/models/boltz2/20260203_placement_00_production/rhodozyme_00_25-atomized-bb-False_seq6/outputs/boltz_results_config/predictions/config/config_model_0.cif
48,28,3,3.3167,24,65.0,87.5,/data/fast/projects/protos/data/models/boltz2/20260203_placement_00_production/rhodozyme_00_28-atomized-bb-False_seq3/outputs/boltz_results_config/predictions/config/config_model_0.cif
49,14,0,3.3214,24,72.1,90.0,/data/fast/projects/protos/data/models/boltz2/20260203_placement_00_production/rhodozyme_00_14-atomized-bb-False_seq0/outputs/boltz_results_config/predictions/config/config_model_0.cif
50,40,2,3.3221,24,62.5,88.0,/data/fast/projects/protos/data/models/boltz2/20260203_placement_00_production/rhodozyme_00_40-atomized-bb-False_seq2/outputs/boltz_results_config/predictions/config/config_model_0.cif
51,28,1,3.3305,24,62.6,91.4,/data/fast/projects/protos/data/models/boltz2/20260203_placement_00_production/rhodozyme_00_28-atomized-bb-False_seq1/outputs/boltz_results_config/predictions/config/config_model_0.cif
52,19,2,3.3338,24,55.2,80.6,/data/fast/projects/protos/data/models/boltz2/20260203_placement_00_production/rhodozyme_00_19-atomized-bb-False_seq2/outputs/boltz_results_config/predictions/config/config_model_0.cif
53,2,7,3.3505,23,70.3,87.8,/data/fast/projects/protos/data/models/boltz2/20260203_placement_00_production/rhodozyme_00_2-atomized-bb-False_seq7/outputs/boltz_results_config/predictions/config/config_model_0.cif
54,11,4,3.3560,24,62.6,85.0,/data/fast/projects/protos/data/models/boltz2/20260203_placement_00_production/rhodozyme_00_11-atomized-bb-False_seq4/outputs/boltz_results_config/predictions/config/config_model_0.cif
55,38,6,3.3568,24,67.6,83.6,/data/fast/projects/protos/data/models/boltz2/20260203_placement_00_production/rhodozyme_00_38-atomized-bb-False_seq6/outputs/boltz_results_config/predictions/config/config_model_0.cif
56,8,5,3.3681,24,71.7,87.3,/data/fast/projects/protos/data/models/boltz2/20260203_placement_00_production/rhodozyme_00_8-atomized-bb-False_seq5/outputs/boltz_results_config/predictions/config/config_model_0.cif
57,25,3,3.3724,24,73.2,87.9,/data/fast/projects/protos/data/models/boltz2/20260203_placement_00_production/rhodozyme_00_25-atomized-bb-False_seq3/outputs/boltz_results_config/predictions/config/config_model_0.cif
58,10,4,3.3770,24,65.8,90.1,/data/fast/projects/protos/data/models/boltz2/20260203_placement_00_production/rhodozyme_00_10-atomized-bb-False_seq4/outputs/boltz_results_config/predictions/config/config_model_0.cif
59,43,5,3.3822,24,73.0,91.7,/data/fast/projects/protos/data/models/boltz2/20260203_placement_00_production/rhodozyme_00_43-atomized-bb-False_seq5/outputs/boltz_results_config/predictions/config/config_model_0.cif
60,25,1,3.3843,24,64.3,86.6,/data/fast/projects/protos/data/models/boltz2/20260203_placement_00_production/rhodozyme_00_25-atomized-bb-False_seq1/outputs/boltz_results_config/predictions/config/config_model_0.cif
61,40,0,3.3862,24,75.2,91.3,/data/fast/projects/protos/data/models/boltz2/20260203_placement_00_production/rhodozyme_00_40-atomized-bb-False_seq0/outputs/boltz_results_config/predictions/config/config_model_0.cif
62,21,1,3.3899,24,44.8,82.6,/data/fast/projects/protos/data/models/boltz2/20260203_placement_00_production/rhodozyme_00_21-atomized-bb-False_seq1/outputs/boltz_results_config/predictions/config/config_model_0.cif
63,26,2,3.3903,24,56.3,85.3,/data/fast/projects/protos/data/models/boltz2/20260203_placement_00_production/rhodozyme_00_26-atomized-bb-False_seq2/outputs/boltz_results_config/predictions/config/config_model_0.cif
64,33,4,3.4224,24,54.5,85.5,/data/fast/projects/protos/data/models/boltz2/20260203_placement_00_production/rhodozyme_00_33-atomized-bb-False_seq4/outputs/boltz_results_config/predictions/config/config_model_0.cif
65,42,6,3.4230,24,56.9,84.7,/data/fast/projects/protos/data/models/boltz2/20260203_placement_00_production/rhodozyme_00_42-atomized-bb-False_seq6/outputs/boltz_results_config/predictions/config/config_model_0.cif
66,40,4,3.4250,24,65.7,90.2,/data/fast/projects/protos/data/models/boltz2/20260203_placement_00_production/rhodozyme_00_40-atomized-bb-False_seq4/outputs/boltz_results_config/predictions/config/config_model_0.cif
67,46,5,3.4250,24,60.1,88.0,/data/fast/projects/protos/data/models/boltz2/20260203_placement_00_production/rhodozyme_00_46-atomized-bb-False_seq5/outputs/boltz_results_config/predictions/config/config_model_0.cif
68,11,3,3.4252,24,58.3,86.1,/data/fast/projects/protos/data/models/boltz2/20260203_placement_00_production/rhodozyme_00_11-atomized-bb-False_seq3/outputs/boltz_results_config/predictions/config/config_model_0.cif
69,2,0,3.4335,24,59.9,86.4,/data/fast/projects/protos/data/models/boltz2/20260203_placement_00_production/rhodozyme_00_2-atomized-bb-False_seq0/outputs/boltz_results_config/predictions/config/config_model_0.cif
70,18,7,3.4625,24,71.4,89.1,/data/fast/projects/protos/data/models/boltz2/20260203_placement_00_production/rhodozyme_00_18-atomized-bb-False_seq7/outputs/boltz_results_config/predictions/config/config_model_0.cif
71,28,2,3.4740,24,63.9,88.6,/data/fast/projects/protos/data/models/boltz2/20260203_placement_00_production/rhodozyme_00_28-atomized-bb-False_seq2/outputs/boltz_results_config/predictions/config/config_model_0.cif
72,49,3,3.4771,24,59.8,83.6,/data/fast/projects/protos/data/models/boltz2/20260203_placement_00_production/rhodozyme_00_49-atomized-bb-False_seq3/outputs/boltz_results_config/predictions/config/config_model_0.cif
73,14,6,3.4943,24,66.3,87.7,/data/fast/projects/protos/data/models/boltz2/20260203_placement_00_production/rhodozyme_00_14-atomized-bb-False_seq6/outputs/boltz_results_config/predictions/config/config_model_0.cif
74,28,7,3.4943,24,65.0,89.8,/data/fast/projects/protos/data/models/boltz2/20260203_placement_00_production/rhodozyme_00_28-atomized-bb-False_seq7/outputs/boltz_results_config/predictions/config/config_model_0.cif
75,30,3,3.5051,24,49.2,85.2,/data/fast/projects/protos/data/models/boltz2/20260203_placement_00_production/rhodozyme_00_30-atomized-bb-False_seq3/outputs/boltz_results_config/predictions/config/config_model_0.cif
76,20,6,3.5066,24,76.2,89.8,/data/fast/projects/protos/data/models/boltz2/20260203_placement_00_production/rhodozyme_00_20-atomized-bb-False_seq6/outputs/boltz_results_config/predictions/config/config_model_0.cif
77,45,5,3.5078,24,53.8,84.3,/data/fast/projects/protos/data/models/boltz2/20260203_placement_00_production/rhodozyme_00_45-atomized-bb-False_seq5/outputs/boltz_results_config/predictions/config/config_model_0.cif
78,13,3,3.5127,24,57.9,88.8,/data/fast/projects/protos/data/models/boltz2/20260203_placement_00_production/rhodozyme_00_13-atomized-bb-False_seq3/outputs/boltz_results_config/predictions/config/config_model_0.cif
79,5,4,3.5128,24,74.0,85.9,/data/fast/projects/protos/data/models/boltz2/20260203_placement_00_production/rhodozyme_00_5-atomized-bb-False_seq4/outputs/boltz_results_config/predictions/config/config_model_0.cif
80,47,4,3.5268,24,60.9,88.8,/data/fast/projects/protos/data/models/boltz2/20260203_placement_00_production/rhodozyme_00_47-atomized-bb-False_seq4/outputs/boltz_results_config/predictions/config/config_model_0.cif
81,9,2,3.5433,24,55.8,82.4,/data/fast/projects/protos/data/models/boltz2/20260203_placement_00_production/rhodozyme_00_9-atomized-bb-False_seq2/outputs/boltz_results_config/predictions/config/config_model_0.cif
82,19,5,3.5548,24,62.2,84.4,/data/fast/projects/protos/data/models/boltz2/20260203_placement_00_production/rhodozyme_00_19-atomized-bb-False_seq5/outputs/boltz_results_config/predictions/config/config_model_0.cif
83,19,7,3.5780,24,54.1,81.5,/data/fast/projects/protos/data/models/boltz2/20260203_placement_00_production/rhodozyme_00_19-atomized-bb-False_seq7/outputs/boltz_results_config/predictions/config/config_model_0.cif
84,47,6,3.5958,24,80.9,92.5,/data/fast/projects/protos/data/models/boltz2/20260203_placement_00_production/rhodozyme_00_47-atomized-bb-False_seq6/outputs/boltz_results_config/predictions/config/config_model_0.cif
85,19,6,3.5976,24,64.9,83.3,/data/fast/projects/protos/data/models/boltz2/20260203_placement_00_production/rhodozyme_00_19-atomized-bb-False_seq6/outputs/boltz_results_config/predictions/config/config_model_0.cif
86,29,0,3.6002,24,80.5,91.4,/data/fast/projects/protos/data/models/boltz2/20260203_placement_00_production/rhodozyme_00_29-atomized-bb-False_seq0/outputs/boltz_results_config/predictions/config/config_model_0.cif
87,9,0,3.6006,24,46.5,79.2,/data/fast/projects/protos/data/models/boltz2/20260203_placement_00_production/rhodozyme_00_9-atomized-bb-False_seq0/outputs/boltz_results_config/predictions/config/config_model_0.cif
88,41,7,3.6018,24,74.0,86.6,/data/fast/projects/protos/data/models/boltz2/20260203_placement_00_production/rhodozyme_00_41-atomized-bb-False_seq7/outputs/boltz_results_config/predictions/config/config_model_0.cif
89,9,1,3.6030,24,74.9,84.5,/data/fast/projects/protos/data/models/boltz2/20260203_placement_00_production/rhodozyme_00_9-atomized-bb-False_seq1/outputs/boltz_results_config/predictions/config/config_model_0.cif
90,20,5,3.6232,24,61.8,85.8,/data/fast/projects/protos/data/models/boltz2/20260203_placement_00_production/rhodozyme_00_20-atomized-bb-False_seq5/outputs/boltz_results_config/predictions/config/config_model_0.cif
91,1,1,3.6265,24,64.2,87.0,/data/fast/projects/protos/data/models/boltz2/20260203_placement_00_production/rhodozyme_00_1-atomized-bb-False_seq1/outputs/boltz_results_config/predictions/config/config_model_0.cif
92,9,7,3.6352,24,50.4,80.0,/data/fast/projects/protos/data/models/boltz2/20260203_placement_00_production/rhodozyme_00_9-atomized-bb-False_seq7/outputs/boltz_results_config/predictions/config/config_model_0.cif
93,46,7,3.6390,24,62.4,86.9,/data/fast/projects/protos/data/models/boltz2/20260203_placement_00_production/rhodozyme_00_46-atomized-bb-False_seq7/outputs/boltz_results_config/predictions/config/config_model_0.cif
94,14,3,3.6465,24,66.9,89.7,/data/fast/projects/protos/data/models/boltz2/20260203_placement_00_production/rhodozyme_00_14-atomized-bb-False_seq3/outputs/boltz_results_config/predictions/config/config_model_0.cif
95,12,2,3.6505,24,64.2,90.3,/data/fast/projects/protos/data/models/boltz2/20260203_placement_00_production/rhodozyme_00_12-atomized-bb-False_seq2/outputs/boltz_results_config/predictions/config/config_model_0.cif
96,26,6,3.6817,24,64.5,88.4,/data/fast/projects/protos/data/models/boltz2/20260203_placement_00_production/rhodozyme_00_26-atomized-bb-False_seq6/outputs/boltz_results_config/predictions/config/config_model_0.cif
97,20,3,3.6874,24,65.7,88.5,/data/fast/projects/protos/data/models/boltz2/20260203_placement_00_production/rhodozyme_00_20-atomized-bb-False_seq3/outputs/boltz_results_config/predictions/config/config_model_0.cif
98,6,5,3.7151,24,71.1,90.9,/data/fast/projects/protos/data/models/boltz2/20260203_placement_00_production/rhodozyme_00_6-atomized-bb-False_seq5/outputs/boltz_results_config/predictions/config/config_model_0.cif
99,22,3,3.7165,24,73.5,86.0,/data/fast/projects/protos/data/models/boltz2/20260203_placement_00_production/rhodozyme_00_22-atomized-bb-False_seq3/outputs/boltz_results_config/predictions/config/config_model_0.cif
100,33,0,3.7300,24,71.1,87.3,/data/fast/projects/protos/data/models/boltz2/20260203_placement_00_production/rhodozyme_00_33-atomized-bb-False_seq0/outputs/boltz_results_config/predictions/config/config_model_0.cif
101,6,3,3.7409,24,63.4,88.5,/data/fast/projects/protos/data/models/boltz2/20260203_placement_00_production/rhodozyme_00_6-atomized-bb-False_seq3/outputs/boltz_results_config/predictions/config/config_model_0.cif
102,32,6,3.7414,24,65.7,88.0,/data/fast/projects/protos/data/models/boltz2/20260203_placement_00_production/rhodozyme_00_32-atomized-bb-False_seq6/outputs/boltz_results_config/predictions/config/config_model_0.cif
103,15,6,3.7459,24,73.7,91.0,/data/fast/projects/protos/data/models/boltz2/20260203_placement_00_production/rhodozyme_00_15-atomized-bb-False_seq6/outputs/boltz_results_config/predictions/config/config_model_0.cif
104,5,0,3.7491,24,54.7,78.8,/data/fast/projects/protos/data/models/boltz2/20260203_placement_00_production/rhodozyme_00_5-atomized-bb-False_seq0/outputs/boltz_results_config/predictions/config/config_model_0.cif
105,33,2,3.7513,24,60.6,86.3,/data/fast/projects/protos/data/models/boltz2/20260203_placement_00_production/rhodozyme_00_33-atomized-bb-False_seq2/outputs/boltz_results_config/predictions/config/config_model_0.cif
106,37,4,3.7563,24,58.9,87.1,/data/fast/projects/protos/data/models/boltz2/20260203_placement_00_production/rhodozyme_00_37-atomized-bb-False_seq4/outputs/boltz_results_config/predictions/config/config_model_0.cif
107,29,5,3.7628,24,75.1,90.1,/data/fast/projects/protos/data/models/boltz2/20260203_placement_00_production/rhodozyme_00_29-atomized-bb-False_seq5/outputs/boltz_results_config/predictions/config/config_model_0.cif
108,20,7,3.7774,24,63.9,89.7,/data/fast/projects/protos/data/models/boltz2/20260203_placement_00_production/rhodozyme_00_20-atomized-bb-False_seq7/outputs/boltz_results_config/predictions/config/config_model_0.cif
109,45,0,3.8111,24,69.4,90.6,/data/fast/projects/protos/data/models/boltz2/20260203_placement_00_production/rhodozyme_00_45-atomized-bb-False_seq0/outputs/boltz_results_config/predictions/config/config_model_0.cif
110,5,1,3.8142,24,58.6,80.8,/data/fast/projects/protos/data/models/boltz2/20260203_placement_00_production/rhodozyme_00_5-atomized-bb-False_seq1/outputs/boltz_results_config/predictions/config/config_model_0.cif
111,48,0,3.8187,24,51.4,82.9,/data/fast/projects/protos/data/models/boltz2/20260203_placement_00_production/rhodozyme_00_48-atomized-bb-False_seq0/outputs/boltz_results_config/predictions/config/config_model_0.cif
112,6,0,3.8212,24,85.3,93.9,/data/fast/projects/protos/data/models/boltz2/20260203_placement_00_production/rhodozyme_00_6-atomized-bb-False_seq0/outputs/boltz_results_config/predictions/config/config_model_0.cif
113,18,0,3.8229,24,71.8,91.6,/data/fast/projects/protos/data/models/boltz2/20260203_placement_00_production/rhodozyme_00_18-atomized-bb-False_seq0/outputs/boltz_results_config/predictions/config/config_model_0.cif
114,10,1,3.8297,24,55.1,85.1,/data/fast/projects/protos/data/models/boltz2/20260203_placement_00_production/rhodozyme_00_10-atomized-bb-False_seq1/outputs/boltz_results_config/predictions/config/config_model_0.cif
115,42,7,3.8332,24,58.1,86.1,/data/fast/projects/protos/data/models/boltz2/20260203_placement_00_production/rhodozyme_00_42-atomized-bb-False_seq7/outputs/boltz_results_config/predictions/config/config_model_0.cif
116,25,4,3.8383,24,69.6,91.0,/data/fast/projects/protos/data/models/boltz2/20260203_placement_00_production/rhodozyme_00_25-atomized-bb-False_seq4/outputs/boltz_results_config/predictions/config/config_model_0.cif
117,14,5,3.8407,24,59.8,88.0,/data/fast/projects/protos/data/models/boltz2/20260203_placement_00_production/rhodozyme_00_14-atomized-bb-False_seq5/outputs/boltz_results_config/predictions/config/config_model_0.cif
118,22,1,3.8524,24,69.5,85.6,/data/fast/projects/protos/data/models/boltz2/20260203_placement_00_production/rhodozyme_00_22-atomized-bb-False_seq1/outputs/boltz_results_config/predictions/config/config_model_0.cif
119,8,2,3.8543,24,63.3,86.8,/data/fast/projects/protos/data/models/boltz2/20260203_placement_00_production/rhodozyme_00_8-atomized-bb-False_seq2/outputs/boltz_results_config/predictions/config/config_model_0.cif
120,17,7,3.8756,24,69.6,87.6,/data/fast/projects/protos/data/models/boltz2/20260203_placement_00_production/rhodozyme_00_17-atomized-bb-False_seq7/outputs/boltz_results_config/predictions/config/config_model_0.cif
121,41,3,3.8763,24,49.3,84.1,/data/fast/projects/protos/data/models/boltz2/20260203_placement_00_production/rhodozyme_00_41-atomized-bb-False_seq3/outputs/boltz_results_config/predictions/config/config_model_0.cif
122,21,5,3.8852,24,49.6,84.0,/data/fast/projects/protos/data/models/boltz2/20260203_placement_00_production/rhodozyme_00_21-atomized-bb-False_seq5/outputs/boltz_results_config/predictions/config/config_model_0.cif
123,33,3,3.8934,24,63.6,86.9,/data/fast/projects/protos/data/models/boltz2/20260203_placement_00_production/rhodozyme_00_33-atomized-bb-False_seq3/outputs/boltz_results_config/predictions/config/config_model_0.cif
124,11,0,3.9018,24,61.6,86.8,/data/fast/projects/protos/data/models/boltz2/20260203_placement_00_production/rhodozyme_00_11-atomized-bb-False_seq0/outputs/boltz_results_config/predictions/config/config_model_0.cif
125,13,6,3.9027,24,76.5,90.3,/data/fast/projects/protos/data/models/boltz2/20260203_placement_00_production/rhodozyme_00_13-atomized-bb-False_seq6/outputs/boltz_results_config/predictions/config/config_model_0.cif
126,24,6,3.9091,24,58.7,84.4,/data/fast/projects/protos/data/models/boltz2/20260203_placement_00_production/rhodozyme_00_24-atomized-bb-False_seq6/outputs/boltz_results_config/predictions/config/config_model_0.cif
127,1,5,3.9102,24,57.0,85.7,/data/fast/projects/protos/data/models/boltz2/20260203_placement_00_production/rhodozyme_00_1-atomized-bb-False_seq5/outputs/boltz_results_config/predictions/config/config_model_0.cif
128,12,0,3.9187,24,65.2,90.9,/data/fast/projects/protos/data/models/boltz2/20260203_placement_00_production/rhodozyme_00_12-atomized-bb-False_seq0/outputs/boltz_results_config/predictions/config/config_model_0.cif
129,5,3,3.9230,24,61.2,79.4,/data/fast/projects/protos/data/models/boltz2/20260203_placement_00_production/rhodozyme_00_5-atomized-bb-False_seq3/outputs/boltz_results_config/predictions/config/config_model_0.cif
130,22,4,3.9263,24,69.3,85.6,/data/fast/projects/protos/data/models/boltz2/20260203_placement_00_production/rhodozyme_00_22-atomized-bb-False_seq4/outputs/boltz_results_config/predictions/config/config_model_0.cif
131,46,0,3.9648,24,60.0,87.3,/data/fast/projects/protos/data/models/boltz2/20260203_placement_00_production/rhodozyme_00_46-atomized-bb-False_seq0/outputs/boltz_results_config/predictions/config/config_model_0.cif
132,28,0,3.9866,24,59.8,89.2,/data/fast/projects/protos/data/models/boltz2/20260203_placement_00_production/rhodozyme_00_28-atomized-bb-False_seq0/outputs/boltz_results_config/predictions/config/config_model_0.cif
133,11,7,3.9876,24,66.3,87.0,/data/fast/projects/protos/data/models/boltz2/20260203_placement_00_production/rhodozyme_00_11-atomized-bb-False_seq7/outputs/boltz_results_config/predictions/config/config_model_0.cif
134,22,5,4.0093,24,72.0,86.9,/data/fast/projects/protos/data/models/boltz2/20260203_placement_00_production/rhodozyme_00_22-atomized-bb-False_seq5/outputs/boltz_results_config/predictions/config/config_model_0.cif
135,25,2,4.0134,24,82.0,93.4,/data/fast/projects/protos/data/models/boltz2/20260203_placement_00_production/rhodozyme_00_25-atomized-bb-False_seq2/outputs/boltz_results_config/predictions/config/config_model_0.cif
136,21,6,4.0159,24,55.7,87.1,/data/fast/projects/protos/data/models/boltz2/20260203_placement_00_production/rhodozyme_00_21-atomized-bb-False_seq6/outputs/boltz_results_config/predictions/config/config_model_0.cif
137,17,6,4.0213,24,65.9,84.6,/data/fast/projects/protos/data/models/boltz2/20260203_placement_00_production/rhodozyme_00_17-atomized-bb-False_seq6/outputs/boltz_results_config/predictions/config/config_model_0.cif
138,40,3,4.0215,24,70.0,89.5,/data/fast/projects/protos/data/models/boltz2/20260203_placement_00_production/rhodozyme_00_40-atomized-bb-False_seq3/outputs/boltz_results_config/predictions/config/config_model_0.cif
139,17,4,4.0219,24,62.2,85.7,/data/fast/projects/protos/data/models/boltz2/20260203_placement_00_production/rhodozyme_00_17-atomized-bb-False_seq4/outputs/boltz_results_config/predictions/config/config_model_0.cif
140,15,5,4.0471,24,77.4,85.9,/data/fast/projects/protos/data/models/boltz2/20260203_placement_00_production/rhodozyme_00_15-atomized-bb-False_seq5/outputs/boltz_results_config/predictions/config/config_model_0.cif
141,6,7,4.0525,24,60.0,88.7,/data/fast/projects/protos/data/models/boltz2/20260203_placement_00_production/rhodozyme_00_6-atomized-bb-False_seq7/outputs/boltz_results_config/predictions/config/config_model_0.cif
142,8,3,4.0526,24,61.8,83.0,/data/fast/projects/protos/data/models/boltz2/20260203_placement_00_production/rhodozyme_00_8-atomized-bb-False_seq3/outputs/boltz_results_config/predictions/config/config_model_0.cif
143,41,6,4.0543,24,55.3,84.0,/data/fast/projects/protos/data/models/boltz2/20260203_placement_00_production/rhodozyme_00_41-atomized-bb-False_seq6/outputs/boltz_results_config/predictions/config/config_model_0.cif
144,21,0,4.0569,24,49.1,84.3,/data/fast/projects/protos/data/models/boltz2/20260203_placement_00_production/rhodozyme_00_21-atomized-bb-False_seq0/outputs/boltz_results_config/predictions/config/config_model_0.cif
145,36,0,4.0981,24,54.6,85.4,/data/fast/projects/protos/data/models/boltz2/20260203_placement_00_production/rhodozyme_00_36-atomized-bb-False_seq0/outputs/boltz_results_config/predictions/config/config_model_0.cif
146,17,5,4.1039,24,64.8,86.8,/data/fast/projects/protos/data/models/boltz2/20260203_placement_00_production/rhodozyme_00_17-atomized-bb-False_seq5/outputs/boltz_results_config/predictions/config/config_model_0.cif
147,18,3,4.1121,24,65.7,89.3,/data/fast/projects/protos/data/models/boltz2/20260203_placement_00_production/rhodozyme_00_18-atomized-bb-False_seq3/outputs/boltz_results_config/predictions/config/config_model_0.cif
148,13,2,4.1125,24,76.1,90.5,/data/fast/projects/protos/data/models/boltz2/20260203_placement_00_production/rhodozyme_00_13-atomized-bb-False_seq2/outputs/boltz_results_config/predictions/config/config_model_0.cif
149,48,3,4.1125,24,79.3,90.4,/data/fast/projects/protos/data/models/boltz2/20260203_placement_00_production/rhodozyme_00_48-atomized-bb-False_seq3/outputs/boltz_results_config/predictions/config/config_model_0.cif
150,20,0,4.1203,24,55.1,86.7,/data/fast/projects/protos/data/models/boltz2/20260203_placement_00_production/rhodozyme_00_20-atomized-bb-False_seq0/outputs/boltz_results_config/predictions/config/config_model_0.cif
151,10,3,4.1360,24,55.8,86.4,/data/fast/projects/protos/data/models/boltz2/20260203_placement_00_production/rhodozyme_00_10-atomized-bb-False_seq3/outputs/boltz_results_config/predictions/config/config_model_0.cif
152,7,4,4.1432,24,56.8,81.7,/data/fast/projects/protos/data/models/boltz2/20260203_placement_00_production/rhodozyme_00_7-atomized-bb-False_seq4/outputs/boltz_results_config/predictions/config/config_model_0.cif
153,44,3,4.1601,24,86.3,88.4,/data/fast/projects/protos/data/models/boltz2/20260203_placement_00_production/rhodozyme_00_44-atomized-bb-False_seq3/outputs/boltz_results_config/predictions/config/config_model_0.cif
154,1,4,4.1622,24,52.1,81.7,/data/fast/projects/protos/data/models/boltz2/20260203_placement_00_production/rhodozyme_00_1-atomized-bb-False_seq4/outputs/boltz_results_config/predictions/config/config_model_0.cif
155,45,3,4.1711,24,57.8,86.0,/data/fast/projects/protos/data/models/boltz2/20260203_placement_00_production/rhodozyme_00_45-atomized-bb-False_seq3/outputs/boltz_results_config/predictions/config/config_model_0.cif
156,43,1,4.1789,24,61.7,88.2,/data/fast/projects/protos/data/models/boltz2/20260203_placement_00_production/rhodozyme_00_43-atomized-bb-False_seq1/outputs/boltz_results_config/predictions/config/config_model_0.cif
157,17,1,4.1808,24,74.0,88.9,/data/fast/projects/protos/data/models/boltz2/20260203_placement_00_production/rhodozyme_00_17-atomized-bb-False_seq1/outputs/boltz_results_config/predictions/config/config_model_0.cif
158,44,2,4.1810,24,76.8,90.8,/data/fast/projects/protos/data/models/boltz2/20260203_placement_00_production/rhodozyme_00_44-atomized-bb-False_seq2/outputs/boltz_results_config/predictions/config/config_model_0.cif
159,14,1,4.1870,24,66.8,89.2,/data/fast/projects/protos/data/models/boltz2/20260203_placement_00_production/rhodozyme_00_14-atomized-bb-False_seq1/outputs/boltz_results_config/predictions/config/config_model_0.cif
160,25,5,4.1928,24,76.2,91.6,/data/fast/projects/protos/data/models/boltz2/20260203_placement_00_production/rhodozyme_00_25-atomized-bb-False_seq5/outputs/boltz_results_config/predictions/config/config_model_0.cif
161,44,5,4.2001,24,73.8,87.5,/data/fast/projects/protos/data/models/boltz2/20260203_placement_00_production/rhodozyme_00_44-atomized-bb-False_seq5/outputs/boltz_results_config/predictions/config/config_model_0.cif
162,48,4,4.2013,24,62.5,84.9,/data/fast/projects/protos/data/models/boltz2/20260203_placement_00_production/rhodozyme_00_48-atomized-bb-False_seq4/outputs/boltz_results_config/predictions/config/config_model_0.cif
163,47,1,4.2168,24,70.8,91.2,/data/fast/projects/protos/data/models/boltz2/20260203_placement_00_production/rhodozyme_00_47-atomized-bb-False_seq1/outputs/boltz_results_config/predictions/config/config_model_0.cif
164,15,1,4.2180,24,67.7,90.6,/data/fast/projects/protos/data/models/boltz2/20260203_placement_00_production/rhodozyme_00_15-atomized-bb-False_seq1/outputs/boltz_results_config/predictions/config/config_model_0.cif
165,38,3,4.2448,24,62.1,81.5,/data/fast/projects/protos/data/models/boltz2/20260203_placement_00_production/rhodozyme_00_38-atomized-bb-False_seq3/outputs/boltz_results_config/predictions/config/config_model_0.cif
166,15,7,4.2466,24,72.5,87.7,/data/fast/projects/protos/data/models/boltz2/20260203_placement_00_production/rhodozyme_00_15-atomized-bb-False_seq7/outputs/boltz_results_config/predictions/config/config_model_0.cif
167,22,2,4.2490,24,64.8,85.2,/data/fast/projects/protos/data/models/boltz2/20260203_placement_00_production/rhodozyme_00_22-atomized-bb-False_seq2/outputs/boltz_results_config/predictions/config/config_model_0.cif
168,10,6,4.2579,24,65.8,86.9,/data/fast/projects/protos/data/models/boltz2/20260203_placement_00_production/rhodozyme_00_10-atomized-bb-False_seq6/outputs/boltz_results_config/predictions/config/config_model_0.cif
169,25,0,4.2588,24,81.8,92.3,/data/fast/projects/protos/data/models/boltz2/20260203_placement_00_production/rhodozyme_00_25-atomized-bb-False_seq0/outputs/boltz_results_config/predictions/config/config_model_0.cif
170,43,3,4.2645,24,71.8,88.8,/data/fast/projects/protos/data/models/boltz2/20260203_placement_00_production/rhodozyme_00_43-atomized-bb-False_seq3/outputs/boltz_results_config/predictions/config/config_model_0.cif
171,29,1,4.2664,24,70.8,89.4,/data/fast/projects/protos/data/models/boltz2/20260203_placement_00_production/rhodozyme_00_29-atomized-bb-False_seq1/outputs/boltz_results_config/predictions/config/config_model_0.cif
172,47,2,4.2708,24,82.8,93.3,/data/fast/projects/protos/data/models/boltz2/20260203_placement_00_production/rhodozyme_00_47-atomized-bb-False_seq2/outputs/boltz_results_config/predictions/config/config_model_0.cif
173,18,6,4.2765,24,60.0,88.6,/data/fast/projects/protos/data/models/boltz2/20260203_placement_00_production/rhodozyme_00_18-atomized-bb-False_seq6/outputs/boltz_results_config/predictions/config/config_model_0.cif
174,44,7,4.2776,24,69.2,87.2,/data/fast/projects/protos/data/models/boltz2/20260203_placement_00_production/rhodozyme_00_44-atomized-bb-False_seq7/outputs/boltz_results_config/predictions/config/config_model_0.cif
175,35,0,4.2836,24,62.2,85.0,/data/fast/projects/protos/data/models/boltz2/20260203_placement_00_production/rhodozyme_00_35-atomized-bb-False_seq0/outputs/boltz_results_config/predictions/config/config_model_0.cif
176,36,1,4.2896,24,56.6,87.0,/data/fast/projects/protos/data/models/boltz2/20260203_placement_00_production/rhodozyme_00_36-atomized-bb-False_seq1/outputs/boltz_results_config/predictions/config/config_model_0.cif
177,5,2,4.2960,24,50.7,78.2,/data/fast/projects/protos/data/models/boltz2/20260203_placement_00_production/rhodozyme_00_5-atomized-bb-False_seq2/outputs/boltz_results_config/predictions/config/config_model_0.cif
178,20,1,4.3056,24,70.5,89.7,/data/fast/projects/protos/data/models/boltz2/20260203_placement_00_production/rhodozyme_00_20-atomized-bb-False_seq1/outputs/boltz_results_config/predictions/config/config_model_0.cif
179,13,1,4.3151,24,64.1,87.3,/data/fast/projects/protos/data/models/boltz2/20260203_placement_00_production/rhodozyme_00_13-atomized-bb-False_seq1/outputs/boltz_results_config/predictions/config/config_model_0.cif
180,32,3,4.3210,24,69.7,89.4,/data/fast/projects/protos/data/models/boltz2/20260203_placement_00_production/rhodozyme_00_32-atomized-bb-False_seq3/outputs/boltz_results_config/predictions/config/config_model_0.cif
181,29,2,4.3224,24,72.9,89.2,/data/fast/projects/protos/data/models/boltz2/20260203_placement_00_production/rhodozyme_00_29-atomized-bb-False_seq2/outputs/boltz_results_config/predictions/config/config_model_0.cif
182,7,5,4.3271,24,67.2,88.7,/data/fast/projects/protos/data/models/boltz2/20260203_placement_00_production/rhodozyme_00_7-atomized-bb-False_seq5/outputs/boltz_results_config/predictions/config/config_model_0.cif
183,21,7,4.3407,24,45.8,86.0,/data/fast/projects/protos/data/models/boltz2/20260203_placement_00_production/rhodozyme_00_21-atomized-bb-False_seq7/outputs/boltz_results_config/predictions/config/config_model_0.cif
184,41,2,4.3462,24,46.8,81.6,/data/fast/projects/protos/data/models/boltz2/20260203_placement_00_production/rhodozyme_00_41-atomized-bb-False_seq2/outputs/boltz_results_config/predictions/config/config_model_0.cif
185,15,4,4.3475,24,70.9,88.3,/data/fast/projects/protos/data/models/boltz2/20260203_placement_00_production/rhodozyme_00_15-atomized-bb-False_seq4/outputs/boltz_results_config/predictions/config/config_model_0.cif
186,32,7,4.3521,24,66.3,88.1,/data/fast/projects/protos/data/models/boltz2/20260203_placement_00_production/rhodozyme_00_32-atomized-bb-False_seq7/outputs/boltz_results_config/predictions/config/config_model_0.cif
187,15,0,4.3779,24,74.1,90.0,/data/fast/projects/protos/data/models/boltz2/20260203_placement_00_production/rhodozyme_00_15-atomized-bb-False_seq0/outputs/boltz_results_config/predictions/config/config_model_0.cif
188,38,5,4.3784,24,62.0,84.7,/data/fast/projects/protos/data/models/boltz2/20260203_placement_00_production/rhodozyme_00_38-atomized-bb-False_seq5/outputs/boltz_results_config/predictions/config/config_model_0.cif
189,28,5,4.3990,24,73.3,90.8,/data/fast/projects/protos/data/models/boltz2/20260203_placement_00_production/rhodozyme_00_28-atomized-bb-False_seq5/outputs/boltz_results_config/predictions/config/config_model_0.cif
190,32,1,4.4031,24,67.4,88.0,/data/fast/projects/protos/data/models/boltz2/20260203_placement_00_production/rhodozyme_00_32-atomized-bb-False_seq1/outputs/boltz_results_config/predictions/config/config_model_0.cif
191,8,0,4.4092,24,57.2,83.5,/data/fast/projects/protos/data/models/boltz2/20260203_placement_00_production/rhodozyme_00_8-atomized-bb-False_seq0/outputs/boltz_results_config/predictions/config/config_model_0.cif
192,49,6,4.4348,24,66.8,85.4,/data/fast/projects/protos/data/models/boltz2/20260203_placement_00_production/rhodozyme_00_49-atomized-bb-False_seq6/outputs/boltz_results_config/predictions/config/config_model_0.cif
193,16,1,4.4367,24,63.7,90.2,/data/fast/projects/protos/data/models/boltz2/20260203_placement_00_production/rhodozyme_00_16-atomized-bb-False_seq1/outputs/boltz_results_config/predictions/config/config_model_0.cif
194,31,1,4.4369,24,62.8,89.2,/data/fast/projects/protos/data/models/boltz2/20260203_placement_00_production/rhodozyme_00_31-atomized-bb-False_seq1/outputs/boltz_results_config/predictions/config/config_model_0.cif
195,26,5,4.4380,24,58.1,83.9,/data/fast/projects/protos/data/models/boltz2/20260203_placement_00_production/rhodozyme_00_26-atomized-bb-False_seq5/outputs/boltz_results_config/predictions/config/config_model_0.cif
196,18,5,4.4471,24,71.0,89.2,/data/fast/projects/protos/data/models/boltz2/20260203_placement_00_production/rhodozyme_00_18-atomized-bb-False_seq5/outputs/boltz_results_config/predictions/config/config_model_0.cif
197,30,6,4.4548,24,55.5,85.7,/data/fast/projects/protos/data/models/boltz2/20260203_placement_00_production/rhodozyme_00_30-atomized-bb-False_seq6/outputs/boltz_results_config/predictions/config/config_model_0.cif
198,32,0,4.4782,24,70.5,89.5,/data/fast/projects/protos/data/models/boltz2/20260203_placement_00_production/rhodozyme_00_32-atomized-bb-False_seq0/outputs/boltz_results_config/predictions/config/config_model_0.cif
199,20,2,4.4840,24,56.8,86.8,/data/fast/projects/protos/data/models/boltz2/20260203_placement_00_production/rhodozyme_00_20-atomized-bb-False_seq2/outputs/boltz_results_config/predictions/config/config_model_0.cif
200,17,0,4.4866,24,66.4,89.7,/data/fast/projects/protos/data/models/boltz2/20260203_placement_00_production/rhodozyme_00_17-atomized-bb-False_seq0/outputs/boltz_results_config/predictions/config/config_model_0.cif
201,26,7,4.4889,24,59.8,87.1,/data/fast/projects/protos/data/models/boltz2/20260203_placement_00_production/rhodozyme_00_26-atomized-bb-False_seq7/outputs/boltz_results_config/predictions/config/config_model_0.cif
202,6,4,4.5008,24,70.4,90.7,/data/fast/projects/protos/data/models/boltz2/20260203_placement_00_production/rhodozyme_00_6-atomized-bb-False_seq4/outputs/boltz_results_config/predictions/config/config_model_0.cif
203,32,5,4.5076,24,68.9,89.6,/data/fast/projects/protos/data/models/boltz2/20260203_placement_00_production/rhodozyme_00_32-atomized-bb-False_seq5/outputs/boltz_results_config/predictions/config/config_model_0.cif
204,16,6,4.5231,24,75.8,92.5,/data/fast/projects/protos/data/models/boltz2/20260203_placement_00_production/rhodozyme_00_16-atomized-bb-False_seq6/outputs/boltz_results_config/predictions/config/config_model_0.cif
205,18,4,4.5275,24,69.9,91.0,/data/fast/projects/protos/data/models/boltz2/20260203_placement_00_production/rhodozyme_00_18-atomized-bb-False_seq4/outputs/boltz_results_config/predictions/config/config_model_0.cif
206,37,6,4.5322,24,55.6,84.1,/data/fast/projects/protos/data/models/boltz2/20260203_placement_00_production/rhodozyme_00_37-atomized-bb-False_seq6/outputs/boltz_results_config/predictions/config/config_model_0.cif
207,19,4,4.5337,24,66.3,85.1,/data/fast/projects/protos/data/models/boltz2/20260203_placement_00_production/rhodozyme_00_19-atomized-bb-False_seq4/outputs/boltz_results_config/predictions/config/config_model_0.cif
208,24,4,4.5420,24,63.3,86.3,/data/fast/projects/protos/data/models/boltz2/20260203_placement_00_production/rhodozyme_00_24-atomized-bb-False_seq4/outputs/boltz_results_config/predictions/config/config_model_0.cif
209,49,0,4.5454,24,56.2,85.9,/data/fast/projects/protos/data/models/boltz2/20260203_placement_00_production/rhodozyme_00_49-atomized-bb-False_seq0/outputs/boltz_results_config/predictions/config/config_model_0.cif
210,38,1,4.5551,24,63.3,83.5,/data/fast/projects/protos/data/models/boltz2/20260203_placement_00_production/rhodozyme_00_38-atomized-bb-False_seq1/outputs/boltz_results_config/predictions/config/config_model_0.cif
211,8,4,4.5588,24,54.3,82.6,/data/fast/projects/protos/data/models/boltz2/20260203_placement_00_production/rhodozyme_00_8-atomized-bb-False_seq4/outputs/boltz_results_config/predictions/config/config_model_0.cif
212,32,4,4.5913,24,67.5,86.6,/data/fast/projects/protos/data/models/boltz2/20260203_placement_00_production/rhodozyme_00_32-atomized-bb-False_seq4/outputs/boltz_results_config/predictions/config/config_model_0.cif
213,13,4,4.6020,24,69.1,89.7,/data/fast/projects/protos/data/models/boltz2/20260203_placement_00_production/rhodozyme_00_13-atomized-bb-False_seq4/outputs/boltz_results_config/predictions/config/config_model_0.cif
214,30,0,4.6159,24,53.3,86.1,/data/fast/projects/protos/data/models/boltz2/20260203_placement_00_production/rhodozyme_00_30-atomized-bb-False_seq0/outputs/boltz_results_config/predictions/config/config_model_0.cif
215,48,2,4.6329,24,52.7,84.6,/data/fast/projects/protos/data/models/boltz2/20260203_placement_00_production/rhodozyme_00_48-atomized-bb-False_seq2/outputs/boltz_results_config/predictions/config/config_model_0.cif
216,45,2,4.6478,24,59.2,85.8,/data/fast/projects/protos/data/models/boltz2/20260203_placement_00_production/rhodozyme_00_45-atomized-bb-False_seq2/outputs/boltz_results_config/predictions/config/config_model_0.cif
217,45,6,4.6485,24,66.1,88.4,/data/fast/projects/protos/data/models/boltz2/20260203_placement_00_production/rhodozyme_00_45-atomized-bb-False_seq6/outputs/boltz_results_config/predictions/config/config_model_0.cif
218,15,2,4.6491,24,68.9,88.4,/data/fast/projects/protos/data/models/boltz2/20260203_placement_00_production/rhodozyme_00_15-atomized-bb-False_seq2/outputs/boltz_results_config/predictions/config/config_model_0.cif
219,26,4,4.6498,24,56.7,87.5,/data/fast/projects/protos/data/models/boltz2/20260203_placement_00_production/rhodozyme_00_26-atomized-bb-False_seq4/outputs/boltz_results_config/predictions/config/config_model_0.cif
220,1,7,4.6647,24,58.3,85.7,/data/fast/projects/protos/data/models/boltz2/20260203_placement_00_production/rhodozyme_00_1-atomized-bb-False_seq7/outputs/boltz_results_config/predictions/config/config_model_0.cif
221,40,1,4.6683,24,52.8,86.5,/data/fast/projects/protos/data/models/boltz2/20260203_placement_00_production/rhodozyme_00_40-atomized-bb-False_seq1/outputs/boltz_results_config/predictions/config/config_model_0.cif
222,28,6,4.6688,24,57.2,88.7,/data/fast/projects/protos/data/models/boltz2/20260203_placement_00_production/rhodozyme_00_28-atomized-bb-False_seq6/outputs/boltz_results_config/predictions/config/config_model_0.cif
223,5,7,4.6837,24,53.8,81.8,/data/fast/projects/protos/data/models/boltz2/20260203_placement_00_production/rhodozyme_00_5-atomized-bb-False_seq7/outputs/boltz_results_config/predictions/config/config_model_0.cif
224,45,4,4.6871,24,57.0,86.4,/data/fast/projects/protos/data/models/boltz2/20260203_placement_00_production/rhodozyme_00_45-atomized-bb-False_seq4/outputs/boltz_results_config/predictions/config/config_model_0.cif
225,45,1,4.6893,24,65.0,88.0,/data/fast/projects/protos/data/models/boltz2/20260203_placement_00_production/rhodozyme_00_45-atomized-bb-False_seq1/outputs/boltz_results_config/predictions/config/config_model_0.cif
226,19,3,4.6945,24,52.6,83.6,/data/fast/projects/protos/data/models/boltz2/20260203_placement_00_production/rhodozyme_00_19-atomized-bb-False_seq3/outputs/boltz_results_config/predictions/config/config_model_0.cif
227,21,4,4.7099,24,63.0,86.4,/data/fast/projects/protos/data/models/boltz2/20260203_placement_00_production/rhodozyme_00_21-atomized-bb-False_seq4/outputs/boltz_results_config/predictions/config/config_model_0.cif
228,47,5,4.7123,24,70.8,90.9,/data/fast/projects/protos/data/models/boltz2/20260203_placement_00_production/rhodozyme_00_47-atomized-bb-False_seq5/outputs/boltz_results_config/predictions/config/config_model_0.cif
229,7,7,4.7303,24,62.4,81.4,/data/fast/projects/protos/data/models/boltz2/20260203_placement_00_production/rhodozyme_00_7-atomized-bb-False_seq7/outputs/boltz_results_config/predictions/config/config_model_0.cif
230,18,2,4.7388,24,73.2,89.6,/data/fast/projects/protos/data/models/boltz2/20260203_placement_00_production/rhodozyme_00_18-atomized-bb-False_seq2/outputs/boltz_results_config/predictions/config/config_model_0.cif
231,20,4,4.7931,24,60.2,87.5,/data/fast/projects/protos/data/models/boltz2/20260203_placement_00_production/rhodozyme_00_20-atomized-bb-False_seq4/outputs/boltz_results_config/predictions/config/config_model_0.cif
232,31,3,4.8143,24,56.9,85.2,/data/fast/projects/protos/data/models/boltz2/20260203_placement_00_production/rhodozyme_00_31-atomized-bb-False_seq3/outputs/boltz_results_config/predictions/config/config_model_0.cif
233,46,2,4.8252,24,61.1,87.6,/data/fast/projects/protos/data/models/boltz2/20260203_placement_00_production/rhodozyme_00_46-atomized-bb-False_seq2/outputs/boltz_results_config/predictions/config/config_model_0.cif
234,17,3,4.8560,24,60.5,86.7,/data/fast/projects/protos/data/models/boltz2/20260203_placement_00_production/rhodozyme_00_17-atomized-bb-False_seq3/outputs/boltz_results_config/predictions/config/config_model_0.cif
235,5,6,4.8567,24,58.4,81.9,/data/fast/projects/protos/data/models/boltz2/20260203_placement_00_production/rhodozyme_00_5-atomized-bb-False_seq6/outputs/boltz_results_config/predictions/config/config_model_0.cif
236,26,3,4.8579,24,67.0,86.4,/data/fast/projects/protos/data/models/boltz2/20260203_placement_00_production/rhodozyme_00_26-atomized-bb-False_seq3/outputs/boltz_results_config/predictions/config/config_model_0.cif
237,35,2,4.8606,24,65.6,89.0,/data/fast/projects/protos/data/models/boltz2/20260203_placement_00_production/rhodozyme_00_35-atomized-bb-False_seq2/outputs/boltz_results_config/predictions/config/config_model_0.cif
238,46,3,4.8622,24,66.3,88.9,/data/fast/projects/protos/data/models/boltz2/20260203_placement_00_production/rhodozyme_00_46-atomized-bb-False_seq3/outputs/boltz_results_config/predictions/config/config_model_0.cif
239,48,1,4.8795,24,57.6,85.5,/data/fast/projects/protos/data/models/boltz2/20260203_placement_00_production/rhodozyme_00_48-atomized-bb-False_seq1/outputs/boltz_results_config/predictions/config/config_model_0.cif
240,16,4,4.8904,24,51.4,85.3,/data/fast/projects/protos/data/models/boltz2/20260203_placement_00_production/rhodozyme_00_16-atomized-bb-False_seq4/outputs/boltz_results_config/predictions/config/config_model_0.cif
241,43,2,4.9142,24,64.2,90.3,/data/fast/projects/protos/data/models/boltz2/20260203_placement_00_production/rhodozyme_00_43-atomized-bb-False_seq2/outputs/boltz_results_config/predictions/config/config_model_0.cif
242,26,0,4.9475,24,65.6,88.6,/data/fast/projects/protos/data/models/boltz2/20260203_placement_00_production/rhodozyme_00_26-atomized-bb-False_seq0/outputs/boltz_results_config/predictions/config/config_model_0.cif
243,21,2,4.9517,24,58.8,85.8,/data/fast/projects/protos/data/models/boltz2/20260203_placement_00_production/rhodozyme_00_21-atomized-bb-False_seq2/outputs/boltz_results_config/predictions/config/config_model_0.cif
244,35,3,4.9705,24,66.6,89.4,/data/fast/projects/protos/data/models/boltz2/20260203_placement_00_production/rhodozyme_00_35-atomized-bb-False_seq3/outputs/boltz_results_config/predictions/config/config_model_0.cif
245,47,0,4.9713,24,61.2,91.0,/data/fast/projects/protos/data/models/boltz2/20260203_placement_00_production/rhodozyme_00_47-atomized-bb-False_seq0/outputs/boltz_results_config/predictions/config/config_model_0.cif
246,13,0,4.9799,24,73.8,90.0,/data/fast/projects/protos/data/models/boltz2/20260203_placement_00_production/rhodozyme_00_13-atomized-bb-False_seq0/outputs/boltz_results_config/predictions/config/config_model_0.cif
247,46,4,4.9808,24,57.4,84.1,/data/fast/projects/protos/data/models/boltz2/20260203_placement_00_production/rhodozyme_00_46-atomized-bb-False_seq4/outputs/boltz_results_config/predictions/config/config_model_0.cif
248,21,3,5.0277,24,53.9,86.1,/data/fast/projects/protos/data/models/boltz2/20260203_placement_00_production/rhodozyme_00_21-atomized-bb-False_seq3/outputs/boltz_results_config/predictions/config/config_model_0.cif
249,46,6,5.0367,24,68.3,88.2,/data/fast/projects/protos/data/models/boltz2/20260203_placement_00_production/rhodozyme_00_46-atomized-bb-False_seq6/outputs/boltz_results_config/predictions/config/config_model_0.cif
250,38,7,5.0388,24,53.9,82.0,/data/fast/projects/protos/data/models/boltz2/20260203_placement_00_production/rhodozyme_00_38-atomized-bb-False_seq7/outputs/boltz_results_config/predictions/config/config_model_0.cif
251,25,7,5.0533,24,73.8,90.0,/data/fast/projects/protos/data/models/boltz2/20260203_placement_00_production/rhodozyme_00_25-atomized-bb-False_seq7/outputs/boltz_results_config/predictions/config/config_model_0.cif
252,5,5,5.0658,24,50.6,78.6,/data/fast/projects/protos/data/models/boltz2/20260203_placement_00_production/rhodozyme_00_5-atomized-bb-False_seq5/outputs/boltz_results_config/predictions/config/config_model_0.cif
253,48,6,5.0662,24,77.6,90.5,/data/fast/projects/protos/data/models/boltz2/20260203_placement_00_production/rhodozyme_00_48-atomized-bb-False_seq6/outputs/boltz_results_config/predictions/config/config_model_0.cif
254,29,4,5.0663,24,62.7,85.7,/data/fast/projects/protos/data/models/boltz2/20260203_placement_00_production/rhodozyme_00_29-atomized-bb-False_seq4/outputs/boltz_results_config/predictions/config/config_model_0.cif
255,12,1,5.0751,24,68.5,90.5,/data/fast/projects/protos/data/models/boltz2/20260203_placement_00_production/rhodozyme_00_12-atomized-bb-False_seq1/outputs/boltz_results_config/predictions/config/config_model_0.cif
256,15,3,5.0922,24,81.7,91.7,/data/fast/projects/protos/data/models/boltz2/20260203_placement_00_production/rhodozyme_00_15-atomized-bb-False_seq3/outputs/boltz_results_config/predictions/config/config_model_0.cif
257,10,5,5.1047,24,49.8,86.0,/data/fast/projects/protos/data/models/boltz2/20260203_placement_00_production/rhodozyme_00_10-atomized-bb-False_seq5/outputs/boltz_results_config/predictions/config/config_model_0.cif
258,43,6,5.1129,24,58.8,87.0,/data/fast/projects/protos/data/models/boltz2/20260203_placement_00_production/rhodozyme_00_43-atomized-bb-False_seq6/outputs/boltz_results_config/predictions/config/config_model_0.cif
259,10,0,5.1209,24,61.3,89.7,/data/fast/projects/protos/data/models/boltz2/20260203_placement_00_production/rhodozyme_00_10-atomized-bb-False_seq0/outputs/boltz_results_config/predictions/config/config_model_0.cif
260,9,3,5.1268,24,51.9,84.1,/data/fast/projects/protos/data/models/boltz2/20260203_placement_00_production/rhodozyme_00_9-atomized-bb-False_seq3/outputs/boltz_results_config/predictions/config/config_model_0.cif
261,44,1,5.1848,24,73.4,90.8,/data/fast/projects/protos/data/models/boltz2/20260203_placement_00_production/rhodozyme_00_44-atomized-bb-False_seq1/outputs/boltz_results_config/predictions/config/config_model_0.cif
262,17,2,5.2095,24,60.2,85.3,/data/fast/projects/protos/data/models/boltz2/20260203_placement_00_production/rhodozyme_00_17-atomized-bb-False_seq2/outputs/boltz_results_config/predictions/config/config_model_0.cif
263,30,2,5.2105,24,50.3,84.0,/data/fast/projects/protos/data/models/boltz2/20260203_placement_00_production/rhodozyme_00_30-atomized-bb-False_seq2/outputs/boltz_results_config/predictions/config/config_model_0.cif
264,33,6,5.2212,24,67.0,87.3,/data/fast/projects/protos/data/models/boltz2/20260203_placement_00_production/rhodozyme_00_33-atomized-bb-False_seq6/outputs/boltz_results_config/predictions/config/config_model_0.cif
265,11,6,5.2559,24,69.7,87.0,/data/fast/projects/protos/data/models/boltz2/20260203_placement_00_production/rhodozyme_00_11-atomized-bb-False_seq6/outputs/boltz_results_config/predictions/config/config_model_0.cif
266,35,6,5.3231,24,53.3,85.8,/data/fast/projects/protos/data/models/boltz2/20260203_placement_00_production/rhodozyme_00_35-atomized-bb-False_seq6/outputs/boltz_results_config/predictions/config/config_model_0.cif
267,40,5,5.3326,24,72.6,90.1,/data/fast/projects/protos/data/models/boltz2/20260203_placement_00_production/rhodozyme_00_40-atomized-bb-False_seq5/outputs/boltz_results_config/predictions/config/config_model_0.cif
268,42,5,5.3590,24,53.4,87.8,/data/fast/projects/protos/data/models/boltz2/20260203_placement_00_production/rhodozyme_00_42-atomized-bb-False_seq5/outputs/boltz_results_config/predictions/config/config_model_0.cif
269,35,4,5.3750,24,69.3,89.2,/data/fast/projects/protos/data/models/boltz2/20260203_placement_00_production/rhodozyme_00_35-atomized-bb-False_seq4/outputs/boltz_results_config/predictions/config/config_model_0.cif
270,49,7,5.3867,24,64.4,88.1,/data/fast/projects/protos/data/models/boltz2/20260203_placement_00_production/rhodozyme_00_49-atomized-bb-False_seq7/outputs/boltz_results_config/predictions/config/config_model_0.cif
271,12,3,5.4289,24,67.6,91.4,/data/fast/projects/protos/data/models/boltz2/20260203_placement_00_production/rhodozyme_00_12-atomized-bb-False_seq3/outputs/boltz_results_config/predictions/config/config_model_0.cif
272,35,1,5.4646,24,56.1,86.9,/data/fast/projects/protos/data/models/boltz2/20260203_placement_00_production/rhodozyme_00_35-atomized-bb-False_seq1/outputs/boltz_results_config/predictions/config/config_model_0.cif
273,24,3,5.5006,24,40.2,85.9,/data/fast/projects/protos/data/models/boltz2/20260203_placement_00_production/rhodozyme_00_24-atomized-bb-False_seq3/outputs/boltz_results_config/predictions/config/config_model_0.cif
274,49,2,5.5061,24,71.3,90.3,/data/fast/projects/protos/data/models/boltz2/20260203_placement_00_production/rhodozyme_00_49-atomized-bb-False_seq2/outputs/boltz_results_config/predictions/config/config_model_0.cif
275,48,5,5.6307,24,61.7,82.7,/data/fast/projects/protos/data/models/boltz2/20260203_placement_00_production/rhodozyme_00_48-atomized-bb-False_seq5/outputs/boltz_results_config/predictions/config/config_model_0.cif
276,41,4,5.6371,24,48.3,81.2,/data/fast/projects/protos/data/models/boltz2/20260203_placement_00_production/rhodozyme_00_41-atomized-bb-False_seq4/outputs/boltz_results_config/predictions/config/config_model_0.cif
277,18,1,5.6664,24,65.4,87.8,/data/fast/projects/protos/data/models/boltz2/20260203_placement_00_production/rhodozyme_00_18-atomized-bb-False_seq1/outputs/boltz_results_config/predictions/config/config_model_0.cif
278,35,7,5.6681,24,57.7,87.6,/data/fast/projects/protos/data/models/boltz2/20260203_placement_00_production/rhodozyme_00_35-atomized-bb-False_seq7/outputs/boltz_results_config/predictions/config/config_model_0.cif
279,11,5,5.6741,24,57.0,82.8,/data/fast/projects/protos/data/models/boltz2/20260203_placement_00_production/rhodozyme_00_11-atomized-bb-False_seq5/outputs/boltz_results_config/predictions/config/config_model_0.cif
280,31,5,5.6995,24,51.9,87.1,/data/fast/projects/protos/data/models/boltz2/20260203_placement_00_production/rhodozyme_00_31-atomized-bb-False_seq5/outputs/boltz_results_config/predictions/config/config_model_0.cif
281,35,5,5.7462,24,59.9,85.7,/data/fast/projects/protos/data/models/boltz2/20260203_placement_00_production/rhodozyme_00_35-atomized-bb-False_seq5/outputs/boltz_results_config/predictions/config/config_model_0.cif
282,29,3,5.7880,24,72.7,91.5,/data/fast/projects/protos/data/models/boltz2/20260203_placement_00_production/rhodozyme_00_29-atomized-bb-False_seq3/outputs/boltz_results_config/predictions/config/config_model_0.cif
283,30,4,5.8011,24,50.5,86.2,/data/fast/projects/protos/data/models/boltz2/20260203_placement_00_production/rhodozyme_00_30-atomized-bb-False_seq4/outputs/boltz_results_config/predictions/config/config_model_0.cif
284,33,7,5.9615,24,42.2,82.4,/data/fast/projects/protos/data/models/boltz2/20260203_placement_00_production/rhodozyme_00_33-atomized-bb-False_seq7/outputs/boltz_results_config/predictions/config/config_model_0.cif
285,24,7,5.9768,24,42.1,82.1,/data/fast/projects/protos/data/models/boltz2/20260203_placement_00_production/rhodozyme_00_24-atomized-bb-False_seq7/outputs/boltz_results_config/predictions/config/config_model_0.cif
286,30,7,5.9879,24,65.9,90.9,/data/fast/projects/protos/data/models/boltz2/20260203_placement_00_production/rhodozyme_00_30-atomized-bb-False_seq7/outputs/boltz_results_config/predictions/config/config_model_0.cif
287,24,0,5.9889,24,48.7,84.3,/data/fast/projects/protos/data/models/boltz2/20260203_placement_00_production/rhodozyme_00_24-atomized-bb-False_seq0/outputs/boltz_results_config/predictions/config/config_model_0.cif
288,31,7,6.0180,24,67.7,90.9,/data/fast/projects/protos/data/models/boltz2/20260203_placement_00_production/rhodozyme_00_31-atomized-bb-False_seq7/outputs/boltz_results_config/predictions/config/config_model_0.cif
289,8,1,6.0617,24,53.0,83.4,/data/fast/projects/protos/data/models/boltz2/20260203_placement_00_production/rhodozyme_00_8-atomized-bb-False_seq1/outputs/boltz_results_config/predictions/config/config_model_0.cif
290,38,4,6.1016,24,69.6,85.8,/data/fast/projects/protos/data/models/boltz2/20260203_placement_00_production/rhodozyme_00_38-atomized-bb-False_seq4/outputs/boltz_results_config/predictions/config/config_model_0.cif
291,46,1,6.2228,24,55.0,84.4,/data/fast/projects/protos/data/models/boltz2/20260203_placement_00_production/rhodozyme_00_46-atomized-bb-False_seq1/outputs/boltz_results_config/predictions/config/config_model_0.cif
292,38,0,6.2254,24,67.0,82.4,/data/fast/projects/protos/data/models/boltz2/20260203_placement_00_production/rhodozyme_00_38-atomized-bb-False_seq0/outputs/boltz_results_config/predictions/config/config_model_0.cif
293,24,1,6.2435,24,53.0,87.0,/data/fast/projects/protos/data/models/boltz2/20260203_placement_00_production/rhodozyme_00_24-atomized-bb-False_seq1/outputs/boltz_results_config/predictions/config/config_model_0.cif
294,26,1,6.2582,24,64.3,85.2,/data/fast/projects/protos/data/models/boltz2/20260203_placement_00_production/rhodozyme_00_26-atomized-bb-False_seq1/outputs/boltz_results_config/predictions/config/config_model_0.cif
295,31,0,6.2592,24,49.8,87.2,/data/fast/projects/protos/data/models/boltz2/20260203_placement_00_production/rhodozyme_00_31-atomized-bb-False_seq0/outputs/boltz_results_config/predictions/config/config_model_0.cif
296,33,5,6.2826,24,56.3,85.9,/data/fast/projects/protos/data/models/boltz2/20260203_placement_00_production/rhodozyme_00_33-atomized-bb-False_seq5/outputs/boltz_results_config/predictions/config/config_model_0.cif
297,30,1,6.3024,24,50.7,86.5,/data/fast/projects/protos/data/models/boltz2/20260203_placement_00_production/rhodozyme_00_30-atomized-bb-False_seq1/outputs/boltz_results_config/predictions/config/config_model_0.cif
298,24,5,6.3132,24,48.3,82.6,/data/fast/projects/protos/data/models/boltz2/20260203_placement_00_production/rhodozyme_00_24-atomized-bb-False_seq5/outputs/boltz_results_config/predictions/config/config_model_0.cif
299,32,2,6.4006,24,53.6,83.1,/data/fast/projects/protos/data/models/boltz2/20260203_placement_00_production/rhodozyme_00_32-atomized-bb-False_seq2/outputs/boltz_results_config/predictions/config/config_model_0.cif
300,48,7,6.6917,24,61.2,88.7,/data/fast/projects/protos/data/models/boltz2/20260203_placement_00_production/rhodozyme_00_48-atomized-bb-False_seq7/outputs/boltz_results_config/predictions/config/config_model_0.cif
301,24,2,6.8306,24,47.1,81.8,/data/fast/projects/protos/data/models/boltz2/20260203_placement_00_production/rhodozyme_00_24-atomized-bb-False_seq2/outputs/boltz_results_config/predictions/config/config_model_0.cif
302,43,7,6.9393,24,47.3,82.9,/data/fast/projects/protos/data/models/boltz2/20260203_placement_00_production/rhodozyme_00_43-atomized-bb-False_seq7/outputs/boltz_results_config/predictions/config/config_model_0.cif
303,10,2,6.9768,24,58.7,87.3,/data/fast/projects/protos/data/models/boltz2/20260203_placement_00_production/rhodozyme_00_10-atomized-bb-False_seq2/outputs/boltz_results_config/predictions/config/config_model_0.cif
304,1,3,7.1540,24,53.2,83.4,/data/fast/projects/protos/data/models/boltz2/20260203_placement_00_production/rhodozyme_00_1-atomized-bb-False_seq3/outputs/boltz_results_config/predictions/config/config_model_0.cif
305,37,5,7.1629,24,55.9,84.9,/data/fast/projects/protos/data/models/boltz2/20260203_placement_00_production/rhodozyme_00_37-atomized-bb-False_seq5/outputs/boltz_results_config/predictions/config/config_model_0.cif
306,31,6,7.6779,24,49.3,87.9,/data/fast/projects/protos/data/models/boltz2/20260203_placement_00_production/rhodozyme_00_31-atomized-bb-False_seq6/outputs/boltz_results_config/predictions/config/config_model_0.cif
307,47,3,9.9234,24,57.9,89.5,/data/fast/projects/protos/data/models/boltz2/20260203_placement_00_production/rhodozyme_00_47-atomized-bb-False_seq3/outputs/boltz_results_config/predictions/config/config_model_0.cif
