property_entry_id,entity_name,scope,opsin_type,species,lambda_max,lambda_max_source,chromophore,uniprot_id
,RHO_BOVIN,"[{'format': 'sequence', 'name': 'RHO_BOVIN'}]",rod,Bovine,500.0,Wald & Brown 1953,11-cis-retinal,P02699
,RHO_HUMAN,"[{'format': 'sequence', 'name': 'RHO_HUMAN'}]",rod,Human,498.0,Bowmaker & Dartnall 1980,11-cis-retinal,P08100
,RHO_MOUSE,"[{'format': 'sequence', 'name': 'RHO_MOUSE'}]",rod,Mouse,498.0,Yokoyama 2000,11-cis-retinal,P15409
,RHO_CHICK,"[{'format': 'sequence', 'name': 'RHO_CHICK'}]",rod,Chicken,503.0,Yokoyama 2000,11-cis-retinal,P22328
,OPSR_HUMAN,"[{'format': 'sequence', 'name': 'OPSR_HUMAN'}]",cone_L,Human,560.0,Merbs & Nathans 1992,11-cis-retinal,P04000
,OPSG_HUMAN,"[{'format': 'sequence', 'name': 'OPSG_HUMAN'}]",cone_M,Human,530.0,Merbs & Nathans 1992,11-cis-retinal,P04001
,OPSB_HUMAN,"[{'format': 'sequence', 'name': 'OPSB_HUMAN'}]",cone_S,Human,420.0,Merbs & Nathans 1992,11-cis-retinal,P03999
,OPSB_MOUSE,"[{'format': 'sequence', 'name': 'OPSB_MOUSE'}]",cone_S,Mouse,360.0,Yokoyama 2000,11-cis-retinal,P51491
,OPN4_HUMAN,"[{'format': 'sequence', 'name': 'OPN4_HUMAN'}]",melanopsin,Human,480.0,Berson 2007,11-cis-retinal,Q9UHM6
,OPN5_HUMAN,"[{'format': 'sequence', 'name': 'OPN5_HUMAN'}]",neuropsin,Human,380.0,Kojima 2011,11-cis-retinal,Q6U736
,BRHOD_HALSA,"[{'format': 'sequence', 'name': 'BRHOD_HALSA'}]",microbial,H. salinarum,568.0,Oesterhelt 1998,all-trans-retinal,P02945
,CHOP2_CHLRE,"[{'format': 'sequence', 'name': 'CHOP2_CHLRE'}]",microbial,C. reinhardtii,470.0,Nagel 2003,all-trans-retinal,Q8RUT8
,RHO_BOVIN,"[{'format': 'sequence', 'name': 'RHO_BOVIN'}]",rod,,500.0,,,P02699
,RHO_HUMAN,"[{'format': 'sequence', 'name': 'RHO_HUMAN'}]",rod,,498.0,,,P08100
,RHO_MOUSE,"[{'format': 'sequence', 'name': 'RHO_MOUSE'}]",rod,,498.0,,,P15409
,RHO_CHICK,"[{'format': 'sequence', 'name': 'RHO_CHICK'}]",rod,,503.0,,,P22328
,OPSR_HUMAN,"[{'format': 'sequence', 'name': 'OPSR_HUMAN'}]",cone_L,,560.0,,,P04000
,OPSG_HUMAN,"[{'format': 'sequence', 'name': 'OPSG_HUMAN'}]",cone_M,,530.0,,,P04001
,OPSB_HUMAN,"[{'format': 'sequence', 'name': 'OPSB_HUMAN'}]",cone_S,,420.0,,,P03999
,OPSB_MOUSE,"[{'format': 'sequence', 'name': 'OPSB_MOUSE'}]",cone_S,,360.0,,,P51491
,OPN4_HUMAN,"[{'format': 'sequence', 'name': 'OPN4_HUMAN'}]",melanopsin,,480.0,,,Q9UHM6
,OPN5_HUMAN,"[{'format': 'sequence', 'name': 'OPN5_HUMAN'}]",neuropsin,,380.0,,,Q6U736
,BRHOD_HALSA,"[{'format': 'sequence', 'name': 'BRHOD_HALSA'}]",microbial,,568.0,,,P02945
,CHOP2_CHLRE,"[{'format': 'sequence', 'name': 'CHOP2_CHLRE'}]",microbial,,470.0,,,Q8RUT8
,RHO_BOVIN,"[{'format': 'sequence', 'name': 'RHO_BOVIN'}]",rod,,500.0,,,P02699
,RHO_HUMAN,"[{'format': 'sequence', 'name': 'RHO_HUMAN'}]",rod,,498.0,,,P08100
,RHO_MOUSE,"[{'format': 'sequence', 'name': 'RHO_MOUSE'}]",rod,,498.0,,,P15409
,RHO_CHICK,"[{'format': 'sequence', 'name': 'RHO_CHICK'}]",rod,,503.0,,,P22328
,OPSR_HUMAN,"[{'format': 'sequence', 'name': 'OPSR_HUMAN'}]",cone_L,,560.0,,,P04000
,OPSG_HUMAN,"[{'format': 'sequence', 'name': 'OPSG_HUMAN'}]",cone_M,,530.0,,,P04001
,OPSB_HUMAN,"[{'format': 'sequence', 'name': 'OPSB_HUMAN'}]",cone_S,,420.0,,,P03999
,OPSB_MOUSE,"[{'format': 'sequence', 'name': 'OPSB_MOUSE'}]",cone_S,,360.0,,,P51491
,OPN4_HUMAN,"[{'format': 'sequence', 'name': 'OPN4_HUMAN'}]",melanopsin,,480.0,,,Q9UHM6
,OPN5_HUMAN,"[{'format': 'sequence', 'name': 'OPN5_HUMAN'}]",neuropsin,,380.0,,,Q6U736
,BRHOD_HALSA,"[{'format': 'sequence', 'name': 'BRHOD_HALSA'}]",microbial,,568.0,,,P02945
,CHOP2_CHLRE,"[{'format': 'sequence', 'name': 'CHOP2_CHLRE'}]",microbial,,470.0,,,Q8RUT8
,RHO_BOVIN,"[{'format': 'sequence', 'name': 'RHO_BOVIN'}]",rod,,500.0,,,P02699
,RHO_HUMAN,"[{'format': 'sequence', 'name': 'RHO_HUMAN'}]",rod,,498.0,,,P08100
,RHO_MOUSE,"[{'format': 'sequence', 'name': 'RHO_MOUSE'}]",rod,,498.0,,,P15409
,RHO_CHICK,"[{'format': 'sequence', 'name': 'RHO_CHICK'}]",rod,,503.0,,,P22328
,OPSR_HUMAN,"[{'format': 'sequence', 'name': 'OPSR_HUMAN'}]",cone_L,,560.0,,,P04000
,OPSG_HUMAN,"[{'format': 'sequence', 'name': 'OPSG_HUMAN'}]",cone_M,,530.0,,,P04001
,OPSB_HUMAN,"[{'format': 'sequence', 'name': 'OPSB_HUMAN'}]",cone_S,,420.0,,,P03999
,OPSB_MOUSE,"[{'format': 'sequence', 'name': 'OPSB_MOUSE'}]",cone_S,,360.0,,,P51491
,OPN4_HUMAN,"[{'format': 'sequence', 'name': 'OPN4_HUMAN'}]",melanopsin,,480.0,,,Q9UHM6
,OPN5_HUMAN,"[{'format': 'sequence', 'name': 'OPN5_HUMAN'}]",neuropsin,,380.0,,,Q6U736
,BRHOD_HALSA,"[{'format': 'sequence', 'name': 'BRHOD_HALSA'}]",microbial,,568.0,,,P02945
,CHOP2_CHLRE,"[{'format': 'sequence', 'name': 'CHOP2_CHLRE'}]",microbial,,470.0,,,Q8RUT8
,RHO_BOVIN,"[{'format': 'sequence', 'name': 'RHO_BOVIN'}]",rod,,500.0,,,P02699
,RHO_HUMAN,"[{'format': 'sequence', 'name': 'RHO_HUMAN'}]",rod,,498.0,,,P08100
,RHO_MOUSE,"[{'format': 'sequence', 'name': 'RHO_MOUSE'}]",rod,,498.0,,,P15409
,RHO_CHICK,"[{'format': 'sequence', 'name': 'RHO_CHICK'}]",rod,,503.0,,,P22328
,OPSR_HUMAN,"[{'format': 'sequence', 'name': 'OPSR_HUMAN'}]",cone_L,,560.0,,,P04000
,OPSG_HUMAN,"[{'format': 'sequence', 'name': 'OPSG_HUMAN'}]",cone_M,,530.0,,,P04001
,OPSB_HUMAN,"[{'format': 'sequence', 'name': 'OPSB_HUMAN'}]",cone_S,,420.0,,,P03999
,OPSB_MOUSE,"[{'format': 'sequence', 'name': 'OPSB_MOUSE'}]",cone_S,,360.0,,,P51491
,OPN4_HUMAN,"[{'format': 'sequence', 'name': 'OPN4_HUMAN'}]",melanopsin,,480.0,,,Q9UHM6
,OPN5_HUMAN,"[{'format': 'sequence', 'name': 'OPN5_HUMAN'}]",neuropsin,,380.0,,,Q6U736
,BRHOD_HALSA,"[{'format': 'sequence', 'name': 'BRHOD_HALSA'}]",microbial,,568.0,,,P02945
,CHOP2_CHLRE,"[{'format': 'sequence', 'name': 'CHOP2_CHLRE'}]",microbial,,470.0,,,Q8RUT8
