,n.171,n.170,n.169,n.168,n.167,n.166,n.165,n.164,n.163,n.162,n.161,n.160,n.159,n.158,n.157,n.156,n.155,n.154,n.153,n.152,n.151,n.150,n.149,n.148,n.147,n.146,n.145,n.144,n.143,n.142,n.141,n.140,n.139,n.138,n.137,n.136,n.135,n.134,n.133,n.132,n.131,n.130,n.129,n.128,n.127,n.126,n.125,n.124,n.123,n.122,n.121,n.120,n.119,n.118,n.117,n.116,n.115,n.114,n.113,n.112,n.111,n.110,n.109,n.108,n.107,n.106,n.105,n.104,n.103,n.102,n.101,n.100,n.99,n.98,n.97,n.96,n.95,n.94,n.93,n.92,n.91,n.90,n.89,n.88,n.87,n.86,n.85,n.84,n.83,n.82,n.81,n.80,n.79,n.78,n.77,n.76,n.75,n.74,n.73,n.72,n.71,n.70,n.69,n.68,n.67,n.66,n.65,n.64,n.63,n.62,n.61,n.60,n.59,n.58,n.57,n.56,n.55,n.54,n.53,n.52,n.51,n.50,n.49,n.48,n.47,n.46,n.45,n.44,n.43,n.42,n.41,n.40,n.39,n.38,n.37,n.36,n.35,n.34,n.33,n.32,n.31,n.30,n.29,n.28,n.27,n.26,n.25,n.24,n.23,n.22,n.21,n.20,n.19,n.18,n.17,n.16,n.15,n.14,n.13,n.12,n.11,n.10,n.9,n.8,n.7,n.6,n.5,n.4,n.3,n.2,n.1,1.28,1.29,1.30,1.31,1.32,1.33,1.34,1.35,1.36,1.37,1.38,1.39,1.40,1.41,1.42,1.43,1.44,1.45,1.46,1.47,1.48,1.49,1.50,1.51,1.52,1.53,1.54,1.55,1.56,1.57,1.58,1.59,1.60,1.61,1.62,1.63,1.64,12.001,12.002,12.003,12.004,12.005,12.006,12.007,12.008,12.009,12.010,12.011,12.012,21.001,21.002,21.003,21.004,21.005,21.006,21.007,21.008,21.009,21.011,21.012,2.31,2.32,2.33,2.34,2.35,2.36,2.37,2.38,2.39,2.40,2.41,2.42,2.43,2.44,2.45,2.46,2.47,2.48,2.49,2.50,2.51,2.52,2.53,2.54,2.55,2.56,2.57,2.58,2.59,2.60,2.61,2.62,2.63,2.64,2.65,2.66,2.67,2.68,2.69,2.70,2.71,23.001,23.002,23.003,23.004,23.005,23.006,23.007,32.001,32.002,32.003,32.004,32.005,32.006,32.007,3.20,3.21,3.22,3.23,3.24,3.25,3.26,3.27,3.28,3.29,3.30,3.31,3.32,3.33,3.34,3.35,3.36,3.37,3.38,3.39,3.40,3.41,3.42,3.43,3.44,3.45,3.46,3.47,3.48,3.49,3.50,3.51,3.52,3.53,3.54,3.55,3.56,3.57,3.58,3.59,3.60,34.001,34.002,34.003,34.004,34.005,34.006,34.007,34.008,34.009,34.010,34.011,34.012,34.013,34.014,34.015,34.016,34.017,34.018,34.019,34.020,34.021,34.022,34.023,34.024,34.025,43.001,43.002,43.003,43.004,43.005,43.006,43.007,43.008,43.009,43.011,43.012,43.013,43.014,43.015,43.016,43.017,43.018,43.019,43.021,43.022,43.023,43.024,43.025,4.34,4.35,4.36,4.37,4.38,4.39,4.40,4.41,4.42,4.43,4.44,4.45,4.46,4.47,4.48,4.49,4.50,4.51,4.52,4.53,4.54,4.55,4.56,4.57,4.58,4.59,4.60,4.61,4.62,4.63,4.64,4.65,4.66,4.67,4.68,4.69,45.001,45.002,45.003,45.004,45.005,45.006,45.007,45.008,45.009,45.010,45.011,45.012,45.013,45.014,45.015,45.016,45.017,45.018,45.019,45.020,45.021,45.022,45.023,45.024,45.025,54.001,54.002,54.003,54.004,54.005,54.006,54.007,54.008,54.009,54.011,54.012,54.013,54.014,54.015,54.016,54.017,54.018,54.019,54.021,54.022,54.023,54.024,5.36,5.37,5.38,5.39,5.40,5.41,5.42,5.43,5.44,5.45,5.46,5.47,5.48,5.49,5.50,5.51,5.52,5.53,5.54,5.55,5.56,5.57,5.58,5.59,5.60,5.61,5.62,5.63,5.64,5.65,5.66,5.67,5.68,5.69,56.001,56.002,56.003,56.004,56.005,56.006,56.007,56.008,56.009,56.010,56.011,56.012,56.013,56.014,56.015,56.016,56.017,56.018,56.019,56.020,56.021,56.022,56.023,56.024,56.025,56.026,56.027,56.028,56.029,56.030,56.031,56.032,56.033,56.034,56.035,56.036,56.037,56.038,56.039,56.040,56.041,56.042,56.043,56.044,56.045,56.046,56.047,56.048,56.049,56.050,65.001,65.002,65.003,65.004,65.005,65.006,65.007,65.008,65.009,65.011,65.012,65.013,65.014,65.015,65.016,65.017,65.018,65.019,65.021,65.022,65.023,65.024,65.025,65.026,65.027,65.028,65.029,65.031,65.032,65.033,65.034,65.035,65.036,65.037,65.038,65.039,65.041,65.042,65.043,65.044,65.045,65.046,65.047,65.048,65.049,6.24,6.25,6.26,6.27,6.28,6.29,6.30,6.31,6.32,6.33,6.34,6.35,6.36,6.37,6.38,6.39,6.40,6.41,6.42,6.43,6.44,6.45,6.46,6.47,6.48,6.49,6.50,6.51,6.52,6.53,6.54,6.55,6.56,6.57,6.58,6.59,6.60,67.001,67.002,67.003,67.004,67.005,67.006,76.001,76.002,76.003,76.004,76.005,7.30,7.31,7.32,7.33,7.34,7.35,7.36,7.37,7.38,7.39,7.40,7.41,7.42,7.43,7.45,7.46,7.47,7.48,7.49,7.50,7.51,7.52,7.53,7.54,7.55,7.56,78.001,78.002,78.003,78.004,87.001,87.002,87.003,87.004,8.37,8.38,8.39,8.40,8.41,8.42,8.43,8.44,8.45,8.46,8.47,8.48,8.49,8.50,8.51,8.52,8.53,8.54,8.55,8.56,8.57,8.58,8.59,8.60,8.61,8.62,8.63,8.64,8.65,8.66,8.67,8.68,8.69,8.70,8.71,8.72,c.1,c.2,c.3,c.4,c.5,c.6,c.7,c.8,c.9,c.10,c.11,c.12,c.13
6G79_S,-,-,-,-,-,-,-,-,-,-,-,-,-,-,-,-,-,-,-,-,-,-,-,-,-,-,-,-,-,-,-,-,-,-,-,-,-,-,-,-,-,-,-,-,-,-,-,-,-,-,-,-,-,-,-,-,-,-,-,-,-,-,-,-,-,-,-,-,-,-,-,-,-,-,-,-,-,-,-,-,-,-,-,-,-,-,-,-,-,-,-,-,-,-,-,-,-,-,-,-,-,-,-,-,-,-,-,-,-,-,-,-,-,-,-,-,-,-,-,-,-,-,-,-,-,-,-,-,-,-,-,-,-,-,-,-,-,-,-,-,-,-,-,-,-,-,-,-,-,-,-,-,-,-,-,-,-,-,-,-,-,-,-,-,-,-,-,-,-,-,-,S1,L2,P3,W4,K5,V6,L7,L8,V9,M10,L11,L12,S1,L14,I15,T16,L17,A18,T19,T20,L21,S22,L2,A24,F25,V26,I27,A28,T29,V30,Y31,R32,-,-,-,-,-,-,-,-,-,-,-,-,-,-,-,-,-,-,-,-,-,-,-,-,-,-,-,-,-,-,-,-,-,-,T38,P39,A40,W4,Y42,L43,I44,A45,S46,L47,A48,V49,T50,K5,L52,L53,V54,S55,I56,V58,M59,P60,I61,V6,T63,M64,Y65,T66,V67,T68,G69,-,-,T72,L73,-,-,-,-,-,-,-,-,-,-,-,-,-,-,-,G74,Q75,V76,V77,C78,D79,F80,W81,S83,L8,S84,D85,I86,T87,C88,C89,T90,A91,S92,-,W94,H95,L96,C97,V98,I99,A100,L101,R103,S1,Y104,W105,A106,I107,T108,D109,A110,V111,E112,Y113,-,-,-,-,-,-,-,-,-,-,-,-,-,-,-,-,-,-,-,-,-,-,-,-,-,-,-,-,-,-,-,-,-,-,-,-,-,-,-,-,-,-,-,-,-,-,-,-,S114,A115,K116,R117,T118,K120,S1,R121,A122,A123,V124,M125,I126,A127,L128,W130,S1,V131,F132,S133,I134,S135,I136,S137,P139,P140,-,F141,F142,W143,S144,E145,C146,V147,V148,N149,T150,-,-,-,-,-,-,-,-,-,-,-,-,-,-,-,-,-,-,-,-,-,-,-,-,D151,-,-,-,-,-,-,-,-,-,-,-,-,-,-,-,-,-,-,-,-,-,H152,I153,L154,T156,S1,V157,Y158,S159,T160,V161,A163,F164,Y165,P167,S1,T168,L169,L170,L171,I172,A173,L174,Y175,R177,S1,I178,Y179,V180,E181,A182,R183,S184,R185,I186,-,-,-,-,-,-,-,-,-,-,-,-,-,-,-,-,-,-,-,-,-,-,-,-,-,-,-,-,-,-,-,-,-,-,-,-,-,-,-,-,-,-,-,-,-,-,-,-,-,-,-,-,-,-,-,-,-,-,-,-,-,-,-,-,-,-,-,-,-,-,-,-,-,-,-,-,-,-,-,-,-,-,-,-,-,-,-,-,-,-,-,-,-,-,-,L187,M188,A189,A190,R191,E192,-,R193,K194,A195,T196,K197,T198,L199,I201,I202,-,L203,G204,A205,F206,I207,V208,C209,W210,P212,L2,F213,F214,I215,I216,S217,L218,V219,M220,P221,W222,F223,-,-,-,-,-,-,-,-,-,-,H224,L225,A226,I227,F228,D229,F230,F231,T232,L234,L2,G235,Y236,L237,N238,S239,L240,I241,N242,L2,I244,I245,Y246,T247,M248,S249,-,-,-,-,-,-,-,-,-,-,-,P243,-,-,-,-,-,-,N250,E251,F253,L2,K254,Q255,A256,F257,H258,K259,I261,R262,P3,A13,N23,T33,R34,K35,L36,H37,N41,D51,L57,S62,R70,W71,-,-,-,-,-,-,-,-,-,-,-,-,-
3P0G_A,-,-,-,-,-,-,-,-,-,-,-,-,-,-,-,-,-,-,-,-,-,-,-,-,-,-,-,-,-,-,-,-,-,-,-,-,-,-,-,-,-,-,-,-,-,-,-,-,-,-,-,-,-,-,-,-,-,-,-,-,-,-,-,-,-,-,-,-,-,-,-,-,-,-,-,-,-,-,-,-,-,-,-,-,-,-,-,-,-,-,-,-,-,-,-,-,-,-,-,-,-,-,-,-,-,-,-,-,-,-,-,-,-,-,-,-,-,-,-,-,-,-,-,-,-,-,-,-,-,-,-,-,-,-,-,-,-,-,-,-,-,-,-,-,-,-,-,-,-,-,-,-,-,-,-,-,-,-,-,-,-,-,-,-,-,D1,V2,T3,Q4,Q5,R6,D7,E8,V9,W10,V11,V12,G13,M14,G15,I16,V17,S19,D1,L20,I21,V22,L23,A24,I25,V26,F27,N29,V2,V30,L31,V32,I33,T34,A35,I36,A37,K38,F39,E40,R41,L42,Q43,-,-,-,-,-,-,-,-,-,-,-,-,-,-,-,-,-,-,-,-,-,-,-,-,-,-,-,-,-,T44,V45,N47,Q4,Y48,F49,I50,T51,S52,L53,A54,C55,D57,Q5,L58,V59,M60,G61,A63,V64,V65,P66,G68,R6,A69,A70,H71,I72,L73,M74,K75,M76,W77,T78,F79,-,-,-,-,-,-,-,-,-,-,-,-,-,-,-,G80,N81,F82,W83,C84,E85,F86,W87,S89,E8,I90,D91,V92,L93,C94,V95,T96,A97,I99,V9,E100,T101,L102,C103,V104,I105,A106,V107,R109,D1,Y110,F111,A112,I113,T114,S115,P116,F117,K118,Y119,-,-,-,-,-,-,-,-,-,-,-,-,-,-,-,-,-,-,-,-,-,-,-,-,-,-,-,-,-,-,-,-,-,-,-,-,-,-,-,-,-,-,-,-,-,-,-,-,Q120,S121,L122,L123,T124,N126,D1,K127,A128,R129,V130,I131,I132,L133,M134,W136,D1,I137,V138,S139,G140,L141,T142,S143,F144,P146,D1,I147,Q148,M149,H150,W151,Y152,R153,A154,T155,H156,Q157,E158,A159,I160,N161,C162,Y163,A164,-,-,-,-,-,-,-,-,-,-,-,-,-,-,-,-,T173,F172,F171,D170,C169,C168,T167,E166,E165,-,-,-,-,-,-,-,-,-,-,-,-,-,N174,Q175,A176,A178,D1,I179,A180,S181,S182,I183,S185,F186,Y187,P189,D1,L190,V191,I192,M193,V194,F195,V196,Y197,R199,D1,V200,F201,Q202,E203,A204,K205,L206,K207,-,-,-,-,-,-,-,-,-,-,-,-,-,-,-,-,-,-,-,-,-,-,-,-,-,-,-,-,-,-,-,-,-,-,-,-,-,-,-,-,-,-,-,-,-,-,-,-,-,-,-,-,-,-,-,-,-,-,-,-,-,-,-,-,-,-,-,-,-,-,-,-,-,-,-,-,-,-,-,-,-,-,-,-,-,-,-,-,-,-,-,-,-,-,-,-,-,-,-,-,-,E208,-,H209,K210,A211,L212,K213,T214,L215,I217,I218,-,M219,G220,T221,F222,T223,L224,C225,W226,P228,V2,F229,F230,I231,V232,N233,I234,V235,H236,V237,I238,Q239,D240,N241,-,-,-,I243,L242,-,-,-,R244,K245,E246,V247,Y248,I249,L250,L251,N252,I254,V2,G255,Y256,V257,N258,S259,G260,F261,N262,V2,L264,I265,Y266,C267,R268,-,-,-,-,-,-,-,-,-,-,-,-,-,P263,-,-,-,-,-,S269,P270,F272,V2,R273,I274,A275,F276,Q277,E278,L279,L280,C281,L282,R283,R284,-,-,-,-,-,-,-,-,-,-,-,-,-,-,-,-,-,-,-,-,-,-,-
5JQH_B,-,-,-,-,-,-,-,-,-,-,-,-,-,-,-,-,-,-,-,-,-,-,-,-,-,-,-,-,-,-,-,-,-,-,-,-,-,-,-,-,-,-,-,-,-,-,-,-,-,-,-,-,-,-,-,G1,N2,I3,F4,E5,M6,L7,R8,I9,D10,V11,I12,T13,K14,D15,E16,A17,E18,K19,L20,F21,N22,Q23,D24,V25,D26,A27,A28,V29,R30,G31,I32,L33,R34,N35,A36,K37,L38,K39,P40,V41,Y42,D43,S44,L45,D46,A47,V48,R49,R50,A51,A52,L53,I54,N55,M56,V57,F58,Q59,M60,E61,T62,G63,V64,A65,G66,F67,T68,N69,S70,L71,R72,M73,L74,Q75,Q76,K77,R78,W79,D80,E81,A82,A83,V84,N85,L86,A87,K88,S89,R90,W91,Y92,N93,Q94,T95,P96,N97,R98,A99,K100,R101,V102,I103,T104,T105,F106,R107,T108,G109,T110,W111,D112,A113,Y114,A115,A116,D117,V119,G1,W120,V121,V122,G123,M124,G125,I126,V127,S129,G1,L130,I131,V132,L133,A134,I135,V136,F137,N139,G1,V140,L141,V142,I143,T144,A145,I146,A147,K148,F149,E150,R151,L152,Q153,-,-,-,-,-,-,-,-,-,-,-,-,-,-,-,-,-,-,-,-,-,-,-,-,-,-,-,-,-,T154,V155,N157,G1,Y158,F159,I160,T161,S162,L163,A164,C165,D167,G1,L168,V169,M170,G171,A173,V174,V175,P176,G178,G1,A179,A180,H181,I182,L183,T184,K185,T186,W187,T188,F189,-,-,-,-,-,-,-,-,-,-,-,-,-,-,-,G190,N191,F192,W193,C194,E195,F196,W197,S199,G1,I200,D201,V202,L203,C204,V205,T206,A207,I209,N2,E210,T211,L212,C213,V214,I215,A216,V217,R219,N2,Y220,F221,A222,I223,T224,S225,P226,F227,K228,Y229,-,-,-,-,-,-,-,-,-,-,-,-,-,-,-,-,-,-,-,-,-,-,-,-,-,-,-,-,-,-,-,-,-,-,-,-,-,-,-,-,-,-,-,-,-,-,-,-,Q230,S231,L232,L233,T234,N236,N2,K237,A238,R239,V240,I241,I242,L243,M244,W246,N2,I247,V248,S249,G250,L251,T252,S253,F254,P256,N2,I257,Q258,M259,H260,W261,Y262,R263,A264,T265,H266,Q267,E268,A269,I270,N271,C272,Y273,A274,-,-,-,-,-,-,-,-,-,-,-,-,-,-,-,-,T283,F282,F281,D280,C279,C278,T277,E276,E275,-,-,-,-,-,-,-,-,-,-,-,-,-,N284,Q285,A286,A288,N2,I289,A290,S291,S292,I293,S295,F296,Y297,P299,N2,L300,V301,I302,M303,V304,F305,V306,Y307,R309,I3,V310,F311,Q312,E313,A314,K315,R316,Q317,L318,I319,-,-,-,-,-,-,-,-,-,-,-,-,-,-,-,-,-,-,-,-,-,-,-,-,-,-,-,-,-,-,-,-,-,-,-,-,-,-,-,-,-,-,-,-,-,-,-,-,-,-,-,-,-,-,-,-,-,-,-,-,-,-,-,-,-,-,-,-,-,-,-,-,-,-,-,-,-,-,-,-,-,-,-,-,-,-,-,-,-,-,-,-,-,-,D320,K321,F322,A323,L324,E326,I3,H327,K328,A329,L330,K331,T332,L333,I335,I336,-,M337,G338,T339,F340,T341,L342,C343,W344,P346,I3,F347,F348,I349,V350,N351,I352,V353,H354,V355,I356,Q357,D358,N359,-,-,-,I361,L360,-,-,-,R362,K363,E364,V365,Y366,I367,L368,L369,N370,I372,I3,G373,Y374,V375,N376,S377,G378,F379,N380,I3,L382,I383,Y384,C385,R386,-,-,-,-,-,-,-,-,-,-,-,-,-,P381,-,-,-,-,-,S387,P388,F390,I3,R391,I392,A393,F394,Q395,E396,L397,L398,C399,L400,R401,R402,-,-,-,-,-,-,-,-,-,-,-,-,-,-,-,-,-,-,-,-,-,-,-
6A94_A,-,-,-,-,-,-,-,-,-,-,-,-,-,-,-,-,-,-,-,-,-,-,-,-,-,-,-,-,-,-,-,-,-,-,-,-,-,-,-,-,-,-,-,-,-,-,-,-,-,-,-,-,-,-,-,-,-,-,-,-,-,-,-,-,-,-,-,-,-,-,-,-,-,-,-,-,-,-,-,-,-,-,-,-,-,-,-,-,-,-,-,-,-,-,-,-,-,-,-,-,-,-,-,-,-,-,-,-,-,-,-,-,-,-,-,-,-,-,-,-,-,-,-,-,-,-,-,-,-,-,-,-,-,-,-,-,-,-,-,-,-,-,-,-,-,-,-,-,-,-,-,-,-,-,-,-,-,-,-,-,-,-,-,-,-,-,-,-,-,-,T1,H2,L3,Q4,E5,K6,N7,W8,S9,A10,L11,L12,T13,T1,V15,V16,I17,I18,L19,T20,I21,A22,G23,H2,I25,L26,V27,I28,M29,A30,V31,S32,L33,-,-,-,-,-,-,-,-,-,-,-,-,-,-,-,-,-,-,-,-,-,-,-,-,-,-,-,-,-,-,-,-,-,-,N39,A40,N42,Q4,Y43,F44,L45,M46,S47,L48,A49,I50,D52,E5,M53,L54,L55,G56,L58,V59,M60,P61,S63,K6,M64,L65,T66,I67,L68,Y69,G70,Y71,R72,W73,P74,-,-,-,-,-,-,-,-,-,-,-,-,-,-,L75,P76,S77,K78,L79,C80,A81,V82,W83,Y85,W8,L86,D87,V88,L89,F90,S91,T92,A93,K94,-,W96,H97,L98,C99,A100,I101,S102,L103,R105,T1,Y106,V107,A108,I109,Q110,N119,-,-,T122,-,N111,P112,I113,-,-,-,-,-,-,-,-,-,-,-,-,-,-,-,-,-,-,-,-,-,-,H115,H114,-,-,-,-,-,-,-,-,-,-,-,-,-,-,-,-,-,-,-,-,-,S116,R117,F118,-,S120,R121,T1,K123,A124,F125,L126,K127,I128,I129,A130,W132,T1,T133,I134,S135,V136,G137,I138,S139,-,P141,T1,I142,P143,V144,F145,G146,L147,Q148,D149,D150,S151,K152,V153,F154,K155,E156,-,-,-,-,-,-,-,-,-,-,-,-,-,-,-,-,-,-,-,A162,L161,L160,C159,S158,G157,-,-,-,-,-,-,-,-,-,-,-,-,-,-,-,-,D163,D164,N165,V167,T1,L168,I169,G170,S171,F172,S174,F175,F176,P178,T1,L179,T180,I181,M182,V183,I184,T185,Y186,L188,T1,T189,I190,K191,S192,L193,Q194,K195,E196,A197,-,-,-,-,-,-,-,-,-,-,-,-,-,-,-,-,-,-,-,-,-,-,-,-,-,-,-,-,-,-,-,-,-,-,-,-,-,-,-,-,-,-,-,-,-,-,-,-,-,-,-,-,-,-,-,-,-,-,-,-,-,-,-,-,-,-,-,-,-,-,-,-,-,-,-,-,-,-,-,-,-,-,-,-,-,-,-,-,-,-,-,-,-,-,-,G283,Q284,S285,I286,S287,E289,H2,Q290,K291,A292,C293,K294,V295,L296,G297,V299,H2,F300,F301,L302,F303,V304,V305,M306,W307,P309,L3,F310,F311,I312,T313,N314,I315,M316,A317,V318,I319,C320,K321,E322,S323,C324,-,V328,D327,E326,N325,-,I329,G330,A331,L332,L333,N334,V335,F336,V337,I339,L3,G340,Y341,L342,S343,S344,A345,V346,N347,L3,L349,V350,Y351,T352,L353,F354,-,-,-,-,-,-,-,-,-,-,-,P348,-,-,-,-,-,-,N355,K356,Y358,L3,R359,S360,A361,F362,S363,R364,Y365,I366,Q367,-,C368,Q369,Y370,T1,Q4,A14,N24,E34,K35,K36,L37,Q38,-,-,-,-,-,-,-,-,-,-,-,-,-
4MQT_A,-,-,-,-,-,-,-,-,-,-,-,-,-,-,-,-,-,-,-,-,-,-,-,-,-,-,-,-,-,-,-,-,-,-,-,-,-,-,-,-,-,-,-,-,-,-,-,-,-,-,-,-,-,-,-,-,-,-,-,-,-,-,-,-,-,-,-,-,-,-,-,-,-,-,-,-,-,-,-,-,-,-,-,-,-,-,-,-,-,-,-,-,-,-,-,-,-,-,-,-,-,-,-,-,-,-,-,-,-,-,-,-,-,-,-,-,-,-,-,-,-,-,-,-,-,-,-,-,-,-,-,-,-,-,-,-,-,-,-,-,-,-,-,-,-,-,-,-,-,-,-,-,-,-,-,-,-,-,-,-,-,-,-,-,-,-,-,-,-,-,-,K1,T2,F3,E4,V5,V6,F7,I8,V9,L10,V11,A12,K1,S14,L15,S16,L17,V18,T19,I20,I21,G22,T2,I24,L25,V26,M27,V28,S29,I30,K31,V32,-,-,-,-,-,-,-,-,-,-,-,-,-,-,-,-,-,-,-,-,-,-,-,-,-,-,-,-,-,-,-,-,-,-,T38,V39,N41,-,Y42,F43,L44,F45,S46,L47,A48,C49,A50,V5,L52,I53,I54,G55,V56,S58,M59,N60,L61,V6,T63,L64,Y65,T66,V67,I68,G69,-,W71,P72,L73,-,-,-,-,-,-,-,-,-,-,-,-,-,-,-,G74,P75,V76,V77,C78,D79,L80,W81,A83,I8,L84,D85,Y86,V87,V88,S89,N90,A91,V93,V9,M94,N95,L96,L97,I98,I99,S100,F101,R103,K1,Y104,F105,C106,V107,T108,K109,P110,L111,T112,Y113,P114,-,-,-,-,-,-,-,-,-,-,-,-,-,-,-,-,-,-,-,-,-,-,-,-,-,-,-,-,-,-,-,-,-,-,-,-,-,-,-,-,-,-,-,-,-,-,-,V115,K116,R117,T118,T119,K120,-,M121,A122,G123,M124,M125,I126,A127,A128,W130,K1,V131,L132,S133,F134,I135,L136,W137,A138,A140,K1,I141,L142,F143,W144,Q145,F146,I147,V148,G149,V150,R151,T152,V153,E154,D155,G156,E157,-,-,-,-,-,-,-,-,-,-,-,-,-,-,-,-,-,S164,F163,F162,Q161,I160,Y159,C158,-,-,-,-,-,-,-,-,-,-,-,-,-,-,-,N165,A166,A167,T169,K1,F170,G171,T172,A173,A175,A176,F177,Y178,P180,K1,V181,I182,I183,M184,T185,V186,L187,Y188,H190,K1,I191,S192,R193,A194,S195,K196,-,-,-,-,-,-,-,-,-,-,-,-,-,-,-,-,-,-,-,-,-,-,-,-,-,-,-,-,-,-,-,-,-,-,-,-,-,-,-,-,-,-,-,-,-,-,-,-,-,-,-,-,-,-,-,-,-,-,-,-,-,-,-,-,-,-,-,-,-,-,-,-,-,-,-,-,-,-,-,-,-,-,-,-,-,-,-,-,-,-,-,-,-,-,-,-,-,-,-,-,-,P197,S198,E200,T2,K201,K202,V203,T204,R205,T206,I207,L208,I210,T2,L211,L212,A213,F214,I215,I216,T217,W218,P220,T2,Y221,N222,V223,M224,V225,L226,I227,N228,T229,F230,C231,A232,P233,-,-,-,I235,C234,-,-,-,P236,N237,T238,V239,W240,T241,I242,G243,Y244,L246,T2,C247,Y248,I249,N250,S251,T252,I253,N254,T2,A256,C257,Y258,A259,L260,C261,-,-,-,-,-,-,-,-,-,-,-,P255,-,-,-,-,-,-,N262,A263,F265,T2,K266,K267,T268,F269,K270,H271,L272,M274,C275,F3,G13,N23,N33,R34,H35,L36,Q37,N40,D51,F57,Y62,Y70,-,-,-,-,-,-,-,-,-,-,-,-,-
5CXV_A,-,-,-,-,-,-,-,-,-,-,-,-,-,-,-,-,-,-,-,-,-,-,-,-,-,-,-,-,-,-,-,-,-,-,-,-,-,-,-,-,-,-,-,-,-,-,-,-,-,-,-,-,-,-,-,-,-,-,-,-,-,-,-,-,-,-,-,-,-,-,-,-,-,-,-,-,-,-,-,-,-,-,-,-,-,-,-,-,-,-,-,-,-,-,-,-,-,-,-,-,-,-,-,-,-,-,-,-,-,-,-,-,-,-,-,-,-,-,-,-,-,-,-,-,-,-,-,-,-,-,-,-,-,-,-,-,-,-,-,-,-,-,-,-,-,-,-,-,-,-,-,-,-,-,-,-,-,-,-,-,-,-,-,-,-,-,-,-,-,-,K1,G2,P3,W4,Q5,V6,A7,F8,I9,G10,I11,T12,T13,K1,L15,L16,S17,L18,A19,T20,V21,T22,G23,G2,L25,L26,V27,L28,I29,S30,F31,K32,V33,-,-,-,-,-,-,-,-,-,-,-,-,-,-,-,-,-,-,-,-,-,-,-,-,-,-,-,-,-,-,-,-,-,-,N34,T35,N42,-,Y43,F44,L45,L46,S47,L48,A49,C50,D52,Q5,L53,I54,I55,G56,F58,S59,M60,N61,Y63,V6,T64,T65,Y66,L67,L68,M69,G70,H71,W72,A73,L74,-,-,-,-,-,-,-,-,-,-,-,-,-,-,-,G75,T76,L77,A78,C79,D80,L81,W82,A84,F8,L85,D86,Y87,V88,A89,S90,Q91,A92,V94,I9,M95,N96,L97,L98,L99,I100,S101,F102,R104,K1,Y105,F106,S107,V108,T109,R118,-,-,R121,-,R110,P111,L112,-,-,-,-,-,-,-,-,-,-,-,-,-,-,-,-,-,-,-,-,-,-,Y114,S113,-,-,-,-,-,-,-,-,-,-,-,-,-,-,-,-,-,-,-,-,-,R115,A116,K117,-,T119,P120,K1,R122,A123,A124,L125,M126,I127,G128,L129,W131,K1,L132,V133,S134,F135,V136,L137,W138,A139,A141,K1,I142,L143,F144,W145,Q146,Y147,L148,V149,G150,E151,R152,T153,V154,L155,A156,G157,Q158,-,-,-,-,-,-,-,-,-,-,-,-,-,-,-,-,-,S165,L164,F163,Q162,I161,Y160,C159,-,-,-,-,-,-,-,-,-,-,-,-,-,-,-,Q166,P167,I168,T170,K1,F171,G172,T173,A174,A176,A177,F178,Y179,P181,K1,V182,T183,V184,M185,C186,T187,L188,Y189,R191,K1,I192,Y193,R194,E195,T196,E197,N198,D357,A358,-,-,-,-,-,-,-,-,-,-,-,-,-,-,-,-,-,-,-,-,-,-,-,-,-,-,-,-,-,-,-,-,-,-,-,-,-,-,-,-,-,-,-,-,-,-,-,-,-,-,-,-,-,-,-,-,-,-,-,-,-,-,-,-,-,-,-,-,-,-,-,-,-,-,-,-,-,-,-,-,-,-,-,-,-,-,-,-,-,-,-,-,-,-,-,Y359,F360,S361,L362,V363,E365,P3,K366,K367,A368,A369,R370,T371,L372,S373,I375,P3,L376,L377,A378,F379,I380,L381,T382,W383,P385,P3,Y386,N387,I388,M389,V390,L391,V392,S393,T394,F395,C396,K397,D398,-,-,-,V400,C399,-,-,-,P401,E402,T403,L404,W405,E406,L407,G408,Y409,L411,W4,C412,Y413,V414,N415,S416,T417,I418,N419,W4,M421,C422,Y423,A424,L425,C426,-,-,-,-,-,-,-,-,-,-,-,P420,-,-,-,-,-,-,N427,K428,F430,W4,R431,D432,T433,F434,R435,L436,L437,L438,R441,W4,W442,D443,K444,K1,W4,G14,N24,E36,L37,K38,T39,V40,-,-,-,-,-,-,-,-,-,-,-,-,-
6CM4_A,-,-,-,-,-,-,-,-,-,-,-,-,-,-,-,-,-,-,-,-,-,-,-,-,-,-,-,-,-,-,-,-,-,-,-,-,-,-,-,-,-,-,-,-,-,-,-,-,-,-,-,-,-,-,-,-,-,-,-,-,-,-,-,-,-,-,-,-,-,-,-,-,-,-,-,-,-,-,-,-,-,-,-,-,-,-,-,-,-,-,-,-,-,-,-,-,-,-,-,-,-,-,-,-,-,-,-,-,-,-,-,-,-,-,-,-,-,-,-,-,-,-,-,-,-,-,-,-,-,-,-,-,-,-,-,-,-,-,-,-,-,-,-,-,-,-,-,-,-,-,-,-,-,-,-,-,-,-,-,-,-,-,-,-,N1,Y2,Y3,A4,T5,L6,L7,T8,L9,-,L10,-,-,-,-,-,-,-,-,-,-,-,I11,A12,V13,I14,V15,F16,L20,N1,V21,C22,M23,A24,V25,S26,L31,Q32,T33,-,-,-,-,-,R27,-,-,-,-,-,-,-,-,-,-,-,-,-,-,-,-,-,-,-,-,-,-,E28,K29,A30,-,-,-,T34,T35,N36,-,Y37,L38,I39,V40,S41,L42,A43,V44,A45,-,D46,L47,L48,T51,L52,V53,M54,P55,W56,-,V57,V58,-,-,-,V62,V63,G64,E65,W66,K67,F68,S69,R70,I71,H72,C73,D74,V81,D80,L79,T78,V77,F76,I75,A50,-,-,-,-,-,-,-,-,Y59,-,L60,E61,M82,M83,C84,T85,A86,S87,A88,-,L89,N90,L91,C92,A93,I94,S95,I96,D97,-,R98,Y99,T100,V152,V153,Y154,-,-,-,-,A101,V102,A103,M104,P105,T106,R107,Y108,S109,S110,K111,R112,R113,V114,T115,V116,M117,I118,S119,I120,V121,W122,V123,L124,S125,A150,P149,N148,A147,I146,I145,C144,E143,N142,D140,A139,N138,N137,L136,G135,F134,L133,L132,C130,S129,I128,T127,F126,F151,-,-,-,S155,S156,-,I157,V158,L196,R197,L198,K199,I200,Y201,K202,-,D203,T204,E205,G206,Y207,Y208,T209,I210,G211,-,L249,F250,-,Q252,D253,V254,D255,A256,A257,V258,R259,G260,I261,L262,R263,N264,A265,K266,L267,K268,P269,V270,Y271,D272,S273,L274,D275,A276,V277,R278,R279,A280,A281,L282,Q306,Q305,L304,M303,R302,L301,S300,N299,T298,G296,A295,V294,G293,T292,E291,G290,M289,Q288,V286,M285,N284,I283,N251,K307,R308,I333,Y3,T334,T335,-,-,-,-,F336,R337,T338,-,G339,T340,W341,-,-,-,-,-,-,-,-,-,-,-,-,-,-,D342,A343,-,-,-,-,-,-,-,-,-,-,-,-,-,-,-,-,-,-,-,-,-,-,-,-,-,-,-,-,-,-,-,-,-,-,-,-,-,-,-,-,-,-,-,-,-,-,-,-,-,-,-,-,-,-,-,-,-,-,-,-,-,-,-,-,-,-,-,-,-,-,-,-,-,-,-,-,-,-,-,-,-,-,-,-,-,-,-,-,-,-,-,-,-,-,-,Y344,S345,Q346,Q347,K348,E349,-,K350,K351,A352,T353,Q354,M355,A356,A357,I358,-,A360,G361,V362,F363,I364,I365,C366,W367,L368,-,P369,F370,I372,T373,H374,I375,L376,I384,P385,-,-,-,-,-,-,-,-,-,-,-,-,-,P386,V387,L388,Y389,S390,A391,F392,T393,L395,Y3,G396,Y397,V398,N399,S400,A401,V402,N403,A4,I405,I406,Y407,T408,T409,F410,-,-,-,-,-,-,-,-,-,-,P404,-,-,-,-,-,-,N411,I412,E413,F414,-,R415,K416,A417,F418,L419,K420,I421,L422,-,-,-,-,-,-,-,-,H423,N1,Y2,Y3,A4,T5,-,-,-,-,-,-,-,-,-,-,-,-,-
6WGT_C,-,-,-,-,-,-,-,-,-,-,-,-,-,-,-,-,-,-,-,-,-,-,-,-,-,-,-,-,-,-,-,-,-,-,-,-,-,-,-,-,-,-,-,-,-,-,-,-,-,-,-,-,-,-,-,-,-,-,-,-,-,-,-,-,-,-,-,-,-,-,-,-,-,-,-,-,-,-,-,-,-,-,-,-,-,-,-,-,-,-,-,-,-,-,-,-,-,-,-,-,-,-,-,-,-,-,-,-,-,-,-,-,-,-,-,-,-,-,-,-,-,-,-,-,-,-,-,-,-,-,-,-,-,-,-,-,-,-,-,-,-,-,-,-,-,-,-,-,-,-,-,-,-,-,-,-,-,-,-,-,-,-,-,-,-,-,-,-,-,-,L1,H2,L3,Q4,E5,K6,N7,W8,S9,A10,L11,L12,T13,L1,V15,V16,I17,I18,L19,T20,I21,A22,G23,H2,I25,L26,V27,I28,M29,A30,V31,S32,L33,-,-,-,-,-,-,-,-,-,-,-,-,-,-,-,-,-,-,-,-,-,-,-,-,-,-,-,-,-,-,-,-,-,-,N39,A40,T41,Q4,Y43,F44,L45,M46,S47,L48,A49,I50,D52,E5,M53,L54,L55,G56,L58,V59,M60,P61,S63,K6,M64,L65,T66,I67,L68,Y69,G70,Y71,R72,W73,P74,-,-,-,-,-,-,-,-,-,-,-,-,-,-,L75,P76,S77,K78,L79,C80,A81,V82,W83,Y85,W8,L86,D87,V88,L89,F90,S91,T92,A93,I95,S9,M96,H97,L98,C99,A100,I101,S102,L103,R105,L1,Y106,V107,A108,I109,Q110,N116,-,-,T119,-,N111,-,-,-,-,-,-,-,-,-,-,-,-,-,-,-,-,-,-,-,-,-,-,-,-,H112,-,-,-,-,-,-,-,-,-,-,-,-,-,-,-,-,-,-,-,-,-,-,S113,R114,F115,-,S117,R118,L1,K120,A121,F122,L123,K124,I125,I126,A127,W129,L1,T130,I131,S132,V133,G134,I135,S136,-,P138,L1,I139,P140,V141,F142,-,L143,Q144,D145,D146,S147,K148,V149,F150,K151,E152,-,-,-,-,-,-,-,-,-,-,-,-,-,-,-,-,-,-,-,A158,L157,L156,C155,S154,G153,-,-,-,-,-,-,-,-,-,-,-,-,-,-,-,-,D159,D160,N161,V163,L1,L164,I165,G166,S167,F168,V169,S170,F171,F172,-,A175,T176,I177,M178,V179,I180,T181,Y182,L184,L1,T185,I186,K187,S188,L189,Q190,K191,E192,A193,A194,D195,L196,E197,D198,N199,W200,E201,T202,L203,N204,D205,N206,L207,K208,V209,I210,E211,K212,A213,D214,N215,A216,A217,Q218,V219,K220,D221,A222,L223,T224,K225,M226,R227,A228,A229,A230,L231,D232,A233,Q234,K235,A236,T237,P238,D239,S240,-,-,-,T287,L286,Y285,K284,Q283,I282,Y281,A280,N279,T277,T276,K275,L274,Q273,E272,A271,A270,A269,A267,E266,K265,V264,K263,K262,L261,A260,D259,I257,Q256,G255,V254,L253,I252,D251,F250,G249,R247,F246,D245,K244,M243,E242,P241,-,-,M288,Q289,S290,I291,S292,E294,H2,Q295,K296,A297,C298,K299,V300,L301,G302,V304,L3,F305,F306,L307,F308,V309,V310,M311,W312,P314,L3,F315,F316,I317,T318,N319,I320,M321,A322,V323,I324,C325,K326,E327,S328,C329,-,V333,D332,E331,N330,-,I334,G335,A336,L337,L338,N339,V340,F341,V342,I344,L3,G345,Y346,A347,S348,S349,A350,V351,N352,L3,L354,V355,Y356,T357,L358,F359,-,-,-,-,-,-,-,-,-,-,-,P353,-,-,-,-,-,-,N360,K361,Y363,L3,R364,S365,A366,F367,S368,R369,Y370,C373,Q374,-,Y375,K376,L1,Q4,A14,N24,E34,K35,K36,L37,Q38,N42,-,-,-,-,-,-,-,-,-,-,-,-,-
4MQS_A,-,-,-,-,-,-,-,-,-,-,-,-,-,-,-,-,-,-,-,-,-,-,-,-,-,-,-,-,-,-,-,-,-,-,-,-,-,-,-,-,-,-,-,-,-,-,-,-,-,-,-,-,-,-,-,-,-,-,-,-,-,-,-,-,-,-,-,-,-,-,-,-,-,-,-,-,-,-,-,-,-,-,-,-,-,-,-,-,-,-,-,-,-,-,-,-,-,-,-,-,-,-,-,-,-,-,-,-,-,-,-,-,-,-,-,-,-,-,-,-,-,-,-,-,-,-,-,-,-,-,-,-,-,-,-,-,-,-,-,-,-,-,-,-,-,-,-,-,-,-,-,-,-,-,-,-,-,-,-,-,-,-,-,-,-,-,-,-,-,-,-,K1,T2,F3,E4,V5,V6,F7,I8,V9,L10,V11,A12,K1,S14,L15,S16,L17,V18,T19,I20,I21,G22,T2,I24,L25,V26,M27,V28,S29,I30,K31,V32,-,-,-,-,-,-,-,-,-,-,-,-,-,-,-,-,-,-,-,-,-,-,-,-,-,-,-,-,-,-,-,-,-,-,T38,V39,N41,-,Y42,F43,L44,F45,S46,L47,A48,C49,A50,V5,L52,I53,I54,G55,V56,S58,M59,N60,L61,V6,T63,L64,Y65,T66,V67,I68,G69,-,W71,P72,L73,-,-,-,-,-,-,-,-,-,-,-,-,-,-,-,G74,P75,V76,V77,C78,D79,L80,W81,A83,I8,L84,D85,Y86,V87,V88,S89,N90,A91,V93,V9,M94,N95,L96,L97,I98,I99,S100,F101,R103,K1,Y104,F105,C106,V107,T108,K109,P110,L111,T112,Y113,P114,-,-,-,-,-,-,-,-,-,-,-,-,-,-,-,-,-,-,-,-,-,-,-,-,-,-,-,-,-,-,-,-,-,-,-,-,-,-,-,-,-,-,-,-,-,-,-,V115,K116,R117,T118,T119,K120,-,M121,A122,G123,M124,M125,I126,A127,A128,W130,K1,V131,L132,S133,F134,I135,L136,W137,A138,A140,K1,I141,L142,F143,W144,Q145,F146,I147,V148,G149,V150,R151,T152,V153,E154,D155,G156,E157,-,-,-,-,-,-,-,-,-,-,-,-,-,-,-,-,-,S164,F163,F162,Q161,I160,Y159,C158,-,-,-,-,-,-,-,-,-,-,-,-,-,-,-,N165,A166,A167,T169,K1,F170,G171,T172,A173,A175,A176,F177,Y178,P180,K1,V181,I182,I183,M184,T185,V186,L187,Y188,H190,K1,I191,S192,R193,A194,S195,K196,S197,-,-,-,-,-,-,-,-,-,-,-,-,-,-,-,-,-,-,-,-,-,-,-,-,-,-,-,-,-,-,-,-,-,-,-,-,-,-,-,-,-,-,-,-,-,-,-,-,-,-,-,-,-,-,-,-,-,-,-,-,-,-,-,-,-,-,-,-,-,-,-,-,-,-,-,-,-,-,-,-,-,-,-,-,-,-,-,-,-,-,-,-,-,-,-,-,-,-,P198,P199,P200,S201,E203,T2,K204,K205,V206,T207,R208,T209,I210,L211,I213,T2,L214,L215,A216,F217,I218,I219,T220,W221,P223,T2,Y224,N225,V226,M227,V228,L229,I230,N231,T232,F233,C234,A235,P236,-,-,-,I238,C237,-,-,-,P239,N240,T241,V242,W243,T244,I245,G246,Y247,L249,T2,C250,Y251,I252,N253,S254,T255,I256,N257,T2,A259,C260,Y261,A262,L263,C264,-,-,-,-,-,-,-,-,-,-,-,P258,-,-,-,-,-,-,N265,A266,F268,T2,K269,K270,T271,F272,K273,H274,L275,L276,M277,F3,G13,N23,N33,R34,H35,L36,Q37,N40,D51,F57,Y62,Y70,-,-,-,-,-,-,-,-,-,-,-,-,-
3NYA_A,-,-,-,-,-,-,-,-,-,-,-,-,-,-,-,-,-,-,-,-,-,-,-,-,-,-,-,-,-,-,-,-,-,-,-,-,-,-,-,-,-,-,-,-,-,-,-,-,-,-,-,-,-,-,-,-,-,-,-,-,-,-,-,-,-,-,-,-,-,-,-,-,-,-,-,-,-,-,-,-,-,-,-,-,-,-,-,-,-,-,-,-,-,-,-,-,-,-,-,-,-,-,-,-,-,-,-,-,-,-,-,-,-,-,-,-,-,-,-,-,-,-,-,-,-,-,-,-,-,-,-,-,-,-,-,-,-,-,-,-,-,-,-,-,-,-,-,-,-,-,-,-,-,-,-,-,-,-,-,-,-,-,-,-,-,-,-,-,-,W1,V2,V3,G4,-,M5,G6,-,-,-,I7,V8,M9,S10,-,L11,I12,V13,L14,A15,I16,V17,F18,G19,-,V21,L22,V23,I24,T25,A26,I27,A28,T35,-,-,-,-,-,K29,-,-,-,-,-,-,-,-,-,-,-,-,-,-,-,-,-,-,-,-,-,-,F30,E31,R32,L33,Q34,-,V36,T37,N38,-,Y39,F40,I41,T42,S43,L44,A45,C46,D48,G4,L49,V50,M51,G52,A54,V55,V56,P57,F58,-,G59,A60,A61,H62,I63,-,-,K66,M67,W68,T69,F70,G71,N72,F73,W74,C75,-,S80,T79,W78,F77,E76,-,-,-,-,-,-,-,-,-,-,L64,M65,G6,I81,D82,V83,L84,C85,V86,T87,A88,I90,M9,W91,T92,L93,C94,V95,I96,A97,V98,Y101,W1,F102,A103,I104,T105,S106,P107,-,-,-,-,-,-,-,-,-,-,-,-,-,-,-,-,-,-,-,-,-,-,-,-,-,-,-,-,-,-,-,-,-,-,-,-,-,-,-,-,-,-,-,-,-,-,-,-,-,-,-,-,-,-,-,-,F108,K109,-,Y110,Q111,S112,L113,L114,-,-,-,T115,-,K116,N117,K118,A119,R120,V121,I122,-,I123,-,L124,T158,C159,C160,-,F162,F163,T164,N165,-,-,-,-,-,-,-,-,-,-,-,-,-,-,-,-,-,-,-,-,-,-,-,-,-,-,-,-,-,-,-,-,-,-,-,-,-,-,-,-,-,-,-,-,-,-,-,D161,Q166,A167,A169,W1,I170,A171,S172,S173,I174,V175,S176,F177,Y178,-,V179,P180,L181,V182,I183,M184,G221,Y222,Y223,-,T224,V273,R274,G275,Q321,K322,R323,D325,E326,-,-,-,-,-,-,-,-,-,-,-,-,-,-,-,-,-,-,-,-,-,-,-,-,-,-,-,-,-,-,-,-,-,-,-,-,-,-,-,-,-,-,-,-,-,-,-,-,-,-,-,-,-,-,-,-,-,-,-,-,-,-,-,-,-,-,-,-,-,-,-,-,-,-,-,-,-,-,-,-,-,-,-,-,-,-,-,-,-,-,-,-,-,-,-,A327,A328,R352,T353,K364,E365,-,H366,K367,A368,L369,K370,T371,L372,G373,I374,-,M376,G377,T378,F379,T380,L381,C382,L384,P385,-,F386,F387,I388,V389,N390,I391,V392,H393,V394,I395,Q396,D397,N398,-,-,-,I400,L399,-,-,-,R401,K402,E403,V404,Y405,I406,L407,L408,N409,I411,G4,G412,Y413,V414,N415,S416,G417,F418,N419,G4,L421,I422,Y423,C424,R425,S426,-,-,-,-,-,-,-,-,-,-,-,P420,-,-,-,-,-,-,P427,D428,F429,-,R430,I431,A432,F433,Q434,E435,L436,L437,C438,L439,-,-,-,-,-,-,-,-,-,-,-,-,-,-,-,-,-,-,-,-,-,-,-,-,-
6LUQ_A,-,-,-,-,-,-,-,-,-,-,-,-,-,-,-,-,-,-,-,-,-,-,-,-,-,-,-,-,-,-,-,-,-,-,-,-,-,-,-,-,-,-,-,-,-,-,-,-,-,-,-,-,-,-,-,-,-,-,-,-,-,-,-,-,-,-,-,-,-,-,-,-,-,-,-,-,-,-,-,-,-,-,-,-,-,-,-,-,-,-,-,-,-,-,-,-,-,-,-,-,-,-,-,-,-,-,-,-,-,-,-,-,-,-,-,-,-,-,-,-,-,-,-,-,-,-,-,-,-,-,-,-,-,-,-,-,-,-,-,-,-,-,-,-,-,-,-,-,-,-,-,-,-,-,-,-,-,-,-,-,-,-,-,-,N1,Y2,Y3,A4,T5,L6,L7,T8,L9,-,L10,-,-,-,-,-,-,-,-,-,-,-,I11,A12,V13,I14,V15,F16,L20,N1,V21,C22,M23,A24,V25,S26,L31,Q32,T33,-,-,-,-,-,R27,-,-,-,-,-,-,-,-,-,-,-,-,-,-,-,-,-,-,-,-,-,-,E28,K29,A30,-,-,-,T34,T35,N36,-,Y37,L38,I39,V40,S41,L42,A43,V44,A45,-,D46,L47,L48,T51,L52,V53,M54,P55,W56,-,V57,V58,-,-,-,V62,V63,G64,E65,W66,K67,F68,S69,R70,I71,H72,C73,D74,V81,D80,L79,T78,V77,F76,I75,A50,-,-,-,-,-,-,-,-,Y59,-,L60,E61,M82,M83,C84,T85,A86,S87,A88,-,L89,N90,L91,C92,A93,I94,S95,I96,D97,-,-,-,-,-,R98,Y99,-,-,-,-,-,-,-,-,-,-,-,-,-,-,-,-,-,-,-,-,-,-,-,-,-,-,-,-,-,-,-,-,-,-,-,-,-,-,-,-,-,-,-,-,-,-,-,-,-,-,-,-,-,-,-,-,T100,A101,-,V102,K111,R112,R113,V114,T115,V116,M117,I118,-,S119,I120,-,-,-,-,-,-,-,I128,S129,C130,P131,L132,L133,F134,G135,L136,N137,N138,A139,D140,Q141,N142,E143,-,-,-,-,-,-,-,-,-,-,-,-,-,-,-,-,-,-,-,P149,N148,A147,I146,I145,C144,-,-,-,-,-,-,-,-,-,-,-,-,-,-,-,-,-,-,V121,W122,-,V123,L124,S125,F126,T127,A150,F151,V152,V153,-,Y154,S155,S156,I157,V158,S159,F160,Y161,V162,-,P163,F164,I165,V166,R180,R181,R182,K183,R184,-,-,-,-,-,-,-,-,-,-,-,-,-,-,-,-,-,-,-,-,-,-,-,-,-,-,-,-,-,-,-,-,-,-,-,-,-,-,-,-,-,-,-,-,-,-,-,-,-,-,-,-,-,-,-,-,-,-,-,-,-,-,-,-,-,-,-,-,-,-,-,-,-,-,-,-,-,-,-,-,-,-,-,-,-,-,-,-,-,-,-,-,-,-,-,Y322,N323,Q324,Q345,K346,E347,-,K348,K349,A350,T351,Q352,M353,A354,A355,I356,-,A358,G359,V360,F361,I362,I363,C364,W365,L366,-,P367,F368,I370,T371,H372,I373,L374,I382,P383,-,-,-,-,-,-,-,-,-,-,-,-,-,P384,V385,L386,Y387,S388,A389,F390,T391,L393,Y3,G394,Y395,V396,N397,S398,A399,V400,N401,A4,I403,I404,Y405,T406,T407,F408,-,-,-,-,-,-,-,-,-,-,P402,-,-,-,-,-,-,N409,I410,E411,F412,-,R413,K414,A415,F416,L417,K418,I419,L420,-,-,-,-,-,-,-,-,H421,N1,Y2,Y3,A4,T5,-,-,-,-,-,-,-,-,-,-,-,-,-
6A93_A,-,-,-,-,-,-,-,-,-,-,-,-,-,-,-,-,-,-,-,-,-,-,-,-,-,-,-,-,-,-,-,-,-,-,-,-,-,-,-,-,-,-,-,-,-,-,-,-,-,-,-,-,-,-,-,-,-,-,-,-,-,-,-,-,-,-,-,-,-,-,-,-,-,-,-,-,-,-,-,-,-,-,-,-,-,-,-,-,-,-,-,-,-,-,-,-,-,-,-,-,-,-,-,-,-,-,-,-,-,-,-,-,-,-,-,-,-,-,-,-,-,-,-,-,-,-,-,-,-,-,-,-,-,-,-,-,-,-,-,-,-,-,-,-,-,-,-,-,-,-,-,-,-,-,-,-,-,-,-,-,-,-,-,-,-,-,-,-,-,-,T1,H2,L3,Q4,E5,K6,N7,W8,S9,A10,L11,L12,T13,T1,V15,V16,I17,I18,L19,T20,I21,A22,G23,H2,I25,L26,V27,I28,M29,A30,V31,S32,L33,-,-,-,-,-,-,-,-,-,-,-,-,-,-,-,-,-,-,-,-,-,-,-,-,-,-,-,-,-,-,-,-,-,-,N39,A40,N42,Q4,Y43,F44,L45,M46,S47,L48,A49,I50,D52,E5,M53,L54,L55,G56,L58,V59,M60,P61,S63,K6,M64,L65,T66,I67,L68,Y69,G70,Y71,R72,W73,P74,-,-,-,-,-,-,-,-,-,-,-,-,-,-,L75,P76,S77,K78,L79,C80,A81,V82,W83,Y85,W8,L86,D87,V88,L89,F90,S91,T92,A93,K94,-,W96,H97,L98,C99,A100,I101,S102,L103,R105,T1,Y106,V107,A108,I109,Q110,N119,-,-,T122,-,N111,P112,I113,-,-,-,-,-,-,-,-,-,-,-,-,-,-,-,-,-,-,-,-,-,-,H115,H114,-,-,-,-,-,-,-,-,-,-,-,-,-,-,-,-,-,-,-,-,-,S116,R117,F118,-,S120,R121,T1,K123,A124,F125,L126,K127,I128,I129,A130,W132,T1,T133,I134,S135,V136,G137,I138,S139,-,P141,T1,I142,P143,V144,F145,G146,L147,Q148,D149,D150,S151,K152,V153,F154,K155,E156,-,-,-,-,-,-,-,-,-,-,-,-,-,-,-,-,-,-,-,A162,L161,L160,C159,S158,G157,-,-,-,-,-,-,-,-,-,-,-,-,-,-,-,-,D163,D164,N165,V167,T1,L168,I169,G170,S171,F172,S174,F175,F176,P178,T1,L179,T180,I181,M182,V183,I184,T185,Y186,L188,T1,T189,I190,K191,S192,L193,Q194,K195,E196,A197,-,-,-,-,-,-,-,-,-,-,-,-,-,-,-,-,-,-,-,-,-,-,-,-,-,-,-,-,-,-,-,-,-,-,-,-,-,-,-,-,-,-,-,-,-,-,-,-,-,-,-,-,-,-,-,-,-,-,-,-,-,-,-,-,-,-,-,-,-,-,-,-,-,-,-,-,-,-,-,-,-,-,-,-,-,-,-,-,-,-,-,-,-,-,-,G283,Q284,S285,I286,S287,E289,H2,Q290,K291,A292,C293,K294,V295,L296,G297,V299,H2,F300,F301,L302,F303,V304,V305,M306,W307,P309,L3,F310,F311,I312,T313,N314,I315,M316,A317,V318,I319,C320,K321,E322,S323,C324,-,V328,D327,E326,N325,-,I329,G330,A331,L332,L333,N334,V335,F336,V337,I339,L3,G340,Y341,L342,S343,S344,A345,V346,N347,L3,L349,V350,Y351,T352,L353,F354,-,-,-,-,-,-,-,-,-,-,-,P348,-,-,-,-,-,-,N355,K356,Y358,L3,R359,S360,A361,F362,S363,R364,Y365,I366,Q367,-,C368,Q369,Y370,T1,Q4,A14,N24,E34,K35,K36,L37,Q38,-,-,-,-,-,-,-,-,-,-,-,-,-
6WGT_B,-,-,-,-,-,-,-,-,-,-,-,-,-,-,-,-,-,-,-,-,-,-,-,-,-,-,-,-,-,-,-,-,-,-,-,-,-,-,-,-,-,-,-,-,-,-,-,-,-,-,-,-,-,-,-,-,-,-,-,-,-,-,-,-,-,-,-,-,-,-,-,-,-,-,-,-,-,-,-,-,-,-,-,-,-,-,-,-,-,-,-,-,-,-,-,-,-,-,-,-,-,-,-,-,-,-,-,-,-,-,-,-,-,-,-,-,-,-,-,-,-,-,-,-,-,-,-,-,-,-,-,-,-,-,-,-,-,-,-,-,-,-,-,-,-,-,-,-,-,-,-,-,-,-,-,-,-,-,-,-,-,-,-,-,-,-,-,-,-,-,-,H1,L2,Q3,E4,K5,N6,W7,S8,A9,L10,L11,T12,H1,V14,V15,I16,I17,L18,T19,I20,A21,G22,L2,I24,L25,V26,I27,M28,A29,V30,S31,L32,-,-,-,-,-,-,-,-,-,-,-,-,-,-,-,-,-,-,-,-,-,-,-,-,-,-,-,-,-,-,-,-,-,-,N38,A39,T40,E4,Y42,F43,L44,M45,S46,L47,A48,I49,A50,K5,M52,L53,L54,G55,L57,V58,M59,P60,S62,N6,M63,L64,T65,I66,L67,Y68,G69,Y70,R71,W72,P73,-,-,-,-,-,-,-,-,-,-,-,-,-,-,L74,P75,S76,K77,L78,C79,A80,V81,W82,Y84,S8,L85,D86,V87,L88,F89,S90,T91,A92,I94,A9,M95,H96,L97,C98,A99,I100,S101,L102,R104,H1,Y105,V106,A107,I108,Q109,N110,-,S112,R113,-,-,-,-,-,-,-,-,-,-,-,-,-,-,-,-,-,-,-,-,-,-,-,-,-,-,-,-,-,-,-,-,-,-,-,-,-,-,-,-,-,-,-,-,-,-,-,-,-,-,-,-,-,N111,T114,-,K115,A116,F117,L118,K119,I120,I121,A122,W124,H1,T125,I126,S127,V128,G129,I130,S131,-,P133,H1,I134,P135,V136,F137,G138,L139,Q140,S141,K142,V143,F144,K145,E146,G147,-,-,-,-,-,-,-,-,-,-,-,-,-,-,-,-,-,-,-,-,A152,L151,L150,C149,S148,-,-,-,-,-,-,-,-,-,-,-,-,-,-,-,-,-,D153,D154,N155,V157,H1,L158,I159,G160,S161,F162,V163,S164,F165,F166,-,A169,T170,I171,M172,V173,I174,T175,Y176,L178,H1,T179,I180,K181,S182,L183,Q184,K185,E186,A187,A188,D189,L190,E191,D192,N193,W194,E195,T196,L197,N198,D199,N200,L201,K202,V203,I204,E205,K206,N207,A208,A209,Q210,V211,K212,D213,A214,L215,T216,K217,M218,R219,A220,A221,A222,L223,D224,A225,Q226,K227,A228,-,-,-,-,-,-,-,-,-,T269,L268,Y267,K266,Q265,I264,Y263,A262,N261,T259,T258,K257,L256,Q255,E254,A253,A252,A251,A249,A248,D247,D246,I245,Q244,G243,V242,L241,D239,F238,G237,H236,R235,F234,D233,K232,M231,P229,-,-,-,-,-,-,-,-,M270,Q271,S272,I273,S274,E276,L2,Q277,K278,A279,C280,K281,V282,L283,G284,V286,L2,F287,F288,L289,F290,V291,V292,M293,W294,P296,L2,F297,F298,I299,T300,N301,I302,M303,A304,V305,I306,C307,K308,E309,S310,C311,-,V315,D314,E313,N312,-,I316,G317,A318,L319,L320,N321,V322,F323,V324,I326,Q3,G327,Y328,A329,S330,S331,A332,V333,N334,Q3,L336,V337,Y338,T339,L340,F341,-,-,-,-,-,-,-,-,-,-,-,P335,-,-,-,-,-,-,N342,K343,Y345,Q3,R346,S347,A348,F349,S350,R351,Y352,C355,Q356,-,Y357,K358,Q3,A13,N23,E33,K34,K35,L36,Q37,N41,D51,-,-,-,-,-,-,-,-,-,-,-,-,-
5JQH_A,-,-,-,-,-,-,-,-,-,-,-,-,-,-,-,-,-,-,-,-,-,-,-,-,-,-,-,-,-,-,-,-,-,-,-,-,-,-,-,-,-,-,-,-,-,-,-,-,-,-,-,-,-,-,-,-,-,-,-,-,-,-,-,-,N1,I2,F3,E4,M5,L6,R7,I8,D9,E10,F11,N12,Q13,D14,V15,D16,A17,A18,V19,R20,G21,I22,L23,R24,N25,A26,K27,L28,K29,P30,V31,Y32,D33,S34,L35,D36,A37,V38,R39,R40,A41,A42,L43,I44,N45,M46,V47,F48,Q49,M50,G51,E52,T53,G54,V55,A56,G57,F58,T59,N60,S61,L62,R63,M64,L65,Q66,Q67,K68,R69,W70,D71,E72,A73,A74,V75,N76,L77,A78,K79,S80,R81,W82,Y83,N84,Q85,T86,P87,N88,R89,A90,K91,R92,V93,I94,T95,T96,F97,R98,T99,G100,T101,W102,D103,A104,Y105,A106,A107,D108,V110,N1,W111,V112,V113,G114,M115,G116,I117,V118,S120,N1,L121,I122,V123,L124,A125,I126,V127,F128,N130,N1,V131,L132,V133,I134,T135,A136,I137,A138,K139,F140,E141,R142,L143,Q144,-,-,-,-,-,-,-,-,-,-,-,-,-,-,-,-,-,-,-,-,-,-,-,-,-,-,-,-,-,T145,V146,N148,N1,Y149,F150,I151,T152,S153,L154,A155,C156,D158,N1,L159,V160,M161,G162,A164,V165,V166,P167,G169,N1,A170,A171,H172,I173,L174,T175,K176,T177,W178,T179,F180,-,-,-,-,-,-,-,-,-,-,-,-,-,-,-,G181,N182,F183,W184,C185,E186,F187,W188,S190,N1,I191,D192,V193,L194,C195,V196,T197,A198,I200,I2,E201,T202,L203,C204,V205,I206,A207,V208,R210,I2,Y211,F212,A213,I214,T215,S216,P217,F218,K219,Y220,-,-,-,-,-,-,-,-,-,-,-,-,-,-,-,-,-,-,-,-,-,-,-,-,-,-,-,-,-,-,-,-,-,-,-,-,-,-,-,-,-,-,-,-,-,-,-,-,Q221,S222,L223,L224,T225,N227,I2,K228,A229,R230,V231,I232,I233,L234,M235,W237,I2,I238,V239,S240,G241,L242,T243,S244,F245,P247,I2,I248,Q249,M250,H251,W252,Y253,R254,A255,T256,H257,Q258,E259,A260,I261,N262,C263,Y264,A265,-,-,-,-,-,-,-,-,-,-,-,-,-,-,-,-,T274,F273,F272,D271,C270,C269,T268,E267,E266,-,-,-,-,-,-,-,-,-,-,-,-,-,N275,Q276,A277,A279,I2,I280,A281,S282,S283,I284,S286,F287,Y288,P290,I2,L291,V292,I293,M294,V295,F296,V297,Y298,R300,F3,V301,F302,Q303,E304,A305,K306,R307,Q308,L309,-,-,-,-,-,-,-,-,-,-,-,-,-,-,-,-,-,-,-,-,-,-,-,-,-,-,-,-,-,-,-,-,-,-,-,-,-,-,-,-,-,-,-,-,-,-,-,-,-,-,-,-,-,-,-,-,-,-,-,-,-,-,-,-,-,-,-,-,-,-,-,-,-,-,-,-,-,-,-,-,-,-,-,-,-,-,-,-,-,-,-,-,-,-,-,D310,K311,F312,A313,L314,E316,F3,H317,K318,A319,L320,K321,T322,L323,I325,I326,-,M327,G328,T329,F330,T331,L332,C333,W334,P336,F3,F337,F338,I339,V340,N341,I342,V343,H344,V345,I346,Q347,D348,N349,-,-,-,I351,L350,-,-,-,R352,K353,E354,V355,Y356,I357,L358,L359,N360,I362,F3,G363,Y364,V365,N366,S367,G368,F369,N370,F3,L372,I373,Y374,C375,R376,-,-,-,-,-,-,-,-,-,-,-,-,-,P371,-,-,-,-,-,S377,P378,F380,F3,R381,I382,A383,F384,Q385,E386,L387,L388,C389,L390,R391,-,-,-,-,-,-,-,-,-,-,-,-,-,-,-,-,-,-,-,-,-,-,-,-
3SN6_R,-,-,-,-,-,-,-,-,-,-,-,-,N1,I2,F3,E4,M5,L6,R7,I8,D9,E10,G11,L12,R13,L14,K15,I16,Y17,K18,D19,T20,E21,G22,Y23,Y24,T25,I26,G27,I28,G29,H30,L31,L32,T33,K34,S35,P36,S37,L38,N39,A40,A41,K42,S43,E44,L45,D46,K47,A48,I49,G50,R51,N52,T53,N54,G55,V56,I57,T58,K59,D60,E61,A62,E63,K64,L65,F66,N67,Q68,D69,V70,D71,A72,A73,V74,R75,G76,I77,L78,R79,N80,A81,K82,L83,K84,P85,V86,Y87,D88,S89,L90,D91,A92,V93,R94,R95,A96,A97,L98,I99,N100,M101,V102,F103,Q104,M105,G106,E107,T108,G109,V110,A111,G112,F113,T114,N115,S116,L117,R118,M119,L120,Q121,Q122,K123,R124,W125,D126,E127,A128,A129,V130,N131,L132,A133,K134,S135,R136,W137,Y138,N139,Q140,T141,P142,N143,R144,A145,K146,R147,V148,I149,T150,T151,F152,R153,T154,G155,T156,W157,D158,A159,E160,V161,-,W162,V163,V164,G165,M166,G167,I168,V169,S171,N1,L172,I173,V174,L175,A176,I177,V178,F179,N181,N1,V182,L183,V184,I185,T186,A187,I188,A189,K190,F191,E192,R193,L194,Q195,-,-,-,-,-,-,-,-,-,-,-,-,-,-,-,-,-,-,-,-,-,-,-,-,-,-,-,-,-,T196,V197,N199,N1,Y200,F201,I202,T203,S204,L205,A206,C207,D209,I2,L210,V211,M212,G213,A215,V216,V217,P218,G220,I2,A221,A222,H223,I224,L225,T226,K227,T228,W229,T230,F231,-,-,-,-,-,-,-,-,-,-,-,-,-,-,-,G232,N233,F234,W235,C236,E237,F238,W239,S241,I2,I242,D243,V244,L245,C246,V247,T248,A249,I251,I2,E252,T253,L254,C255,V256,I257,A258,V259,R261,I2,Y262,F263,A264,I265,T266,S267,P268,F269,K270,Y271,-,-,-,-,-,-,-,-,-,-,-,-,-,-,-,-,-,-,-,-,-,-,-,-,-,-,-,-,-,-,-,-,-,-,-,-,-,-,-,-,-,-,-,-,-,-,-,-,Q272,S273,L274,L275,T276,N278,I2,K279,A280,R281,V282,I283,I284,L285,M286,W288,I2,I289,V290,S291,G292,L293,T294,S295,F296,P298,I2,I299,Q300,M301,H302,W303,Y304,R305,Q306,E307,A308,I309,N310,C311,Y312,A313,E314,E315,-,-,-,-,-,-,-,-,-,-,-,-,-,-,-,-,-,T322,F321,F320,D319,C318,C317,T316,-,-,-,-,-,-,-,-,-,-,-,-,-,-,-,N323,Q324,A325,A327,F3,I328,A329,S330,S331,I332,S334,F335,Y336,P338,F3,L339,V340,I341,M342,V343,F344,V345,Y346,R348,F3,V349,F350,Q351,E352,A353,K354,R355,Q356,L357,-,-,-,-,-,-,-,-,-,-,-,-,-,-,-,-,-,-,-,-,-,-,-,-,-,-,-,-,-,-,-,-,-,-,-,-,-,-,-,-,-,-,-,-,-,-,-,-,-,-,-,-,-,-,-,-,-,-,-,-,-,-,-,-,-,-,-,-,-,-,-,-,-,-,-,-,-,-,-,-,-,-,-,-,-,-,-,-,-,-,-,-,-,-,-,Q358,K359,R366,C367,L368,E370,F3,H371,K372,A373,L374,K375,T376,L377,I379,I380,-,M381,G382,T383,F384,T385,L386,C387,W388,P390,F3,F391,F392,I393,V394,N395,I396,V397,H398,V399,I400,Q401,D402,N403,-,-,-,I405,L404,-,-,-,R406,K407,E408,V409,Y410,I411,L412,L413,N414,I416,E4,G417,Y418,V419,N420,S421,G422,F423,N424,E4,L426,I427,Y428,C429,R430,-,-,-,-,-,-,-,-,-,-,-,-,-,P425,-,-,-,-,-,S431,P432,F434,E4,R435,I436,A437,F438,Q439,E440,L441,L442,C443,N1,I2,F3,E4,M5,L6,R7,I8,D9,E10,G11,L12,R13,-,-,-,-,-,-,-,-,-,-,-,-,-
2RH1_A,-,-,-,-,-,-,-,-,-,-,-,-,-,-,-,-,-,-,-,-,-,-,-,-,-,-,-,-,-,-,-,-,-,-,-,-,-,-,-,-,-,-,-,-,-,-,-,-,-,-,-,-,-,-,-,-,-,-,-,-,-,-,-,-,-,-,-,-,-,-,-,-,-,-,-,-,-,-,-,-,-,-,-,-,-,-,-,-,-,-,-,-,-,-,-,-,-,-,-,-,-,-,-,-,-,-,-,-,-,-,-,-,-,-,-,-,-,-,-,-,-,-,-,-,-,-,-,-,-,-,-,-,-,-,-,-,-,-,-,-,-,-,-,-,-,-,-,-,-,-,-,-,-,-,-,-,-,-,-,D1,E2,V3,W4,V5,V6,G7,M8,G9,I10,V11,M12,S13,-,-,-,-,-,-,-,-,-,-,-,-,L14,I15,V16,L17,A18,I19,V20,F21,G22,-,N23,V24,L25,V26,I27,T28,L36,Q37,T38,-,-,-,-,-,A29,I30,-,-,-,-,-,-,-,-,-,-,K32,A31,-,-,-,-,-,-,-,-,-,F33,E34,R35,-,-,-,V39,T40,N41,-,Y42,F43,I44,T45,S46,L47,A48,-,-,-,-,-,-,-,A57,V58,V59,P60,F61,-,-,-,-,G62,A63,A64,H65,I66,L67,M68,K69,M70,W71,-,-,-,-,-,T72,-,-,-,-,-,-,F73,G74,N75,F76,W77,C78,E79,F80,W81,T82,-,I84,D85,V86,L87,C88,V89,T90,A91,S92,-,I93,T95,L96,C97,V98,I99,A100,V101,R103,D1,Y104,F105,A106,I107,T108,S109,-,-,K112,Y113,Q114,S115,L116,L117,T118,-,-,-,-,-,-,-,-,-,-,-,-,-,-,-,-,-,-,-,-,R123,A122,K121,N120,K119,-,-,-,-,-,-,-,-,-,-,-,-,-,-,-,-,-,-,-,-,-,-,P110,F111,D1,V124,I125,I126,L127,M128,V129,W130,I131,-,-,-,-,-,S137,F138,L139,P140,I141,Q142,M143,H144,W145,Y146,R147,A148,T149,H150,Q151,E152,A153,I154,N155,C156,Y157,A158,E159,E160,T161,C162,C163,D164,-,-,-,-,-,-,-,-,-,-,-,-,-,S176,S175,A174,I173,A172,Y171,A170,Q169,N168,F166,F165,-,-,-,-,-,-,-,-,-,-,-,-,-,V132,S133,-,G134,L135,T136,I177,V178,S179,F180,Y181,V182,-,P183,L184,V185,I186,M187,V188,F189,V190,K217,D1,I218,G257,V258,I259,T260,K261,D262,E263,A264,E265,K266,L267,F268,N269,Q270,D271,V272,D273,A274,A275,V276,R277,G278,I279,L280,R281,N282,A283,K284,L285,K286,P287,-,-,-,-,-,-,-,-,-,-,-,-,-,-,-,-,-,-,-,-,-,-,-,-,-,-,-,T310,E309,G308,M307,Q306,F305,V304,M303,N302,L300,A299,A298,R297,R296,V295,A294,D293,L292,D290,Y289,V288,-,-,-,-,-,-,-,-,-,-,-,-,-,-,-,-,-,-,-,-,-,-,-,-,G311,V312,L322,Q323,Q324,K325,-,H369,K370,A371,L372,K373,T374,L375,I377,I378,-,M379,G380,T381,F382,T383,L384,C385,W386,P388,V3,F389,F390,I391,V392,N393,I394,V395,H396,-,-,-,-,-,-,-,-,-,-,-,-,-,-,-,V397,I398,Q399,D400,N401,L402,N412,I414,W4,G415,Y416,V417,N418,S419,G420,F421,N422,W4,L424,I425,Y426,C427,R428,S429,-,-,-,-,-,-,-,-,-,-,-,P423,-,-,-,-,-,-,P430,D431,F432,-,R433,I434,A435,F436,Q437,E438,L439,L440,-,-,-,-,-,-,-,-,-,-,C441,-,L442,D1,-,-,-,-,-,-,-,-,-,-,-,-,-
6MXT_A,-,-,-,-,-,-,-,-,G1,N2,I3,F4,E5,M6,L7,R8,I9,D10,E11,G12,L13,R14,L15,K16,I17,Y18,K19,D20,T21,E22,G23,Y24,Y25,T26,I27,G28,I29,G30,H31,L32,L33,T34,K35,S36,P37,S38,L39,N40,A41,A42,K43,S44,E45,L46,D47,K48,A49,I50,G51,R52,N53,T54,N55,G56,V57,I58,T59,K60,D61,E62,A63,E64,K65,L66,F67,N68,Q69,D70,V71,D72,A73,A74,V75,R76,G77,I78,L79,R80,N81,A82,K83,L84,K85,P86,V87,Y88,D89,S90,L91,D92,A93,V94,R95,R96,A97,A98,L99,I100,N101,M102,V103,F104,Q105,M106,G107,E108,T109,G110,V111,A112,G113,F114,T115,N116,S117,L118,R119,M120,L121,Q122,Q123,K124,R125,W126,D127,E128,A129,A130,V131,N132,L133,A134,K135,S136,R137,W138,Y139,N140,Q141,T142,P143,N144,R145,A146,K147,R148,V149,I150,T151,T152,F153,R154,T155,G156,T157,W158,D159,A160,Y161,A162,A163,D164,V166,G1,W167,V168,V169,G170,M171,G172,I173,V174,S176,G1,L177,I178,V179,L180,A181,I182,V183,F184,N186,G1,V187,L188,V189,I190,T191,A192,I193,A194,K195,F196,E197,R198,L199,Q200,-,-,-,-,-,-,-,-,-,-,-,-,-,-,-,-,-,-,-,-,-,-,-,-,-,-,-,-,-,T201,V202,N204,N2,Y205,F206,I207,T208,S209,L210,A211,C212,D214,N2,L215,V216,M217,G218,A220,V221,V222,P223,G225,N2,A226,A227,H228,I229,L230,T231,K232,T233,W234,T235,F236,-,-,-,-,-,-,-,-,-,-,-,-,-,-,-,G237,N238,F239,W240,C241,E242,F243,W244,S246,N2,I247,D248,V249,L250,C251,V252,T253,A254,I256,N2,E257,T258,L259,C260,V261,I262,A263,V264,R266,N2,Y267,F268,A269,I270,T271,S272,P273,F274,K275,Y276,-,-,-,-,-,-,-,-,-,-,-,-,-,-,-,-,-,-,-,-,-,-,-,-,-,-,-,-,-,-,-,-,-,-,-,-,-,-,-,-,-,-,-,-,-,-,-,-,Q277,S278,L279,L280,T281,N283,N2,K284,A285,R286,V287,I288,I289,L290,M291,W293,N2,I294,V295,S296,G297,L298,T299,S300,F301,P303,I3,I304,Q305,M306,H307,W308,Y309,R310,A311,T312,H313,Q314,E315,A316,I317,N318,C319,Y320,A321,-,-,-,-,-,-,-,-,-,-,-,-,-,-,-,-,T330,F329,F328,D327,C326,C325,T324,E323,E322,-,-,-,-,-,-,-,-,-,-,-,-,-,N331,Q332,A333,A335,I3,I336,A337,S338,S339,I340,S342,F343,Y344,P346,I3,L347,V348,I349,M350,V351,F352,V353,Y354,R357,I3,V358,F359,Q360,E361,A362,K363,R364,Q365,L366,Q367,K368,-,-,-,-,-,-,-,-,-,-,-,-,-,-,-,-,-,-,-,-,-,-,-,-,-,-,-,-,-,-,-,-,-,-,-,-,-,-,-,-,-,-,-,-,-,-,-,-,I369,-,-,-,-,-,-,-,-,-,-,-,-,-,-,-,-,-,-,-,-,-,-,-,-,-,-,-,-,-,-,-,-,-,-,-,-,-,-,-,-,-,-,-,-,D370,K371,F372,L373,K374,E375,-,H376,K377,A378,L379,K380,T381,L382,I384,I385,-,M386,G387,T388,F389,T390,L391,C392,W393,P395,I3,F396,F397,I398,V399,N400,I401,V402,H403,V404,I405,Q406,D407,N408,-,-,-,I410,L409,-,-,-,R411,K412,E413,V414,Y415,I416,L417,L418,N419,I421,F4,G422,Y423,V424,N425,S426,G427,F428,N429,F4,L431,I432,Y433,C434,R435,-,-,-,-,-,-,-,-,-,-,-,-,-,P430,-,-,-,-,-,S436,P437,F439,F4,R440,I441,A442,F443,Q444,E445,L446,L447,L448,G1,N2,I3,F4,E5,M6,L7,R8,I9,D10,E11,G12,L13,-,-,-,-,-,-,-,-,-,-,-,-,-
7JOZ_R,-,-,-,-,-,-,-,-,-,-,-,-,I1,F2,E3,M4,L5,R6,I7,D8,E9,G10,L11,R12,L13,K14,I15,Y16,K17,D18,T19,E20,G21,Y22,Y23,T24,I25,G26,I27,G28,H29,L30,L31,T32,K33,S34,P35,S36,L37,N38,A39,A40,K41,S42,E43,L44,D45,K46,A47,I48,G49,R50,N51,T52,N53,G54,V55,I56,T57,K58,D59,E60,A61,E62,K63,L64,F65,N66,Q67,D68,V69,D70,A71,A72,V73,R74,G75,I76,L77,R78,N79,A80,K81,L82,K83,P84,V85,Y86,D87,S88,L89,D90,A91,V92,R93,R94,A95,A96,L97,I98,N99,M100,V101,F102,Q103,M104,G105,E106,T107,G108,V109,A110,G111,F112,T113,N114,S115,L116,R117,M118,L119,Q120,Q121,K122,R123,W124,D125,E126,A127,A128,V129,N130,L131,A132,K133,S134,R135,W136,Y137,N138,Q139,T140,P141,N142,R143,A144,K145,R146,V147,I148,T149,T150,F151,R152,T153,G154,T155,W156,D157,A158,Y159,A160,S161,-,V162,R163,I164,L165,T166,A167,C168,F169,S171,I1,L172,L173,I174,L175,S176,T177,L178,L179,N181,I1,T182,L183,V184,C185,A186,A187,V188,I189,R190,F191,R192,H193,L194,R195,-,-,-,-,-,-,-,-,-,-,-,-,-,-,-,-,-,-,-,-,-,-,-,-,-,-,-,-,S196,K197,V198,N200,F2,F201,F202,V203,I204,S205,L206,A207,V208,D210,F2,L211,L212,V213,A214,L216,V217,M218,P219,K221,F2,A222,V223,A224,E225,I226,A227,G228,F229,W230,P231,F232,-,-,-,-,-,-,-,-,-,-,-,-,-,-,-,-,G233,S234,F235,C236,N237,I238,W239,A241,F2,F242,D243,I244,M245,C246,S247,T248,A249,I251,F2,L252,N253,L254,C255,V256,I257,S258,V259,R261,F2,Y262,W263,A264,I265,S266,S267,P268,F269,R270,Y271,-,-,-,-,-,-,-,-,-,-,-,-,-,-,-,-,-,-,-,-,-,-,-,-,-,-,-,-,-,-,-,-,-,-,-,-,-,-,-,-,-,-,-,-,-,-,-,-,E272,R273,K274,M275,T276,K278,F2,A279,A280,F281,I282,L283,I284,S285,V286,W288,F2,T289,L290,S291,V292,L293,I294,S295,F296,P298,F2,V299,Q300,L301,S302,W303,H304,N305,C306,D307,S308,S309,-,-,-,-,-,-,-,-,-,-,-,-,-,-,-,-,-,-,-,-,-,-,-,L310,-,-,-,-,-,-,-,-,-,-,-,-,-,-,-,-,-,-,-,-,-,S311,R312,T313,A315,E3,I316,S317,S318,S319,V320,S322,F323,Y324,P326,E3,V327,A328,I329,M330,I331,V332,T333,Y334,R336,E3,I337,Y338,R339,I340,A341,Q342,K343,Q344,I345,-,-,-,-,-,-,-,-,-,-,-,-,-,-,-,-,-,-,-,-,-,-,-,-,-,-,-,-,-,-,-,-,-,-,-,-,-,-,-,-,-,-,-,-,-,-,-,-,-,-,-,-,-,-,-,-,-,-,-,-,-,-,-,-,-,-,-,-,-,-,-,-,-,-,-,-,-,-,-,-,-,-,-,-,-,-,-,-,-,-,-,-,-,-,-,C361,M362,S363,F364,K365,E367,E3,T368,K369,V370,L371,K372,T373,L374,S375,I377,E3,M378,G379,V380,F381,V382,C383,C384,W385,P387,E3,F388,F389,I390,L391,N392,C393,I394,L395,P396,F397,C398,G399,S400,G401,E402,T403,I408,C407,F406,P405,Q404,D409,S410,N411,T412,F413,D414,V415,F416,V417,F419,M4,G420,W421,A422,N423,S424,S425,L426,N427,M4,I429,I430,Y431,A432,F433,-,-,-,-,-,-,-,-,-,-,-,-,-,P428,-,-,-,-,-,N434,A435,F437,M4,R438,K439,A440,F441,S442,T443,L444,L445,G446,I1,F2,E3,M4,L5,R6,I7,D8,E9,G10,L11,R12,L13,-,-,-,-,-,-,-,-,-,-,-,-,-
1GZM_B,-,-,-,-,-,-,-,-,-,-,-,-,-,-,-,-,-,-,-,-,-,-,-,-,-,-,-,-,-,-,-,-,-,-,-,-,-,-,-,-,-,-,-,-,-,-,-,-,-,-,-,-,-,-,-,-,-,-,-,-,-,-,-,-,-,-,-,-,-,-,-,-,-,-,-,-,-,-,-,-,-,-,-,-,-,-,-,-,-,-,-,-,-,-,-,-,-,-,-,-,-,-,-,-,-,-,-,-,-,-,-,-,-,-,-,-,-,-,-,-,-,-,-,-,-,-,-,-,-,-,-,-,-,-,-,-,-,-,-,M1,N2,G3,T4,E5,G6,P7,N8,F9,Y10,V11,P12,F13,S14,N15,K16,T17,G18,V19,V20,R21,S22,P23,F24,E25,A26,P27,Q28,Y29,Y30,L31,A32,E33,W35,G3,Q36,F37,S38,M39,L40,A41,A42,Y43,F45,T4,L46,L47,I48,M49,L50,G51,F52,P53,N55,E5,F56,L57,T58,L59,Y60,V61,T62,V63,Q64,H65,K66,K67,L68,R69,-,-,-,-,-,-,-,-,-,-,-,-,-,-,-,-,-,-,-,-,-,-,-,-,-,-,-,-,-,T70,P71,N73,P7,Y74,I75,L76,L77,N78,L79,A80,V81,D83,N8,L84,F85,M86,V87,F88,F91,T92,T93,T94,-,L95,Y96,T97,S98,L99,H100,G101,Y102,F103,V104,F105,-,-,-,-,-,-,-,-,-,-,-,-,-,-,-,G106,P107,T108,G109,C110,N111,L112,E113,F115,M1,F116,A117,T118,L119,G120,G121,E122,I123,L125,M1,W126,S127,L128,V129,V130,L131,A132,I133,R135,M1,Y136,V137,V138,V139,C140,K141,P142,M143,S144,N145,-,-,-,-,-,-,-,-,-,-,-,-,-,-,-,-,-,-,-,-,-,-,-,-,-,-,-,-,-,-,-,-,-,-,-,-,-,-,-,-,-,-,-,-,-,-,-,-,-,F146,R147,F148,G149,N151,M1,H152,A153,I154,M155,G156,V157,A158,F159,W161,M1,V162,M163,A164,L165,A166,C167,A168,P170,P171,-,L172,V173,G174,W175,S176,R177,Y178,I179,P180,E181,G182,M183,Q184,C185,S186,C187,G188,I189,D190,-,-,-,-,-,-,-,-,-,-,-,-,-,-,-,N199,T198,E197,E196,H195,P194,T193,Y192,Y191,-,-,-,-,-,-,-,-,-,-,-,-,-,N200,E201,S202,V204,N2,I205,Y206,M207,F208,V209,V210,H211,F212,P215,N2,L216,I217,V218,I219,F220,F221,C222,Y223,Q225,N2,L226,V227,F228,T229,V230,K231,E232,A233,A234,A235,Q236,Q237,-,-,-,-,-,-,-,-,-,-,-,-,-,-,-,-,-,-,-,-,-,-,-,-,-,-,-,-,-,-,-,-,-,-,-,-,-,-,-,-,-,-,-,-,-,-,-,S240,E239,Q238,-,-,-,-,-,-,-,-,-,-,-,-,-,-,-,-,-,-,-,-,-,-,-,-,-,-,-,-,-,-,-,-,-,-,-,-,-,-,-,-,-,-,A241,T242,T243,Q244,K245,E247,N2,K248,E249,V250,T251,R252,M253,V254,I255,M257,N2,V258,I259,A260,F261,L262,I263,C264,W265,P267,N2,Y268,A269,G270,V271,A272,F273,Y274,I275,F276,T277,H278,Q279,G280,-,-,-,F283,D282,S281,-,-,G284,P285,I286,F287,M288,T289,I290,P291,F293,F294,-,A295,K296,T297,S298,A299,V300,Y301,N302,G3,V304,I305,Y306,I307,M308,M309,-,-,-,-,-,-,-,-,-,-,-,P303,-,-,-,-,-,-,N310,K311,F313,G3,R314,N315,C316,M317,V318,T319,T320,L321,G324,G3,K325,N326,-,-,-,D327,D328,M1,N2,G3,T4,E5,-,-,-,-,-,-,-,-,-,-,-,-,-
5UEN_A,-,-,-,-,-,-,-,-,-,-,-,-,-,-,-,-,-,-,-,-,-,-,-,-,-,-,-,-,-,-,-,-,-,-,-,-,-,-,-,-,-,-,-,-,-,-,-,-,-,-,-,-,-,-,-,-,-,-,-,-,-,-,-,-,-,-,-,-,-,-,-,-,-,-,-,-,-,-,-,-,-,-,-,-,-,-,-,-,-,-,-,-,-,-,-,-,-,-,-,-,-,-,-,-,-,-,-,-,-,-,-,-,-,-,-,-,-,-,-,-,-,-,S1,I2,S3,A4,F5,Q6,A7,A8,Y9,I10,G11,I12,E13,V14,L15,I16,A17,L18,V19,S20,V21,P22,G23,N24,V25,L26,V27,I28,W29,A30,V31,K32,V33,N34,Q35,A36,L37,R38,D39,A40,T41,F42,C43,F44,I45,V46,S47,L48,A49,V50,A51,-,D52,V53,A54,V55,G56,A57,L58,V59,I60,-,P61,L62,A63,I64,L65,I66,N67,I68,G69,A7,C82,P83,V84,L85,-,-,-,-,-,-,-,-,-,-,P70,Q71,T72,-,-,-,-,-,-,-,-,-,F74,Y73,-,-,-,-,-,-,-,-,-,H75,T76,C77,L78,M79,V80,A81,-,-,-,-,I86,L87,T88,Q89,S90,S91,I92,L93,-,A94,L95,L96,A97,I98,A99,V100,D101,R102,-,Y103,L104,R105,V106,K107,I108,P109,-,-,-,-,-,-,-,-,-,-,-,-,-,-,-,-,-,-,-,L110,R111,-,-,-,-,-,-,-,-,-,-,-,-,-,-,-,-,-,-,-,-,-,-,-,-,-,-,-,-,Y112,K113,M114,V115,V116,T117,-,-,-,-,-,-,-,-,-,-,-,-,-,-,-,-,-,-,-,-,-,-,-,-,-,-,-,-,-,-,-,-,-,-,-,-,-,-,-,-,-,-,-,-,-,-,-,-,-,-,-,-,-,-,-,-,P118,R119,-,R120,A121,A122,V123,A124,I125,A126,R151,A152,-,W153,A154,A155,A156,V200,F201,Y202,-,N214,I2,W215,E216,T217,H244,G245,-,-,-,-,-,-,-,-,-,-,-,-,-,-,-,-,-,-,-,-,-,-,-,-,-,-,-,-,-,-,-,-,-,-,-,-,-,-,-,-,-,-,-,-,-,-,-,-,-,-,-,F246,D247,I248,L249,-,V250,G251,Q252,I253,L304,A305,L306,I307,L308,-,F309,L310,L326,F327,C328,S330,C331,H332,-,-,-,-,-,-,-,-,-,-,-,D254,D255,A256,L257,K258,L259,A260,N261,E262,G263,K264,V265,K266,E267,A268,Q269,A270,A271,A272,E273,Q274,L275,K276,-,-,-,-,-,-,-,-,-,-,-,-,-,-,-,-,-,-,-,-,-,-,-,-,-,-,-,L298,E297,K296,Q295,L294,T293,S292,R291,A290,E288,L287,Y286,K285,Q284,I283,Y282,A281,N280,T278,T277,-,-,-,-,-,-,-,-,-,-,-,-,-,-,-,-,-,-,-,-,-,-,-,-,-,K299,I300,A301,K302,S303,-,-,-,-,-,-,-,F311,A312,L313,S314,W315,L316,P317,L318,H319,I320,L321,N322,C323,I324,T325,-,-,-,P329,-,-,-,K333,P334,-,-,-,-,-,-,-,-,-,-,-,-,-,S335,I336,L337,T338,Y339,I340,A341,I342,L344,S3,T345,H346,G347,N348,S349,A350,M351,P353,S3,I354,V355,Y356,A357,F358,R359,I360,Q361,K362,F363,F367,T366,V365,R364,L368,K369,I370,W371,N372,D373,H374,F375,R376,C377,Q378,P379,L380,-,E381,V382,L383,F384,S1,I2,S3,A4,F5,Q6,A7,A8,Y9,I10,G11,I12,E13,V14,L15,I16,A17,L18,-,-,-,-,-,-,-,-,-,-,-,-,-
4LDO_A,D1,A2,E3,N4,L5,Y6,F7,Q8,G9,N10,I11,F12,E13,M14,L15,R16,I17,D18,E19,G20,L21,R22,L23,K24,I25,Y26,K27,D28,T29,E30,G31,Y32,Y33,T34,I35,G36,I37,G38,H39,L40,L41,T42,K43,S44,P45,S46,L47,N48,A49,A50,K51,S52,E53,L54,D55,K56,A57,I58,G59,R60,N61,T62,N63,G64,V65,I66,T67,K68,D69,E70,A71,E72,K73,L74,F75,N76,Q77,D78,V79,D80,A81,A82,V83,R84,G85,I86,L87,R88,N89,A90,K91,L92,K93,P94,V95,Y96,D97,S98,L99,D100,A101,V102,R103,R104,A105,A106,L107,I108,N109,M110,V111,F112,Q113,M114,G115,E116,T117,G118,V119,A120,G121,F122,T123,N124,S125,L126,R127,M128,L129,Q130,Q131,K132,R133,W134,D135,E136,A137,A138,V139,N140,L141,A142,K143,S144,R145,W146,Y147,N148,Q149,T150,P151,N152,R153,A154,K155,R156,V157,I158,T159,T160,F161,R162,T163,G164,T165,W166,D167,A168,Y169,A170,A171,D172,V174,D1,W175,V176,V177,G178,M179,G180,I181,V182,S184,D1,L185,I186,V187,L188,A189,I190,V191,F192,N194,D1,V195,L196,V197,I198,T199,A200,I201,A202,K203,F204,E205,R206,L207,Q208,-,-,-,-,-,-,-,-,-,-,-,-,-,-,-,-,-,-,-,-,-,-,-,-,-,-,-,-,-,T209,V210,N212,A2,Y213,F214,I215,T216,S217,L218,A219,C220,D222,A2,L223,V224,M225,G226,A228,V229,V230,P231,G233,A2,A234,A235,H236,I237,L238,T239,K240,T241,W242,T243,F244,-,-,-,-,-,-,-,-,-,-,-,-,-,-,-,G245,N246,F247,W248,C249,E250,F251,W252,S254,A2,I255,D256,V257,L258,C259,V260,T261,A262,I264,A2,E265,T266,L267,C268,V269,I270,A271,V272,R274,A2,Y275,F276,A277,I278,T279,S280,P281,F282,K283,Y284,-,-,-,-,-,-,-,-,-,-,-,-,-,-,-,-,-,-,-,-,-,-,-,-,-,-,-,-,-,-,-,-,-,-,-,-,-,-,-,-,-,-,-,-,-,-,-,-,Q285,S286,L287,L288,T289,N291,A2,K292,A293,R294,V295,I296,I297,L298,M299,W301,E3,I302,V303,S304,G305,L306,T307,S308,F309,P311,E3,I312,Q313,M314,H315,W316,Y317,R318,A319,T320,H321,Q322,E323,A324,I325,N326,C327,Y328,A329,-,-,-,-,-,-,-,-,-,-,-,-,-,-,-,-,T338,F337,F336,D335,C334,C333,T332,E331,E330,-,-,-,-,-,-,-,-,-,-,-,-,-,N339,Q340,A341,A343,E3,I344,A345,S346,S347,I348,S350,F351,Y352,P354,E3,L355,V356,I357,M358,V359,F360,V361,Y362,R364,E3,V365,F366,Q367,E368,A369,K370,R371,Q372,L373,-,-,-,-,-,-,-,-,-,-,-,-,-,-,-,-,-,-,-,-,-,-,-,-,-,-,-,-,-,-,-,-,-,-,-,-,-,-,-,-,-,-,-,-,-,-,-,-,-,-,-,-,-,-,-,-,-,-,-,-,-,-,-,-,-,-,-,-,-,-,-,-,-,-,-,-,-,-,-,-,-,-,-,-,-,-,-,-,-,-,-,-,-,-,-,Q374,K375,F376,A377,L378,E380,E3,H381,K382,A383,L384,K385,T386,L387,I389,I390,-,M391,G392,T393,F394,T395,L396,C397,W398,P400,N4,F401,F402,I403,V404,N405,I406,V407,H408,V409,I410,Q411,D412,N413,-,-,-,I415,L414,-,-,-,R416,K417,E418,V419,Y420,I421,L422,L423,N424,I426,N4,G427,Y428,V429,N430,S431,G432,F433,N434,N4,L436,I437,Y438,C439,R440,-,-,-,-,-,-,-,-,-,-,-,-,-,P435,-,-,-,-,-,S441,P442,F444,N4,R445,I446,A447,F448,Q449,E450,L451,L452,C453,L454,-,-,-,-,-,-,-,-,-,-,-,-,-,-,-,-,-,-,-,-,-,-,-,-,-
3NY8_A,-,-,-,-,-,-,-,-,-,-,-,-,-,-,-,-,-,-,-,-,-,-,-,-,-,-,-,-,-,-,-,-,-,-,-,-,-,-,-,-,-,-,-,-,-,-,-,-,-,-,-,-,-,-,-,-,-,-,-,-,-,-,-,-,-,-,-,-,-,-,-,-,-,-,-,-,-,-,-,-,-,-,-,-,-,-,-,-,-,-,-,-,-,-,-,-,-,-,-,-,-,-,-,-,-,-,-,-,-,-,-,-,-,-,-,-,-,-,-,-,-,-,-,-,-,-,-,-,-,-,-,-,-,-,-,-,-,-,-,-,-,-,-,-,-,-,-,-,-,-,-,-,-,-,-,-,-,-,-,-,-,-,-,-,-,-,-,-,-,W1,V2,V3,G4,-,M5,G6,-,-,-,I7,V8,M9,S10,-,L11,I12,V13,L14,A15,I16,V17,F18,G19,-,V21,L22,V23,I24,T25,A26,I27,A28,T35,-,-,-,-,-,K29,-,-,-,-,-,-,-,-,-,-,-,-,-,-,-,-,-,-,-,-,-,-,F30,E31,R32,L33,Q34,-,V36,T37,N38,-,Y39,F40,I41,T42,S43,L44,A45,C46,D48,G4,L49,V50,M51,G52,A54,V55,V56,P57,F58,-,G59,A60,A61,H62,I63,-,-,K66,M67,W68,T69,F70,G71,N72,F73,W74,C75,-,S80,T79,W78,F77,E76,-,-,-,-,-,-,-,-,-,-,L64,M65,G6,I81,D82,V83,L84,C85,V86,T87,A88,I90,M9,W91,T92,L93,C94,V95,I96,A97,V98,Y101,W1,F102,A103,I104,T105,S106,P107,-,-,-,-,-,-,-,-,-,-,-,-,-,-,-,-,-,-,-,-,-,-,-,-,-,-,-,-,-,-,-,-,-,-,-,-,-,-,-,-,-,-,-,-,-,-,-,-,-,-,-,-,-,-,-,-,F108,K109,-,Y110,Q111,S112,L113,L114,-,-,-,T115,-,K116,N117,K118,A119,R120,V121,I122,-,I123,-,L124,T158,C159,C160,-,F162,F163,T164,N165,-,-,-,-,-,-,-,-,-,-,-,-,-,-,-,-,-,-,-,-,-,-,-,-,-,-,-,-,-,-,-,-,-,-,-,-,-,-,-,-,-,-,-,-,-,-,-,D161,Q166,A167,A169,W1,I170,A171,S172,S173,I174,V175,S176,F177,Y178,-,V179,P180,L181,V182,I183,M184,G221,Y222,Y223,-,T224,V273,R274,G275,Q321,K322,R323,D325,E326,-,-,-,-,-,-,-,-,-,-,-,-,-,-,-,-,-,-,-,-,-,-,-,-,-,-,-,-,-,-,-,-,-,-,-,-,-,-,-,-,-,-,-,-,-,-,-,-,-,-,-,-,-,-,-,-,-,-,-,-,-,-,-,-,-,-,-,-,-,-,-,-,-,-,-,-,-,-,-,-,-,-,-,-,-,-,-,-,-,-,-,-,-,-,-,A327,A328,R352,T353,K364,E365,-,H366,K367,A368,L369,K370,T371,L372,G373,I374,-,M376,G377,T378,F379,T380,L381,C382,L384,P385,-,F386,F387,I388,V389,N390,I391,V392,H393,V394,I395,Q396,D397,N398,-,-,-,I400,L399,-,-,-,R401,K402,E403,V404,Y405,I406,L407,L408,N409,I411,G4,G412,Y413,V414,N415,S416,G417,F418,N419,G4,L421,I422,Y423,C424,R425,S426,-,-,-,-,-,-,-,-,-,-,-,P420,-,-,-,-,-,-,P427,D428,F429,-,R430,I431,A432,F433,Q434,E435,L436,L437,C438,L439,-,-,-,-,-,-,-,-,-,-,-,-,-,-,-,-,-,-,-,-,-,-,-,-,-
1U19_B,-,-,-,-,-,-,-,-,-,-,-,-,-,-,-,-,-,-,-,-,-,-,-,-,-,-,-,-,-,-,-,-,-,-,-,-,-,-,-,-,-,-,-,-,-,-,-,-,-,-,-,-,-,-,-,-,-,-,-,-,-,-,-,-,-,-,-,-,-,-,-,-,-,-,-,-,-,-,-,-,-,-,-,-,-,-,-,-,-,-,-,-,-,-,-,-,-,-,-,-,-,-,-,-,-,-,-,-,-,-,-,-,-,-,-,-,-,-,-,-,-,-,-,-,-,-,-,-,-,-,-,-,-,-,-,-,-,-,-,M1,N2,G3,T4,E5,G6,P7,N8,F9,Y10,V11,P12,F13,S14,N15,K16,T17,G18,V19,V20,R21,S22,P23,F24,E25,A26,P27,Q28,Y29,Y30,L31,A32,E33,W35,G3,Q36,F37,S38,M39,L40,A41,A42,Y43,F45,T4,L46,L47,I48,M49,L50,G51,F52,P53,N55,E5,F56,L57,T58,L59,Y60,V61,T62,V63,Q64,H65,K66,K67,L68,R69,-,-,-,-,-,-,-,-,-,-,-,-,-,-,-,-,-,-,-,-,-,-,-,-,-,-,-,-,-,T70,P71,N73,P7,Y74,I75,L76,L77,N78,L79,A80,V81,D83,N8,L84,F85,M86,V87,F88,F91,T92,T93,T94,-,L95,Y96,T97,S98,L99,H100,G101,Y102,F103,V104,F105,-,-,-,-,-,-,-,-,-,-,-,-,-,-,-,G106,P107,T108,G109,C110,N111,L112,E113,F115,M1,F116,A117,T118,L119,G120,G121,E122,I123,L125,M1,W126,S127,L128,V129,V130,L131,A132,I133,R135,M1,Y136,V137,V138,V139,C140,K141,P142,M143,S144,N145,-,-,-,-,-,-,-,-,-,-,-,-,-,-,-,-,-,-,-,-,-,-,-,-,-,-,-,-,-,-,-,-,-,-,-,-,-,-,-,-,-,-,-,-,-,-,-,-,-,F146,R147,F148,G149,N151,M1,H152,A153,I154,M155,G156,V157,A158,F159,W161,M1,V162,M163,A164,L165,A166,C167,A168,P170,P171,-,L172,V173,G174,W175,S176,R177,Y178,I179,P180,E181,G182,M183,Q184,C185,S186,C187,G188,I189,D190,-,-,-,-,-,-,-,-,-,-,-,-,-,-,-,N199,T198,E197,E196,H195,P194,T193,Y192,Y191,-,-,-,-,-,-,-,-,-,-,-,-,-,N200,E201,S202,V204,N2,I205,Y206,M207,F208,V209,V210,H211,F212,P215,N2,L216,I217,V218,I219,F220,F221,C222,Y223,Q225,N2,L226,V227,F228,T229,V230,K231,E232,A233,A234,A235,Q236,Q237,-,-,-,-,-,-,-,-,-,-,-,-,-,-,-,-,-,-,-,-,-,-,-,-,-,-,-,-,-,-,-,-,-,-,-,-,-,-,-,-,-,-,-,-,-,-,-,S240,E239,Q238,-,-,-,-,-,-,-,-,-,-,-,-,-,-,-,-,-,-,-,-,-,-,-,-,-,-,-,-,-,-,-,-,-,-,-,-,-,-,-,-,-,-,A241,T242,T243,Q244,K245,E247,N2,K248,E249,V250,T251,R252,M253,V254,I255,M257,N2,V258,I259,A260,F261,L262,I263,C264,W265,P267,N2,Y268,A269,G270,V271,A272,F273,Y274,I275,F276,T277,H278,Q279,G280,-,-,-,F283,D282,S281,-,-,G284,P285,I286,F287,M288,T289,I290,P291,F293,F294,-,A295,K296,T297,S298,A299,V300,Y301,N302,G3,V304,I305,Y306,I307,M308,M309,-,-,-,-,-,-,-,-,-,-,-,P303,-,-,-,-,-,-,N310,K311,F313,G3,R314,N315,C316,M317,V318,T319,T320,L321,G324,G3,K325,N326,P327,L328,G329,D330,D331,E332,A333,-,S334,T335,T336,V337,S338,K339,T340,E341,T342,S343,Q344,V345,A346,P347,A348
1GZM_A,-,-,-,-,-,-,-,-,-,-,-,-,-,-,-,-,-,-,-,-,-,-,-,-,-,-,-,-,-,-,-,-,-,-,-,-,-,-,-,-,-,-,-,-,-,-,-,-,-,-,-,-,-,-,-,-,-,-,-,-,-,-,-,-,-,-,-,-,-,-,-,-,-,-,-,-,-,-,-,-,-,-,-,-,-,-,-,-,-,-,-,-,-,-,-,-,-,-,-,-,-,-,-,-,-,-,-,-,-,-,-,-,-,-,-,-,-,-,-,-,-,-,-,-,-,-,-,-,-,-,-,-,-,-,-,-,-,-,-,M1,N2,G3,T4,E5,G6,P7,N8,F9,Y10,V11,P12,F13,S14,N15,K16,T17,G18,V19,V20,R21,S22,P23,F24,E25,A26,P27,Q28,Y29,Y30,L31,A32,E33,W35,G3,Q36,F37,S38,M39,L40,A41,A42,Y43,F45,T4,L46,L47,I48,M49,L50,G51,F52,P53,N55,E5,F56,L57,T58,L59,Y60,V61,T62,V63,Q64,H65,K66,K67,L68,R69,-,-,-,-,-,-,-,-,-,-,-,-,-,-,-,-,-,-,-,-,-,-,-,-,-,-,-,-,-,T70,P71,N73,P7,Y74,I75,L76,L77,N78,L79,A80,V81,D83,N8,L84,F85,M86,V87,F88,F91,T92,T93,T94,-,L95,Y96,T97,S98,L99,H100,G101,Y102,F103,V104,F105,-,-,-,-,-,-,-,-,-,-,-,-,-,-,-,G106,P107,T108,G109,C110,N111,L112,E113,F115,M1,F116,A117,T118,L119,G120,G121,E122,I123,L125,M1,W126,S127,L128,V129,V130,L131,A132,I133,R135,M1,Y136,V137,V138,V139,C140,K141,P142,M143,S144,N145,-,-,-,-,-,-,-,-,-,-,-,-,-,-,-,-,-,-,-,-,-,-,-,-,-,-,-,-,-,-,-,-,-,-,-,-,-,-,-,-,-,-,-,-,-,-,-,-,-,F146,R147,F148,G149,N151,M1,H152,A153,I154,M155,G156,V157,A158,F159,W161,M1,V162,M163,A164,L165,A166,C167,A168,P170,P171,-,L172,V173,G174,W175,S176,R177,Y178,I179,P180,E181,G182,M183,Q184,C185,S186,C187,G188,I189,D190,-,-,-,-,-,-,-,-,-,-,-,-,-,-,-,N199,T198,E197,E196,H195,P194,T193,Y192,Y191,-,-,-,-,-,-,-,-,-,-,-,-,-,N200,E201,S202,V204,N2,I205,Y206,M207,F208,V209,V210,H211,F212,P215,N2,L216,I217,V218,I219,F220,F221,C222,Y223,Q225,N2,L226,V227,F228,T229,V230,K231,E232,A233,A234,A235,Q236,Q237,-,-,-,-,-,-,-,-,-,-,-,-,-,-,-,-,-,-,-,-,-,-,-,-,-,-,-,-,-,-,-,-,-,-,-,-,-,-,-,-,-,-,-,-,-,-,-,S240,E239,Q238,-,-,-,-,-,-,-,-,-,-,-,-,-,-,-,-,-,-,-,-,-,-,-,-,-,-,-,-,-,-,-,-,-,-,-,-,-,-,-,-,-,-,A241,T242,T243,Q244,K245,E247,N2,K248,E249,V250,T251,R252,M253,V254,I255,M257,N2,V258,I259,A260,F261,L262,I263,C264,W265,P267,N2,Y268,A269,G270,V271,A272,F273,Y274,I275,F276,T277,H278,Q279,G280,-,-,-,F283,D282,S281,-,-,G284,P285,I286,F287,M288,T289,I290,P291,F293,F294,-,A295,K296,T297,S298,A299,V300,Y301,N302,G3,V304,I305,Y306,I307,M308,M309,-,-,-,-,-,-,-,-,-,-,-,P303,-,-,-,-,-,-,N310,K311,F313,G3,R314,N315,C316,M317,V318,T319,T320,L321,G324,G3,K325,N326,-,-,-,D327,D328,M1,N2,G3,T4,E5,-,-,-,-,-,-,-,-,-,-,-,-,-
7ARO_A,-,-,-,-,-,-,-,-,-,-,-,-,-,-,-,-,-,-,-,-,-,-,-,-,-,-,-,-,-,-,-,-,-,-,-,-,-,-,-,-,-,-,-,-,-,-,-,-,-,-,-,-,-,-,-,-,-,-,-,-,-,-,-,-,-,-,-,-,-,-,-,-,-,-,-,-,-,-,-,-,-,-,-,-,-,-,-,-,-,-,-,-,-,-,-,-,-,-,-,-,-,-,-,-,-,-,-,-,-,-,-,-,-,-,-,-,-,-,-,-,-,-,-,-,-,-,-,-,-,-,-,-,-,-,-,-,-,-,-,-,-,-,-,-,-,-,-,-,-,-,-,-,-,-,-,-,-,-,-,-,-,-,-,-,-,-,-,-,G1,A2,P3,P4,I5,M6,G7,S8,S9,V10,Y11,I12,T13,V14,E15,G1,A17,I18,A19,V20,L21,A22,I23,L24,G25,A2,V27,L28,V29,C30,W31,A32,V33,W34,L35,-,-,-,-,-,-,-,-,-,-,-,-,-,-,-,-,-,-,-,-,-,-,-,-,-,-,-,-,-,-,-,-,-,-,N36,T43,N44,-,Y45,F46,V47,V48,S49,L50,A51,A52,D54,I5,I55,L56,V57,G58,L60,A61,I62,P63,A65,M6,I66,T67,I68,S69,T70,G71,F72,C73,A74,-,-,-,-,-,-,-,-,-,-,-,-,-,-,-,-,-,A75,C76,H77,G78,C79,L80,F81,I82,C84,S8,F85,V86,L87,V88,L89,A90,Q91,S92,I94,S9,F95,S96,L97,L98,A99,I100,A101,I102,R104,G1,Y105,I106,A107,I108,A109,I110,P111,L112,R113,Y114,-,-,-,-,-,-,-,-,-,-,-,-,-,-,-,-,-,-,-,-,-,-,-,-,-,-,-,-,-,-,-,-,-,-,-,-,-,-,-,-,-,-,-,-,-,-,-,-,N115,G116,L117,V118,T119,T121,G1,R122,A123,A124,G125,I126,I127,A128,I129,W131,G1,V132,L133,S134,F135,A136,I137,G138,L139,P141,G1,M142,L143,G144,W145,N146,N147,C148,G149,Q150,P151,K152,E153,G154,K155,A156,H157,S158,Q159,G160,C161,G162,-,-,-,-,-,-,-,-,-,-,-,-,-,V174,V173,D172,E171,F170,L169,C168,A167,V166,G164,E163,-,-,-,-,-,-,-,-,-,-,-,P175,M176,N177,Y178,-,Y181,F182,N183,F184,F185,C187,V188,L189,P191,G1,L192,L193,L194,M195,L196,G197,V198,Y199,R201,A2,I202,F203,A204,A205,A206,R207,R208,Q209,L210,A211,D212,L213,E214,D215,N216,W217,E218,T219,L220,N221,D222,N223,L224,K225,V226,I227,E228,K229,A230,D231,N232,N233,A234,A235,Q236,V237,K238,D239,A240,L241,T242,K243,M244,R245,A246,A247,A248,L249,D250,A251,Q252,G253,F254,-,-,-,-,-,-,A298,R297,E296,L295,Y294,K293,Q292,I291,Y290,N288,R287,T286,T285,K284,L283,Q282,E281,A280,A278,Q277,A276,E275,K274,V273,K272,G271,E270,A268,L267,K266,L265,A264,D263,D262,I261,Q260,V258,L257,I256,D255,-,-,-,-,-,R299,S300,T301,L302,Q303,E305,P3,V306,H307,A308,A309,K310,S311,A312,A313,I314,-,A316,G317,L318,F319,A320,L321,C322,W323,P325,P3,L326,H327,I328,I329,N330,C331,F332,T333,F334,F335,C336,P337,D338,C339,-,-,A342,H341,S340,-,-,P343,L344,W345,L346,M347,Y348,L349,A350,I351,L353,P3,A354,H355,T356,N357,S358,V359,V360,N361,P3,F363,I364,Y365,A366,Y367,R368,-,-,-,-,-,-,-,-,-,-,-,P362,-,-,-,-,-,-,I369,R370,F372,P3,R373,Q374,T375,F376,R377,K378,I379,I380,R381,-,S382,G1,A2,P3,M6,L16,N26,S37,N38,L39,Q40,N41,-,-,-,-,-,-,-,-,-,-,-,-,-
1U19_A,-,-,-,-,-,-,-,-,-,-,-,-,-,-,-,-,-,-,-,-,-,-,-,-,-,-,-,-,-,-,-,-,-,-,-,-,-,-,-,-,-,-,-,-,-,-,-,-,-,-,-,-,-,-,-,-,-,-,-,-,-,-,-,-,-,-,-,-,-,-,-,-,-,-,-,-,-,-,-,-,-,-,-,-,-,-,-,-,-,-,-,-,-,-,-,-,-,-,-,-,-,-,-,-,-,-,-,-,-,-,-,-,-,-,-,-,-,-,-,-,-,-,-,-,-,-,-,-,-,-,-,-,-,-,-,-,-,-,-,M1,N2,G3,T4,E5,G6,P7,N8,F9,Y10,V11,P12,F13,S14,N15,K16,T17,G18,V19,V20,R21,S22,P23,F24,E25,A26,P27,Q28,Y29,Y30,L31,A32,E33,W35,G3,Q36,F37,S38,M39,L40,A41,A42,Y43,F45,T4,L46,L47,I48,M49,L50,G51,F52,P53,N55,E5,F56,L57,T58,L59,Y60,V61,T62,V63,Q64,H65,K66,K67,L68,R69,-,-,-,-,-,-,-,-,-,-,-,-,-,-,-,-,-,-,-,-,-,-,-,-,-,-,-,-,-,T70,P71,N73,P7,Y74,I75,L76,L77,N78,L79,A80,V81,D83,N8,L84,F85,M86,V87,F88,F91,T92,T93,T94,-,L95,Y96,T97,S98,L99,H100,G101,Y102,F103,V104,F105,-,-,-,-,-,-,-,-,-,-,-,-,-,-,-,G106,P107,T108,G109,C110,N111,L112,E113,F115,M1,F116,A117,T118,L119,G120,G121,E122,I123,L125,M1,W126,S127,L128,V129,V130,L131,A132,I133,R135,M1,Y136,V137,V138,V139,C140,K141,P142,M143,S144,N145,-,-,-,-,-,-,-,-,-,-,-,-,-,-,-,-,-,-,-,-,-,-,-,-,-,-,-,-,-,-,-,-,-,-,-,-,-,-,-,-,-,-,-,-,-,-,-,-,-,F146,R147,F148,G149,N151,M1,H152,A153,I154,M155,G156,V157,A158,F159,W161,M1,V162,M163,A164,L165,A166,C167,A168,P170,P171,-,L172,V173,G174,W175,S176,R177,Y178,I179,P180,E181,G182,M183,Q184,C185,S186,C187,G188,I189,D190,-,-,-,-,-,-,-,-,-,-,-,-,-,-,-,N199,T198,E197,E196,H195,P194,T193,Y192,Y191,-,-,-,-,-,-,-,-,-,-,-,-,-,N200,E201,S202,V204,N2,I205,Y206,M207,F208,V209,V210,H211,F212,P215,N2,L216,I217,V218,I219,F220,F221,C222,Y223,Q225,N2,L226,V227,F228,T229,V230,K231,E232,A233,A234,A235,Q236,Q237,-,-,-,-,-,-,-,-,-,-,-,-,-,-,-,-,-,-,-,-,-,-,-,-,-,-,-,-,-,-,-,-,-,-,-,-,-,-,-,-,-,-,-,-,-,-,-,S240,E239,Q238,-,-,-,-,-,-,-,-,-,-,-,-,-,-,-,-,-,-,-,-,-,-,-,-,-,-,-,-,-,-,-,-,-,-,-,-,-,-,-,-,-,-,A241,T242,T243,Q244,K245,E247,N2,K248,E249,V250,T251,R252,M253,V254,I255,M257,N2,V258,I259,A260,F261,L262,I263,C264,W265,P267,N2,Y268,A269,G270,V271,A272,F273,Y274,I275,F276,T277,H278,Q279,G280,-,-,-,F283,D282,S281,-,-,G284,P285,I286,F287,M288,T289,I290,P291,F293,F294,-,A295,K296,T297,S298,A299,V300,Y301,N302,G3,V304,I305,Y306,I307,M308,M309,-,-,-,-,-,-,-,-,-,-,-,P303,-,-,-,-,-,-,N310,K311,F313,G3,R314,N315,C316,M317,V318,T319,T320,L321,G324,G3,K325,N326,P327,L328,G329,D330,D331,E332,A333,-,S334,T335,T336,V337,S338,K339,T340,E341,T342,S343,Q344,V345,A346,P347,A348
6VMS_R,-,-,-,-,-,-,-,-,-,-,-,-,-,-,-,-,-,-,-,-,-,-,-,-,-,-,-,-,-,-,-,-,-,-,-,-,-,-,-,-,-,-,-,-,-,-,-,-,-,-,-,-,-,-,-,-,-,-,-,-,-,-,-,-,-,-,-,-,-,-,-,-,-,-,-,-,-,-,-,-,-,-,-,-,-,-,-,-,-,-,-,-,-,-,-,-,-,-,-,-,-,-,-,-,-,-,-,-,-,-,-,-,-,-,-,-,-,-,-,-,-,-,-,-,-,-,-,-,-,-,-,-,-,-,-,-,-,-,-,-,-,-,-,-,-,-,-,-,-,-,-,-,-,-,-,-,-,-,-,-,-,-,-,-,-,-,-,-,-,-,-,-,P1,-,H2,Y3,N4,Y5,Y6,A7,T8,L9,L10,P1,L12,L13,I14,A15,V16,I17,V18,F19,G20,H2,V22,L23,V24,C25,M26,A27,V28,S29,R30,-,-,-,-,-,-,-,-,-,-,-,-,-,-,-,-,-,-,-,-,-,-,-,-,-,-,-,-,-,-,-,-,-,-,T37,T38,N39,-,Y40,L41,I42,V43,S44,L45,A46,V47,A48,N4,L50,L51,V52,A53,T54,V56,M57,P58,W59,Y6,V61,Y62,L63,E64,V65,V66,G67,-,-,K70,F71,-,-,-,-,-,-,-,-,-,-,-,-,-,-,-,S72,R73,I74,H75,C76,D77,I78,F79,T81,T8,L82,D83,V84,M85,M86,C87,T88,A89,I91,L9,L92,N93,L94,C95,A96,I97,S98,I99,R101,P1,Y102,T103,A104,V105,A106,M107,P108,M109,L110,Y111,N112,-,-,-,-,-,-,-,-,-,-,-,-,-,-,-,-,-,-,-,-,-,-,-,-,-,-,-,-,-,-,-,-,-,-,-,-,-,-,-,-,-,-,-,-,-,-,-,T113,R114,Y115,S116,S117,R119,P1,R120,V121,T122,V123,M124,I125,S126,I127,W129,P1,V130,L131,S132,F133,T134,I135,S136,-,P138,P1,L139,L140,F141,G142,L143,N144,N145,A146,D147,Q148,N149,E150,C151,-,-,-,-,-,-,-,-,-,-,-,-,-,-,-,-,-,-,-,-,-,A154,I153,I152,-,-,-,-,-,-,-,-,-,-,-,-,-,-,-,-,-,-,-,N155,P156,A157,V159,P1,V160,Y161,S162,S163,I164,S166,F167,Y168,P170,P1,F171,I172,V173,I174,L175,L176,V177,Y178,K180,P1,I181,Y182,I183,V184,L185,R186,R187,N195,R196,-,-,-,-,-,-,-,-,-,-,-,-,-,-,-,-,-,-,-,-,-,-,-,-,-,-,-,-,-,-,-,-,-,-,-,-,-,-,-,-,-,-,-,-,-,-,-,-,-,-,-,-,-,-,-,-,-,-,-,-,-,-,-,-,-,-,-,-,-,-,-,-,-,-,-,-,-,-,-,-,-,-,-,-,-,-,-,-,-,-,-,-,-,-,-,K197,L198,S199,Q200,Q201,E203,H2,K204,K205,A206,T207,Q208,L209,L210,A211,Y213,H2,L214,G215,L216,F217,I218,I219,C220,W221,P223,H2,F224,F225,I226,T227,H228,I229,L230,N231,I232,H233,C234,D235,C236,-,-,-,I238,N237,-,-,-,P239,P240,V241,L242,Y243,S244,A245,F246,T247,L249,H2,G250,Y251,V252,N253,S254,A255,I256,N257,H2,I259,I260,Y261,T262,T263,F264,-,-,-,-,-,-,-,-,-,-,-,P258,-,-,-,-,-,-,N265,I266,F268,H2,R269,K270,A271,F272,L273,K274,I275,H277,C278,T11,N21,E31,K32,A33,L34,Q35,T36,D49,L55,V60,E68,W69,-,-,-,-,-,-,-,-,-,-,-,-,-
6A94_B,-,-,-,-,-,-,-,-,-,-,-,-,-,-,-,-,-,-,-,-,-,-,-,-,-,-,-,-,-,-,-,-,-,-,-,-,-,-,-,-,-,-,-,-,-,-,-,-,-,-,-,-,-,-,-,-,-,-,-,-,-,-,-,-,-,-,-,-,-,-,-,-,-,-,-,-,-,-,-,-,-,-,-,-,-,-,-,-,-,-,-,-,-,-,-,-,-,-,-,-,-,-,-,-,-,-,-,-,-,-,-,-,-,-,-,-,-,-,-,-,-,-,-,-,-,-,-,-,-,-,-,-,-,-,-,-,-,-,-,-,-,-,-,-,-,-,-,-,-,-,-,-,-,-,-,-,-,-,-,-,-,-,-,-,-,-,-,-,-,-,-,-,Q1,-,E2,K3,N4,W5,S6,A7,L8,L9,T10,Q1,V12,V13,I14,I15,L16,T17,I18,A19,G20,E2,I22,L23,V24,I25,M26,A27,V28,S29,L30,-,-,-,-,-,-,-,-,-,-,-,-,-,-,-,-,-,-,-,-,-,-,-,-,-,-,-,-,-,-,-,-,-,-,N36,A37,T38,K3,Y40,F41,L42,M43,S44,L45,A46,I47,A48,N4,M50,L51,L52,G53,L55,V56,M57,P58,S60,S6,M61,L62,T63,I64,L65,Y66,G67,Y68,R69,W70,P71,-,-,-,-,-,-,-,-,-,-,-,-,-,-,L72,P73,S74,K75,L76,C77,A78,V79,W80,Y82,L8,L83,D84,V85,L86,F87,S88,T89,A90,K91,-,W93,H94,L95,C96,A97,I98,S99,L100,R102,Q1,Y103,V104,A105,I106,Q107,N108,P109,-,-,T112,-,-,-,-,-,-,-,-,-,-,-,-,-,-,-,-,-,-,-,-,-,-,-,-,-,-,-,-,-,-,-,-,-,-,-,-,-,-,-,-,-,-,-,-,-,-,-,-,-,-,-,-,S110,R111,Q1,K113,A114,F115,L116,K117,I118,I119,A120,W122,Q1,T123,I124,S125,V126,G127,I128,S129,-,P131,Q1,I132,P133,V134,F135,G136,L137,Q138,D139,D140,S141,K142,V143,F144,K145,E146,-,-,-,-,-,-,-,-,-,-,-,-,-,-,-,-,-,-,-,A152,L151,L150,C149,S148,G147,-,-,-,-,-,-,-,-,-,-,-,-,-,-,-,-,D153,D154,N155,V157,Q1,L158,I159,G160,S161,F162,S164,F165,F166,P168,Q1,L169,T170,I171,M172,V173,I174,T175,Y176,L178,Q1,T179,I180,K181,S182,L183,Q184,K185,E186,A187,-,-,-,-,-,-,-,-,-,-,-,-,-,-,-,-,-,-,-,-,-,-,-,-,-,-,-,-,-,-,-,-,-,-,-,-,-,-,-,-,-,-,-,-,-,-,-,-,-,-,-,-,-,-,-,-,-,-,-,-,-,-,-,-,-,-,-,-,-,-,-,-,-,-,-,-,-,-,-,-,-,-,-,-,-,-,-,-,-,-,-,-,-,-,-,G270,Q271,S272,I273,S274,E276,E2,Q277,K278,A279,C280,K281,V282,L283,G284,V286,E2,F287,F288,L289,F290,V291,V292,M293,W294,P296,E2,F297,F298,I299,T300,N301,I302,M303,A304,V305,I306,C307,K308,E309,S310,C311,-,V315,D314,E313,N312,-,I316,G317,A318,L319,L320,N321,V322,F323,V324,I326,K3,G327,Y328,L329,S330,S331,A332,V333,N334,K3,L336,V337,Y338,T339,L340,F341,-,-,-,-,-,-,-,-,-,-,-,P335,-,-,-,-,-,-,N342,K343,Y345,K3,R346,S347,A348,F349,S350,R351,Y352,C355,Q356,-,Y357,K358,E359,A11,N21,E31,K32,K33,L34,Q35,N39,D49,-,-,-,-,-,-,-,-,-,-,-,-,-
7CKZ_R,-,-,-,-,-,-,-,-,-,-,-,-,-,-,-,-,-,-,-,-,-,-,-,-,-,-,-,-,-,-,-,-,-,-,-,-,-,-,-,-,-,-,-,-,-,-,-,-,-,-,-,-,-,-,-,-,-,-,-,-,-,-,-,-,-,-,-,-,-,-,-,-,-,-,-,-,-,-,-,-,-,-,-,-,-,-,-,-,-,-,-,-,-,-,-,-,-,-,-,-,-,-,-,-,-,-,-,-,-,-,-,-,-,-,-,-,-,-,-,-,-,-,-,-,-,-,-,-,-,-,-,-,-,-,-,-,-,-,-,-,-,-,-,-,-,-,-,-,-,-,-,-,-,-,-,-,-,-,-,-,-,-,-,-,-,-,-,-,-,-,-,-,F1,S2,V3,R4,I5,L6,T7,A8,C9,F10,L11,F1,L13,L14,I15,L16,S17,T18,L19,L20,G21,S2,T23,L24,V25,C26,A27,A28,V29,I30,R31,-,-,-,-,-,-,-,-,-,-,-,-,-,-,-,-,-,-,-,-,-,-,-,-,-,-,-,-,-,-,-,-,-,-,K38,V39,T40,R4,F42,F43,V44,I45,S46,L47,A48,V49,S50,I5,L52,L53,V54,A55,V56,V58,M59,P60,W61,L6,A63,V64,A65,E66,I67,A68,G69,-,-,P72,F73,-,-,-,-,-,-,-,-,-,-,-,-,-,-,-,-,G74,S75,F76,C77,N78,I79,W80,A82,A8,F83,D84,I85,M86,C87,S88,T89,A90,I92,C9,L93,N94,L95,C96,V97,I98,S99,V100,R102,F1,Y103,W104,A105,I106,S107,S108,P109,F110,R111,Y112,-,-,-,-,-,-,-,-,-,-,-,-,-,-,-,-,-,-,-,-,-,-,-,-,-,-,-,-,-,-,-,-,-,-,-,-,-,-,-,-,-,-,-,-,-,-,-,-,E113,R114,K115,M116,T117,K119,F1,A120,A121,F122,I123,L124,I125,S126,V127,W129,F1,T130,L131,S132,V133,L134,I135,S136,F137,P139,F1,V140,Q141,L142,S143,W144,H145,K146,A147,N148,C149,D150,S151,-,-,-,-,-,-,-,-,-,-,-,-,-,-,-,-,-,-,-,-,-,-,L153,S152,-,-,-,-,-,-,-,-,-,-,-,-,-,-,-,-,-,-,-,-,S154,R155,T156,A158,F1,I159,S160,S161,S162,V163,S165,F166,Y167,P169,F1,V170,A171,I172,M173,I174,V175,T176,Y177,R179,F1,I180,Y181,R182,I183,A184,Q185,K186,Q187,I188,-,-,-,-,-,-,-,-,-,-,-,-,-,-,-,-,-,-,-,-,-,-,-,-,-,-,-,-,-,-,-,-,-,-,-,-,-,-,-,-,-,-,-,-,-,-,-,-,-,-,-,-,-,-,-,-,-,-,-,-,-,-,-,-,-,-,-,-,-,-,-,-,-,-,-,-,-,-,-,-,-,-,-,-,-,-,-,-,-,-,-,-,-,-,-,R189,H200,S201,F202,K203,E205,S2,T206,K207,V208,L209,K210,T211,L212,S213,I215,S2,M216,G217,V218,F219,V220,C221,C222,W223,P225,S2,F226,F227,I228,L229,N230,C231,I232,L233,P234,F235,C236,F237,-,-,-,-,I239,C238,-,-,-,D240,S241,N242,T243,F244,D245,V246,F247,V248,F250,S2,G251,W252,A253,N254,S255,S256,L257,N258,S2,I260,I261,Y262,A263,F264,-,-,-,-,-,-,-,-,-,-,-,-,-,P259,-,-,-,-,-,N265,A266,F268,S2,R269,K270,A271,F272,S273,T274,L275,S2,S12,N22,F32,R33,H34,L35,R36,S37,N41,D51,L57,K62,F70,W71,-,-,-,-,-,-,-,-,-,-,-,-,-
6WGT_A,-,-,-,-,-,-,-,-,-,-,-,-,-,-,-,-,-,-,-,-,-,-,-,-,-,-,-,-,-,-,-,-,-,-,-,-,-,-,-,-,-,-,-,-,-,-,-,-,-,-,-,-,-,-,-,-,-,-,-,-,-,-,-,-,-,-,-,-,-,-,-,-,-,-,-,-,-,-,-,-,-,-,-,-,-,-,-,-,-,-,-,-,-,-,-,-,-,-,-,-,-,-,-,-,-,-,-,-,-,-,-,-,-,-,-,-,-,-,-,-,-,-,-,-,-,-,-,-,-,-,-,-,-,-,-,-,-,-,-,-,-,-,-,-,-,-,-,-,-,-,-,-,-,-,-,-,-,-,-,-,-,-,-,-,-,-,-,-,-,-,-,-,Q1,-,E2,K3,N4,W5,S6,A7,L8,L9,T10,Q1,V12,V13,I14,I15,L16,T17,I18,A19,G20,E2,I22,L23,V24,I25,M26,A27,V28,S29,L30,-,-,-,-,-,-,-,-,-,-,-,-,-,-,-,-,-,-,-,-,-,-,-,-,-,-,-,-,-,-,-,-,-,-,N36,A37,T38,K3,Y40,F41,L42,M43,S44,L45,A46,I47,A48,N4,M50,L51,L52,G53,L55,V56,M57,P58,S60,S6,M61,L62,T63,I64,L65,Y66,G67,Y68,R69,W70,P71,-,-,-,-,-,-,-,-,-,-,-,-,-,-,L72,P73,S74,K75,L76,C77,A78,V79,W80,Y82,L8,L83,D84,V85,L86,F87,S88,T89,A90,I92,L9,M93,H94,L95,C96,A97,I98,S99,L100,R102,Q1,Y103,V104,A105,I106,Q107,N114,-,-,T117,-,N108,P109,-,-,-,-,-,-,-,-,-,-,-,-,-,-,-,-,-,-,-,-,-,-,-,I110,-,-,-,-,-,-,-,-,-,-,-,-,-,-,-,-,-,-,-,-,-,-,S111,R112,F113,-,S115,R116,Q1,K118,A119,F120,L121,K122,I123,I124,A125,W127,Q1,T128,I129,S130,V131,G132,I133,S134,-,P136,Q1,I137,P138,V139,F140,G141,L142,S143,K144,V145,F146,K147,E148,G149,S150,-,-,-,-,-,-,-,-,-,-,-,-,-,-,-,-,-,-,-,-,A154,L153,L152,C151,-,-,-,-,-,-,-,-,-,-,-,-,-,-,-,-,-,-,D155,D156,N157,V159,Q1,L160,I161,G162,S163,F164,V165,S166,F167,F168,-,A171,T172,I173,M174,V175,I176,T177,Y178,L180,Q1,T181,I182,K183,S184,L185,Q186,K187,E188,A189,A190,D191,L192,E193,D194,N195,W196,E197,T198,L199,N200,D201,N202,L203,K204,V205,I206,E207,K208,A209,D210,N211,A212,A213,Q214,V215,K216,D217,A218,L219,T220,K221,M222,R223,A224,A225,A226,L227,D228,A229,Q230,K231,A232,T233,P234,P235,K236,E237,D238,K239,T289,L288,Y287,K286,Q285,I284,Y283,A282,N281,T279,T278,K277,L276,Q275,E274,A273,A272,A271,A269,E268,K267,A266,L265,K264,A263,D262,D261,Q259,G258,V257,L256,I255,D254,F253,G252,H251,F249,D248,K247,M246,E245,P244,S243,D242,P241,M290,Q291,S292,I293,S294,E296,E2,Q297,K298,A299,C300,K301,V302,L303,G304,V306,K3,F307,F308,L309,F310,V311,V312,M313,W314,P316,K3,F317,F318,I319,T320,N321,I322,M323,A324,V325,I326,C327,K328,E329,S330,C331,-,V335,D334,E333,N332,-,I336,G337,A338,L339,L340,N341,V342,F343,V344,I346,K3,G347,Y348,A349,S350,S351,A352,V353,N354,K3,L356,V357,Y358,T359,L360,F361,-,-,-,-,-,-,-,-,-,-,-,P355,-,-,-,-,-,-,N362,K363,Y365,K3,R366,S367,A368,F369,S370,R371,Y372,I373,Q374,-,C375,Q376,Y377,A11,N21,E31,K32,K33,L34,Q35,N39,D49,-,-,-,-,-,-,-,-,-,-,-,-,-
6A93_B,-,-,-,-,-,-,-,-,-,-,-,-,-,-,-,-,-,-,-,-,-,-,-,-,-,-,-,-,-,-,-,-,-,-,-,-,-,-,-,-,-,-,-,-,-,-,-,-,-,-,-,-,-,-,-,-,-,-,-,-,-,-,-,-,-,-,-,-,-,-,-,-,-,-,-,-,-,-,-,-,-,-,-,-,-,-,-,-,-,-,-,-,-,-,-,-,-,-,-,-,-,-,-,-,-,-,-,-,-,-,-,-,-,-,-,-,-,-,-,-,-,-,-,-,-,-,-,-,-,-,-,-,-,-,-,-,-,-,-,-,-,-,-,-,-,-,-,-,-,-,-,-,-,-,-,-,-,-,-,-,-,-,-,-,-,-,-,-,-,-,-,-,Q1,-,E2,K3,N4,W5,S6,A7,L8,L9,T10,Q1,V12,V13,I14,I15,L16,T17,I18,A19,G20,E2,I22,L23,V24,I25,M26,A27,V28,S29,L30,-,-,-,-,-,-,-,-,-,-,-,-,-,-,-,-,-,-,-,-,-,-,-,-,-,-,-,-,-,-,-,-,-,-,N36,A37,T38,K3,Y40,F41,L42,M43,S44,L45,A46,I47,A48,N4,M50,L51,L52,G53,L55,V56,M57,P58,S60,S6,M61,L62,T63,I64,L65,Y66,G67,Y68,R69,W70,P71,-,-,-,-,-,-,-,-,-,-,-,-,-,-,L72,P73,S74,K75,L76,C77,A78,V79,W80,Y82,L8,L83,D84,V85,L86,F87,S88,T89,A90,K91,-,W93,H94,L95,C96,A97,I98,S99,L100,R102,Q1,Y103,V104,A105,I106,Q107,N108,P109,-,-,T112,-,-,-,-,-,-,-,-,-,-,-,-,-,-,-,-,-,-,-,-,-,-,-,-,-,-,-,-,-,-,-,-,-,-,-,-,-,-,-,-,-,-,-,-,-,-,-,-,-,-,-,-,S110,R111,Q1,K113,A114,F115,L116,K117,I118,I119,A120,W122,Q1,T123,I124,S125,V126,G127,I128,S129,-,P131,Q1,I132,P133,V134,F135,G136,L137,Q138,D139,D140,S141,K142,V143,F144,K145,E146,-,-,-,-,-,-,-,-,-,-,-,-,-,-,-,-,-,-,-,A152,L151,L150,C149,S148,G147,-,-,-,-,-,-,-,-,-,-,-,-,-,-,-,-,D153,D154,N155,V157,Q1,L158,I159,G160,S161,F162,S164,F165,F166,P168,Q1,L169,T170,I171,M172,V173,I174,T175,Y176,L178,Q1,T179,I180,K181,S182,L183,Q184,K185,E186,A187,-,-,-,-,-,-,-,-,-,-,-,-,-,-,-,-,-,-,-,-,-,-,-,-,-,-,-,-,-,-,-,-,-,-,-,-,-,-,-,-,-,-,-,-,-,-,-,-,-,-,-,-,-,-,-,-,-,-,-,-,-,-,-,-,-,-,-,-,-,-,-,-,-,-,-,-,-,-,-,-,-,-,-,-,-,-,-,-,-,-,-,-,-,-,-,G270,Q271,S272,I273,S274,E276,E2,Q277,K278,A279,C280,K281,V282,L283,G284,V286,E2,F287,F288,L289,F290,V291,V292,M293,W294,P296,E2,F297,F298,I299,T300,N301,I302,M303,A304,V305,I306,C307,K308,E309,S310,C311,-,V315,D314,E313,N312,-,I316,G317,A318,L319,L320,N321,V322,F323,V324,I326,K3,G327,Y328,L329,S330,S331,A332,V333,N334,K3,L336,V337,Y338,T339,L340,F341,-,-,-,-,-,-,-,-,-,-,-,P335,-,-,-,-,-,-,N342,K343,Y345,K3,R346,S347,A348,F349,S350,R351,Y352,C355,Q356,-,Y357,K358,E359,A11,N21,E31,K32,K33,L34,Q35,N39,D49,-,-,-,-,-,-,-,-,-,-,-,-,-
7E2Y_R,-,-,-,-,-,-,-,-,-,-,-,-,-,-,-,-,-,-,-,-,-,-,-,-,-,-,-,-,-,-,-,-,-,-,-,-,-,-,-,-,-,-,-,-,-,-,-,-,-,-,-,-,-,-,-,-,-,-,-,-,-,-,-,-,-,-,-,-,-,-,-,-,-,-,-,-,-,-,-,-,-,-,-,-,-,-,-,-,-,-,-,-,-,-,-,-,-,-,-,-,-,-,-,-,-,-,-,-,-,-,-,-,-,-,-,-,-,-,-,-,-,-,-,-,-,-,-,-,-,-,-,-,-,-,-,-,-,-,-,-,-,-,-,-,-,-,-,-,-,-,-,-,-,-,-,-,-,-,-,-,-,-,-,-,-,-,-,-,-,-,-,-,-,-,Y1,Q2,V3,I4,T5,S6,L7,L8,L9,Y1,T11,L12,I13,F14,C15,A16,V17,L18,G19,Q2,A21,C22,V23,V24,A25,A26,I27,A28,L29,-,-,-,-,-,-,-,-,-,-,-,-,-,-,-,-,-,-,-,-,-,-,-,-,-,-,-,-,-,-,-,-,-,-,N35,V36,A37,V3,Y39,L40,I41,G42,S43,L44,A45,V46,T47,I4,L49,M50,V51,S52,V53,V55,L56,P57,M58,T5,A60,L61,Y62,Q63,V64,L65,N66,-,-,-,L70,-,-,-,-,-,-,-,-,-,-,-,-,-,-,-,G71,Q72,V73,T74,C75,D76,L77,F78,A80,L8,L81,D82,V83,L84,C85,C86,T87,S88,S89,-,W91,H92,L93,C94,A95,I96,A97,L98,R100,Y1,Y101,W102,A103,I104,T105,D106,P107,I108,D109,Y110,-,-,-,-,-,-,-,-,-,-,-,-,-,-,-,-,-,-,-,-,-,-,-,-,-,-,-,-,-,-,-,-,-,-,-,-,-,-,-,-,-,-,-,-,-,-,-,-,V111,N112,K113,R114,T115,R117,Y1,R118,A119,A120,A121,L122,I123,S124,L125,W127,Y1,L128,I129,G130,F131,L132,I133,S134,P136,P137,-,M138,L139,S146,K147,-,-,-,-,T152,-,-,-,-,-,-,-,-,-,-,-,-,-,-,-,-,-,-,-,-,-,-,-,-,-,-,-,-,-,-,-,-,-,-,-,-,-,-,-,-,-,-,-,-,-,-,-,D148,H149,G150,Y151,Y1,I153,Y154,S155,T156,F157,A159,F160,Y161,P163,Y1,L164,L165,L166,M167,L168,V169,L170,Y171,R173,Y1,I174,F175,R176,A177,A178,R179,F180,R181,I182,R183,K184,K185,N186,E187,R188,-,-,-,-,-,-,-,-,-,-,-,-,-,-,-,-,-,-,-,-,-,-,-,-,-,-,-,-,-,-,-,-,-,-,-,-,-,-,-,-,-,-,-,-,R194,K193,A192,E191,A190,N189,-,-,-,-,-,-,-,-,-,-,-,-,-,-,-,-,-,-,-,-,-,-,-,-,-,-,-,-,-,-,-,-,-,-,-,-,-,-,-,K195,M196,A197,L198,A199,E201,Q2,R202,K203,T204,V205,K206,T207,L208,I210,I211,-,M212,G213,T214,F215,I216,L217,C218,W219,P221,Q2,F222,F223,I224,V225,A226,L227,V228,M238,P239,-,-,-,-,-,-,-,-,-,-,-,-,-,T240,L241,L242,G243,A244,I245,I246,N247,L249,Q2,G250,Y251,S252,N253,S254,L255,L256,N257,Q2,V259,I260,Y261,A262,Y263,F264,-,-,-,-,-,-,-,-,-,-,-,P258,-,-,-,-,-,-,N265,K266,F268,Q2,Q269,N270,A271,F272,K273,K274,I275,I276,G10,N20,E30,R31,S32,L33,Q34,N38,D48,L54,A59,K67,W68,T69,-,-,-,-,-,-,-,-,-,-,-,-,-
5UEN_B,-,-,-,-,-,-,-,-,-,-,-,-,-,-,-,-,-,-,-,-,-,-,-,-,-,-,-,-,-,-,-,-,-,-,-,-,-,-,-,-,-,-,-,-,-,-,-,-,-,-,-,-,-,-,-,-,-,-,-,-,-,-,-,-,-,-,-,-,-,-,-,-,-,-,-,-,-,-,-,-,-,-,-,-,-,-,-,-,-,-,-,-,-,-,-,-,-,-,-,-,-,-,-,-,-,-,-,-,-,-,-,-,-,-,-,-,-,-,-,-,-,-,-,-,-,-,-,-,-,-,-,-,-,-,-,-,-,-,-,-,-,-,-,-,-,-,-,-,-,-,-,-,-,-,-,-,-,-,-,-,-,-,-,-,-,-,-,-,-,-,-,-,-,-,-,S1,A2,F3,Q4,G9,I10,E11,V12,-,L13,I14,A15,L16,V17,S18,V19,P20,F40,A2,C41,F42,I43,V44,S45,L46,A47,V48,A49,-,-,-,-,-,-,-,-,-,-,-,-,-,-,-,-,-,-,-,-,-,-,-,-,-,-,-,-,-,-,-,-,-,-,D50,V51,A52,-,V53,G54,A55,L56,V57,I58,P59,L60,A61,-,I62,H73,T74,C75,L76,M77,V78,A79,C80,-,P81,V82,L83,I84,L85,T86,Q87,-,-,-,-,-,-,-,-,-,-,-,-,-,-,-,-,-,-,-,-,-,-,-,-,-,-,-,-,-,-,S88,S89,I90,L91,A92,L93,L94,A95,-,I96,A97,R103,V104,K105,I106,P107,L108,R109,-,Y110,K111,M112,V113,V114,T115,-,-,-,-,-,-,-,-,-,-,-,-,-,-,-,-,-,-,-,-,-,-,-,-,-,-,-,-,-,-,-,-,-,-,-,-,-,-,-,-,-,-,-,-,-,-,-,-,-,-,-,-,-,-,-,-,P116,R117,-,R118,A119,A120,V121,A122,I123,A124,R149,A150,-,W151,A152,A153,A154,V198,F199,Y200,-,N212,A2,W213,E214,T215,H250,G251,-,-,-,-,-,-,-,-,-,-,-,-,-,-,-,-,-,-,-,-,-,-,-,-,-,-,-,-,-,-,-,-,-,-,-,-,-,-,-,-,-,-,-,-,-,-,-,-,-,-,-,F252,D253,I254,L255,-,V256,G257,Q258,I259,L310,A311,L312,I313,L314,-,F315,L316,L332,F333,C334,S336,C337,H338,-,-,-,-,-,-,-,-,-,-,-,D260,D261,A262,L263,K264,L265,A266,N267,E268,G269,K270,V271,K272,E273,A274,Q275,A276,A277,A278,E279,Q280,L281,K282,-,-,-,-,-,-,-,-,-,-,-,-,-,-,-,-,-,-,-,-,-,-,-,-,-,-,-,L304,E303,K302,Q301,L300,T299,S298,R297,A296,E294,L293,Y292,K291,Q290,I289,Y288,A287,N286,T284,T283,-,-,-,-,-,-,-,-,-,-,-,-,-,-,-,-,-,-,-,-,-,-,-,-,-,K305,I306,A307,K308,S309,-,-,-,-,-,-,-,F317,A318,L319,S320,W321,L322,P323,L324,H325,I326,L327,N328,C329,I330,T331,-,-,-,P335,-,-,-,K339,P340,-,-,-,-,-,-,-,-,-,-,-,-,-,S341,I342,L343,T344,Y345,I346,A347,I348,F349,F3,T351,H352,G353,N354,S355,A356,M357,N358,F3,I360,V361,Y362,A363,F364,R365,-,-,-,-,-,-,-,-,-,-,-,-,-,-,-,-,-,-,-,-,-,L350,-,-,-,-,-,-,-,-,P359,-,-,-,-,-,-,I366,Q367,K368,F369,-,R370,V371,T372,F373,L374,K375,I376,W377,N378,D379,H380,F381,R382,C383,-
3VGA_A,-,-,-,-,-,-,-,-,-,-,-,-,-,-,-,-,-,-,-,-,-,-,-,-,-,-,-,-,-,-,-,-,-,-,-,-,-,-,-,-,-,-,-,-,-,-,-,-,-,-,-,-,-,-,-,-,-,-,-,-,-,-,-,-,-,-,-,-,-,-,-,-,-,-,-,-,-,-,-,-,-,-,-,-,-,-,-,-,-,-,-,-,-,-,-,-,-,-,-,-,-,-,-,-,-,-,-,-,-,-,-,-,-,-,-,-,-,-,-,-,-,-,-,-,-,-,-,-,-,-,-,-,-,-,-,-,-,-,-,-,-,-,-,-,-,-,-,-,-,-,-,-,-,-,-,-,-,-,-,-,-,-,-,-,-,-,-,-,-,-,-,-,-,-,-,S1,S2,V3,Y4,I5,T6,V7,E8,L9,A10,I11,A12,V13,L14,A15,I16,L17,G18,S1,V20,L21,V22,C23,W24,A25,V26,W27,L28,-,-,-,-,-,-,-,-,-,-,-,-,-,-,-,-,-,-,-,-,-,-,-,-,-,-,-,-,-,-,-,-,-,-,N29,T36,N37,-,Y38,F39,V40,V41,S42,L43,A44,A45,A46,Y4,I48,A49,V50,G51,L53,A54,I55,P56,A58,I5,I59,T60,I61,S62,T63,G64,F65,C66,A67,-,-,-,-,-,-,-,-,-,-,-,-,-,-,-,-,-,A68,C69,H70,G71,C72,L73,F74,I75,C77,V7,F78,V79,L80,V81,L82,T83,Q84,S85,I87,E8,F88,S89,L90,L91,A92,I93,A94,I95,R97,L9,Y98,I99,A100,I101,R102,I103,P104,L105,R106,Y107,-,-,-,-,-,-,-,-,-,-,-,-,-,-,-,-,-,-,-,-,-,-,-,-,-,-,-,-,-,-,-,-,-,-,-,-,-,-,-,-,-,-,-,-,-,-,-,-,N108,G109,L110,V111,T112,T114,S1,R115,A116,K117,G118,I119,I120,A121,I122,W124,S1,V125,L126,S127,F128,A129,I130,G131,L132,P134,S1,M135,L136,G137,W138,N139,N140,C141,G142,Q143,S144,Q145,G146,C147,G148,E149,G150,Q151,V152,-,-,-,-,-,-,-,-,-,-,-,-,-,-,-,-,V160,V159,D158,E157,F156,L155,C154,A153,-,-,-,-,-,-,-,-,-,-,-,-,-,-,P161,M162,N163,Y164,-,Y167,F168,N169,F170,F171,C173,V174,L175,P177,S1,L178,L179,L180,M181,L182,G183,V184,Y185,R187,S1,I188,F189,L190,A191,A192,R193,R194,Q195,L196,K197,Q198,M199,E200,S201,Q202,P203,-,-,-,-,-,-,-,-,-,-,-,-,-,-,-,-,-,-,-,-,-,-,-,-,-,-,-,-,-,-,-,-,-,-,-,-,-,-,-,-,-,-,-,A209,R208,E207,G206,P205,L204,-,-,-,-,-,-,-,-,-,-,-,-,-,-,-,-,-,-,-,-,-,-,-,-,-,-,-,-,-,-,-,-,-,-,-,-,-,-,-,R210,S211,T212,L213,Q214,E216,S2,V217,H218,A219,A220,K221,S222,L223,I225,I226,-,V227,G228,L229,F230,A231,L232,C233,W234,P236,S2,L237,H238,I239,I240,N241,C242,F243,T244,F245,F246,C247,P248,D249,C250,-,-,A253,H252,S251,-,-,P254,L255,W256,L257,M258,Y259,L260,A261,I262,L264,S2,S265,H266,T267,N268,S269,V270,V271,N272,S2,F274,I275,Y276,A277,Y278,R279,-,-,-,-,-,-,-,-,-,-,-,P273,-,-,-,-,-,-,I280,R281,F283,S2,R284,Q285,T286,F287,R288,K289,I290,I291,S293,S2,H294,V295,L296,L9,N19,S30,N31,L32,Q33,N34,V35,D47,-,-,-,-,-,-,-,-,-,-,-,-,-
6GDG_A,-,-,-,-,-,-,-,-,-,-,-,-,-,-,-,-,-,-,-,-,-,-,-,-,-,-,-,-,-,-,-,-,-,-,-,-,-,-,-,-,-,-,-,-,-,-,-,-,-,-,-,-,-,-,-,-,-,-,-,-,-,-,-,-,-,-,-,-,-,-,-,-,-,-,-,-,-,-,-,-,-,-,-,-,-,-,-,-,-,-,-,-,-,-,-,-,-,-,-,-,-,-,-,-,-,-,-,-,-,-,-,-,-,-,-,-,-,-,-,-,-,-,-,-,-,-,-,-,-,-,-,-,-,-,-,-,-,-,-,-,-,-,-,-,-,-,-,-,-,-,-,-,-,-,-,-,-,-,-,-,-,-,-,-,-,-,-,-,-,-,-,-,-,-,-,-,A1,V2,Y3,I4,T5,V6,E7,L8,A9,I10,A11,V12,L13,A14,I15,L16,G17,A1,V19,L20,V21,C22,W23,A24,V25,W26,L27,-,-,-,-,-,-,-,-,-,-,-,-,-,-,-,-,-,-,-,-,-,-,-,-,-,-,-,-,-,-,-,-,-,-,N28,T35,N36,-,Y37,F38,V39,V40,S41,L42,A43,A44,A45,I4,I47,A48,V49,G50,V51,A53,I54,P55,F56,T5,I58,T59,I60,S61,T62,G63,-,-,-,-,-,-,-,-,-,-,-,-,-,-,-,-,-,-,-,-,A67,C68,H69,G70,C71,L72,F73,I74,A75,E7,F77,V78,L79,V80,L81,T82,Q83,S84,S85,L8,F87,S88,L89,L90,A91,I92,A93,I94,D95,A9,Y97,I98,A99,I100,R101,I102,-,L104,R105,Y106,-,-,-,-,-,-,-,-,-,-,-,-,-,-,-,-,-,-,-,-,-,-,-,-,-,-,-,-,-,-,-,-,-,-,-,-,-,-,-,-,-,-,-,-,-,-,-,-,N107,G108,L109,V110,T111,T113,A1,R114,A115,K116,G117,I118,I119,A120,I121,W123,A1,V124,L125,S126,F127,A128,I129,G130,L131,P133,A1,M134,L135,G136,W137,N138,N139,C140,V141,A142,C143,L144,F145,E146,-,-,-,-,-,-,-,-,-,-,-,-,-,-,-,-,-,-,-,-,-,V149,V148,D147,-,-,-,-,-,-,-,-,-,-,-,-,-,-,-,-,-,-,-,P150,M151,N152,Y153,-,Y156,F157,N158,F159,F160,C162,V163,L164,P166,A1,L167,L168,L169,M170,L171,G172,V173,Y174,R176,A1,I177,F178,L179,A180,A181,R182,R183,Q184,L185,-,-,-,-,-,-,-,-,-,-,-,-,-,-,-,-,-,-,-,-,-,-,-,-,-,-,-,-,-,-,-,-,-,-,-,-,-,-,-,-,-,-,-,-,-,-,-,-,-,-,-,-,-,-,-,-,-,-,-,-,-,-,-,-,-,-,-,-,-,-,-,-,-,-,-,-,-,-,-,-,-,-,-,-,-,-,-,-,-,-,-,-,-,-,-,K186,M188,T189,L190,Q191,E193,A1,V194,H195,A196,A197,K198,S199,L200,I202,I203,-,V204,G205,L206,F207,A208,L209,C210,W211,P213,V2,L214,H215,I216,I217,N218,C219,F220,T221,F222,F223,C224,P225,D226,C227,-,-,A230,H229,S228,-,-,P231,L232,W233,L234,M235,Y236,L237,A238,I239,L241,V2,S242,H243,T244,N245,S246,V247,V248,N249,V2,F251,I252,Y253,A254,Y255,R256,-,-,-,-,-,-,-,-,-,-,-,P250,-,-,-,-,-,-,I257,R258,F260,V2,R261,Q262,T263,F264,L8,N18,S29,N30,L31,Q32,N33,V34,D46,L52,A57,F64,C65,A66,C76,I86,R96,P103,-,-,-,-,-,-,-,-,-,-,-,-,-
3UON_A,-,-,-,-,-,-,-,-,-,-,-,-,-,-,-,-,-,-,-,-,-,-,-,-,-,-,-,-,-,-,-,-,-,-,-,-,-,-,-,-,-,-,-,-,-,-,-,-,-,-,-,-,-,-,-,-,-,-,-,-,-,-,-,-,-,-,-,-,-,-,-,-,-,-,-,-,-,-,-,-,-,-,-,-,-,-,-,-,-,-,-,-,-,-,-,-,-,-,-,-,-,-,-,-,-,-,-,-,-,-,-,-,-,-,-,-,-,-,-,-,-,-,-,-,-,-,-,-,-,-,-,-,-,-,-,-,-,-,-,-,-,-,-,-,-,-,-,-,-,-,-,-,-,-,-,-,-,-,-,-,-,-,-,-,-,-,-,-,-,-,-,-,-,-,-,-,-,T1,F2,E3,V4,V5,F6,-,I7,V8,L9,V10,A11,T18,I19,I20,G21,-,N22,I23,L24,V25,M26,V27,S28,I29,N59,-,-,-,-,-,K30,V31,N32,R33,H34,L35,Q36,T37,V38,N39,N40,Y41,I53,I52,L51,D50,A49,C48,A47,L46,S45,L43,F42,G54,V55,F56,S57,M58,-,L60,Y61,T62,-,L63,N94,L95,L96,I97,I98,S99,F100,D101,-,R102,Y103,F104,C105,V106,T107,K108,P109,L110,-,T111,Y112,P113,V114,K115,R116,-,-,-,-,-,-,-,-,-,-,-,-,-,-,-,-,-,-,-,-,T117,T118,K119,M120,A121,G122,S132,F133,I134,-,L135,C157,Y158,I159,Q160,F161,I173,A174,A175,-,F176,P179,V180,I181,I182,M183,T184,V185,L186,-,D244,K245,A246,I247,G248,R249,-,-,-,-,-,-,-,-,-,-,-,-,-,-,-,-,-,-,-,-,-,-,-,-,-,-,-,-,-,-,-,-,-,-,-,-,-,-,-,-,-,-,-,-,-,-,-,-,-,-,-,-,-,-,-,-,N250,T251,-,N252,G253,V254,I255,A294,A295,L296,I297,N298,-,M299,V300,F301,Q302,M303,G304,E305,-,T306,-,G307,V308,G310,F311,T312,-,-,-,-,-,-,-,-,-,-,-,-,-,-,-,-,-,-,-,-,-,-,-,-,-,-,-,-,-,-,-,-,-,-,-,-,-,-,-,-,-,-,-,-,-,-,-,-,-,-,-,N313,S314,L315,R316,-,-,-,-,-,-,-,-,-,-,-,-,-,-,-,-,-,-,-,-,-,-,-,-,-,M317,L318,Q319,Q320,-,-,-,-,-,-,-,-,-,-,-,-,-,-,-,-,-,-,-,-,-,-,-,-,-,-,-,-,-,-,-,-,-,-,-,-,-,-,-,-,-,-,-,-,-,-,-,-,-,-,-,-,-,-,-,-,-,-,-,-,-,-,-,-,-,-,-,-,-,-,-,-,-,-,-,-,-,-,-,-,-,-,-,-,-,-,-,-,-,-,-,-,-,-,-,-,-,-,-,-,K321,P340,E3,N341,R342,A343,K344,R345,V346,I347,T348,I374,E3,L375,L376,A377,F378,I379,I380,T381,W382,P384,E3,Y385,N386,V387,M388,V389,L390,I391,N392,T393,-,-,-,-,-,-,-,-,-,-,-,-,-,F394,C395,A396,P397,C398,I399,P400,N401,T402,V4,G407,Y408,W409,L410,C411,Y412,I413,N414,-,-,-,-,-,-,-,-,-,-,-,-,-,-,-,-,-,-,-,-,-,-,-,-,V403,W404,T405,I406,-,-,-,-,-,-,-,-,S415,T416,-,I417,N418,P419,A420,C421,Y422,A423,L424,C425,-,N426,A427,T428,F429,K430,K431,T432,F433,K434,H435,L436,L437,M438,-,-
