,n.9,n.8,n.7,n.6,n.5,n.4,n.3,n.2,n.1,1.39,1.40,1.41,1.42,1.43,1.44,1.45,1.46,1.47,1.48,1.49,1.50,1.51,1.52,1.53,1.54,1.55,1.56,1.57,2.45,2.46,2.47,2.48,2.49,2.50,2.51,2.52,2.53,2.54,2.55,2.56,2.57,2.58,2.59,2.60,2.61,3.42,3.43,3.44,3.45,3.46,3.47,3.48,3.49,3.50,3.51,3.52,3.53,3.54,3.55,3.56,3.57,4.42,4.43,4.44,4.45,4.46,4.47,4.48,4.49,4.50,4.51,4.52,4.53,4.54,4.55,4.56,4.57,5.44,5.45,5.46,5.47,5.48,5.49,5.50,5.51,5.52,5.53,5.54,5.55,5.56,5.57,5.58,5.59,5.60,5.61,5.62,6.38,6.39,6.40,6.41,6.42,6.43,6.44,6.45,6.46,6.47,6.48,6.49,6.50,6.51,6.52,6.53,6.54,6.55,6.56,6.57,7.39,7.40,7.41,7.42,7.43,7.44,7.45,7.46,7.47,7.48,7.49,7.50,7.51,7.52,7.53,7.54,7.55,7.56,76.001,76.002,76.003,76.004,76.005,76.006,76.007,c.1,c.2,c.3,c.4,c.5,c.6,c.7,c.8,c.9,c.10,c.11,c.12
7BMH,P42,I43,Y44,E45,T46,V47,G48,D49,S50,G51,S52,K53,T54,L55,W56,V57,V58,F59,V60,L61,M62,L63,I64,A65,S66,A67,A68,F69,V85,I86,T87,T88,I89,I90,T91,L92,T93,A94,A95,L96,S97,Y98,F99,A100,M101,R136,Y137,I138,D139,W140,A141,I142,T143,T144,P145,L146,L147,L148,L149,D150,L151,M164,A165,I166,V167,A168,D169,L170,I171,M172,V173,L174,T175,G176,L177,F178,A179,W190,G191,W192,Y193,T194,I195,A196,C197,I198,A199,Y200,I201,F202,V203,V204,W205,H206,L207,V208,F225,F226,V227,A228,I229,G230,A231,Y232,T233,L234,I235,L236,W237,T238,A239,Y240,P241,I242,V243,W244,I259,I260,A261,Y262,A263,V264,L265,D266,V267,L268,A269,K270,G271,V272,F273,G274,A275,W276,E258,G257,D256,V255,G254,I253,K252,L277,L278,V279,T280,H281,A282,N283,L284,R285,E286,S287,D288
4HYJ,-,-,-,-,-,-,-,-,-,-,Q12,Y13,M14,F15,W16,V17,G18,F19,V20,G21,M22,A23,A24,G25,T26,L27,Y28,F29,T45,V46,A47,A48,L49,V50,T51,F52,V53,A54,A55,I56,H57,Y58,Y59,F60,M61,R82,Y83,I84,D85,W86,L87,V88,T89,T90,P91,L92,L93,L94,V95,K96,F97,K114,L115,V116,I117,A118,D119,V120,I121,M122,I123,V124,G125,G126,Y127,I128,G129,L144,W145,S146,Y147,L148,I149,G150,C151,F152,A153,W154,I155,Y156,I157,I158,Y159,L160,L161,F162,A179,L180,L181,K182,M183,R184,L185,F186,I187,L188,I189,G190,W191,A192,I193,Y194,P195,I196,G197,Y198,E214,L215,I216,Y217,N218,F219,A220,D221,L222,T223,N224,K225,V226,G227,-,-,-,-,-,-,-,-,-,-,-,-,-,-,-,-,-,-,-,-,-,-,-
8XX8,-,-,-,-,-,-,-,-,-,-,-,-,W13,L14,W15,V16,G17,V18,A19,G20,M21,A22,L23,A24,A25,I26,V27,M28,V45,S46,Q47,F48,F49,V50,L51,L52,I53,A54,F55,G56,T57,Y58,L59,A60,M61,R80,Y81,I82,T83,W84,T85,F86,T87,T88,P89,L90,L91,L92,L93,G94,L95,G113,L114,I115,G116,A117,D118,I119,I120,M121,I122,L123,T124,G125,L126,V127,A128,W139,I140,W141,Y142,G143,V144,S145,S146,G147,A148,F149,L150,A151,V152,Y153,Y154,L155,I156,C157,L174,Y175,L176,R177,N178,A179,V180,V181,L182,S183,V184,I185,W186,F187,L188,Y189,P190,V191,N192,F193,-,A210,I211,Y212,T213,L214,L215,D216,L217,A218,S219,K221,A222,A223,Y224,G225,F226,-,-,-,-,-,-,-,-,-,-,-,-,-,-,-,-,-,-,-,-
RgRGC1_model_0,-,-,-,-,-,-,-,-,-,-,-,-,-,Y107,A108,Y109,T110,A111,A112,S113,F114,G115,I116,A117,V118,I119,Y120,S121,K138,V139,L140,C141,I142,V143,N144,F145,I146,A147,M148,S149,S150,Y151,I152,M153,Q154,R174,F175,Y176,E177,W178,L179,A180,T181,C182,P183,I184,L185,I186,Y187,L188,I189,T201,T202,A203,S204,Y205,D206,Y207,S208,L209,I210,I211,L212,G213,F214,I215,A216,E225,W226,F227,A228,C229,G230,S231,T232,I233,F234,F235,F236,Y237,T238,I239,Y240,G241,L242,M243,S262,L263,Y264,Y265,A266,R267,F268,V269,T270,F271,L272,A273,W274,N275,S276,F277,A278,T279,V280,W281,E295,V296,L297,F298,C299,V300,S301,D302,I303,F304,A305,K306,V307,F308,L309,T310,F311,-,-,-,-,-,-,-,-,-,-,-,-,-,-,-,-,-,-,-,-
1VGO,-,-,-,-,-,-,-,-,-,-,-,L15,W16,L17,G18,I19,G20,T21,L22,L23,M24,L25,I26,G27,T28,F29,Y30,F31,A48,I49,T50,I51,L52,V53,P54,G55,I56,A57,S58,A59,A60,Y61,L62,A63,M64,R87,Y88,A89,D90,W91,L92,F93,T94,T95,P96,L97,L98,L99,L100,D101,L102,T115,L116,I117,G118,V119,D120,A121,L122,M123,I124,V125,T126,G127,L128,I129,G130,Y140,T141,W142,W143,L144,F145,S146,T147,I148,A149,F150,L151,F152,V153,L154,Y155,Y156,L157,L158,T175,F176,N177,T178,L179,T180,A181,L182,V183,A184,V185,L186,W187,T188,A189,Y190,P191,I192,L193,W194,T210,L211,A212,F213,M214,V215,L216,D217,V218,T219,A220,K221,V222,G223,F224,-,-,-,-,-,-,-,-,-,-,-,-,-,-,-,-,-,-,-,-,-,-
bReaChES_J215_refine6,-,-,-,-,-,-,-,-,-,-,-,-,L94,Q95,W96,V97,V98,F99,A100,L101,S102,V103,A104,C105,L106,G107,W108,Y109,W120,E121,E122,V123,Y124,V125,A126,L127,I128,E129,M130,M131,K132,S133,I134,I135,E136,R159,Y160,G161,S162,W163,L164,L165,T166,C167,P168,V169,I170,L171,I172,H173,L174,G190,L191,L192,V193,S194,D195,V196,G197,C198,I199,V200,W201,G202,A203,T204,S205,I214,L215,F216,F217,L218,I219,S220,L221,S222,Y223,G224,M225,Y226,T227,Y228,F229,H230,A231,A232,L250,V251,R252,A253,M254,A255,W256,L257,F258,F259,V260,S261,W262,G263,M264,F265,P266,V267,L268,F269,A285,I286,G287,H288,S289,I290,L291,D292,L293,I294,A295,K296,N297,M298,W299,G300,-,-,-,-,-,-,-,-,-,-,-,-,-,-,-,-,-,-,-,-,-
NeoR_model_0,-,-,-,-,-,-,-,-,-,S62,D63,F64,I65,Y66,K67,G68,T69,T70,F71,V72,F73,I74,V75,A76,V77,C78,F79,T80,F97,V98,L99,M100,M101,T102,C103,G104,V105,V106,A107,T108,S109,W110,F111,L112,L113,R133,H134,L135,E136,W137,A138,H139,D140,E141,A142,N143,L144,A145,Y146,F147,L148,R161,T162,I163,L164,E165,S166,H167,G168,L169,L170,L171,F172,G173,F174,L175,A176,E185,L186,F187,A188,T189,I190,S191,M192,C193,I194,Y195,L196,A197,C198,L199,Q200,D201,I202,I203,T222,L223,R224,R225,C226,R227,D228,I229,T230,I231,F232,A233,W234,S235,Y236,I237,T238,L239,A240,W241,E255,L256,H257,I258,A259,L260,G261,E262,F263,C264,A265,K266,V267,-,-,-,-,-,-,-,-,-,-,-,-,-,-,-,-,-,-,-,-,-,-,-,-
8CQC,-,-,-,-,-,-,-,-,-,T30,G31,V32,S33,F34,W35,L36,V37,T38,A39,A40,L41,L42,A43,S44,T45,V46,F47,F48,T64,V65,S66,G67,L68,V69,T70,G71,I72,A73,F74,W75,H76,Y77,M78,Y79,M80,R95,Y96,I97,D98,W99,L100,L101,T102,V103,P104,L105,L106,I107,C108,E109,F110,K127,L128,L129,V130,G131,S132,L133,V134,M135,L136,V137,F138,G139,Y140,M141,G142,W150,P151,A152,F153,I154,I155,G156,C157,L158,A159,W160,V161,Y162,M163,I164,Y165,E166,L167,W168,A186,Y187,N188,T189,M190,M191,Y192,I193,I194,I195,F196,G197,W198,A199,I200,Y201,P202,V203,G204,Y205,N221,L222,I223,Y224,N225,L226,A227,D228,F229,V230,N231,K232,I233,-,-,-,-,-,-,-,-,-,-,-,-,-,-,-,-,-,-,-,-,-,-,-,-
GtCCR1_model_0,-,-,-,-,-,-,-,-,-,-,-,A9,A10,N11,W12,I13,S14,F15,L16,V17,I18,A19,G20,S21,F22,V23,V24,L25,M50,L51,T52,V53,I54,I55,N56,L57,W58,C59,A60,L61,A62,Y63,F64,A65,K66,P84,Y85,L86,D87,Y88,A89,T90,T91,C92,P93,L94,L95,T96,L97,D98,L99,T110,S111,A112,V113,L114,V115,F116,T117,V118,M119,I120,T121,G122,V123,A124,C125,F134,Y135,W136,F137,A138,M139,G140,M141,V142,L143,F144,I145,F146,T147,Y148,V149,L150,M151,L152,H177,L178,K179,A180,A181,V182,I183,I184,Y185,F186,G187,I188,W189,P190,I191,F192,A193,I194,L195,W196,H212,I213,L214,H215,C216,I217,L218,D219,V220,I221,A222,K223,S224,C225,F226,-,-,-,-,-,-,-,-,-,-,-,-,-,-,-,-,-,-,-,-,-,-
8YEJ,-,-,-,-,-,-,-,-,-,-,-,-,-,N11,W12,I13,S14,F15,L16,A17,I18,S19,A20,S21,F22,I23,I24,L25,M50,L51,T52,V53,F54,I55,N56,L57,W58,C59,A60,L61,A62,Y63,F64,A65,K66,P84,Y85,V86,D87,Y88,C89,T90,T91,C92,P93,L94,L95,T96,L97,D98,L99,S110,S111,A112,V113,L114,V115,F116,T117,C118,L119,V120,I121,A122,V123,A124,C125,Y134,C135,W136,F137,A138,M139,G140,M141,V142,L143,F144,T145,F146,T147,Y148,V149,F150,I151,L152,H177,L178,K179,T180,A181,V182,F183,I184,Y185,F186,G187,I188,W189,L190,L191,F192,P193,L194,L195,W196,H212,I213,F214,H215,C216,I217,L218,D219,V220,I221,A222,K223,S224,V225,Y226,G227,F228,-,-,-,-,-,-,-,-,-,-,-,-,-,-,-,-,-,-,-,-
TATLA_model_0,-,-,-,-,-,-,-,-,-,T8,S9,Y10,T11,F12,E13,F14,A15,L16,I17,T18,M19,I20,A21,A22,T23,I24,Y25,F26,T42,L43,A44,I45,L46,T47,T48,A49,L50,A51,V52,V53,E54,Y55,Y56,H57,M58,R79,Y80,I81,T82,W83,L84,I85,A86,T87,P88,I89,M90,L91,Y92,T93,Y94,L110,T111,I112,S113,L114,N115,F116,L117,M118,I119,V120,S121,G122,Y123,F124,A125,Y140,S141,M142,F143,A144,T145,G146,F147,A148,S149,W150,L151,G152,I153,V154,F155,I156,F157,S158,C179,-,L180,S181,V182,V183,Q184,K185,L186,V187,Y189,G190,W191,A192,I193,Y194,P195,V196,G197,L198,E214,I215,I216,Y217,N218,F219,G220,D221,C222,F223,N224,K225,V226,G227,-,-,-,-,-,-,-,-,-,-,-,-,-,-,-,-,-,-,-,-,-,-,-
HmSRIII_model_0,-,-,-,-,-,-,-,-,-,-,-,V6,W7,Y8,G9,A10,G11,A12,G13,A14,F15,F16,V17,S18,A19,V20,V21,F22,Y38,L39,P40,P41,I42,H43,T44,S45,V46,A47,G48,A49,A50,Y51,V52,A53,M54,R72,F73,A74,D75,W76,I77,V78,S79,T80,P81,I82,I83,T84,Y85,Y86,L87,L100,A101,V102,A103,A104,N105,V106,V107,M108,I109,G110,V111,G112,Y113,G114,F115,W124,I125,A126,F127,A128,V129,S130,T131,V132,A133,F134,I135,G136,L137,L138,Y139,L140,Y141,I142,L159,F160,Q161,S162,L163,R164,D165,L166,T167,V168,V169,T170,W171,S172,L173,Y174,P175,V176,V177,Y178,N194,F195,L196,V197,A198,V199,L200,D201,T202,I203,A204,K205,V206,G207,F208,-,-,-,-,-,-,-,-,-,-,-,-,-,-,-,-,-,-,-,-,-,-
1C3W,-,-,-,-,-,-,-,-,-,-,-,-,-,-,A14,L15,G16,T17,A18,L19,M20,G21,L22,G23,T24,L25,Y26,F27,A44,I45,T46,T47,L48,V49,P50,A51,I52,A53,F54,T55,M56,Y57,L58,S59,M60,R82,Y83,A84,D85,W86,L87,F88,T89,T90,P91,L92,L93,L94,L95,D96,L97,A110,L111,V112,G113,A114,D115,G116,I117,M118,I119,G120,T121,G122,L123,V124,G125,F135,V136,W137,W138,A139,I140,S141,T142,A143,A144,M145,L146,Y147,I148,L149,Y150,V151,L152,F153,T170,F171,K172,V173,L174,R175,N176,V177,T178,V179,V180,L181,W182,S183,A184,Y185,P186,V187,V188,W189,T205,L206,L207,F208,M209,V210,L211,D212,V213,S214,A215,K216,V217,G218,F219,G220,L221,I222,-,-,-,-,-,-,-,-,-,-,-,-,-,-,-,-,-,-,-
MsSzR_model_0,-,-,-,-,-,-,-,-,-,-,-,I6,V7,F8,Q9,I10,G11,A12,M13,I14,F15,A16,A17,S18,S19,V20,V21,F22,D33,T34,E35,F36,F37,I38,S39,F40,I41,T42,S43,M44,S45,Y46,V47,V48,M49,R68,W69,L70,F71,Y72,M73,A74,A75,C76,P77,L78,L79,M80,Y81,D82,V83,V96,F97,A98,L99,L100,T101,C102,L103,T104,M105,F106,N107,G108,F109,L110,A111,W120,I121,F122,F123,L124,F125,G126,S127,A128,A129,F130,I131,G132,L133,L134,Y135,M136,V137,S138,A145,S146,K147,T148,L149,K150,P151,F152,V153,Y154,I155,G156,W157,S158,L159,F160,P161,V162,V163,F164,A180,F181,L182,Y183,L184,L185,L186,D187,L188,V189,T190,K191,L192,W193,F194,-,-,-,-,-,-,-,-,-,-,-,-,-,-,-,-,-,-,-,-,-,-
TsChR_J132_refine3,-,-,-,-,-,-,-,-,-,-,-,-,-,Q95,W96,F97,G98,V99,I100,L101,S102,L103,V104,F105,L106,I107,Y108,Y109,W120,E121,E122,L123,Y124,V125,C126,T127,V128,E129,F130,C131,K132,I133,I134,I135,E136,R159,Y160,A161,E162,W163,L164,L165,T166,C167,P168,V169,I170,L171,I172,H173,L174,S190,L191,I192,T193,S194,D195,L196,G197,G198,I199,C200,M201,A202,V203,T204,A205,A214,L215,F216,F217,V218,I219,G220,C221,G222,Y223,G224,A225,S226,T227,F228,Y229,N230,A231,A232,L250,V251,L252,W253,M254,A255,G256,V257,F258,F259,T260,S261,W262,F263,M264,F265,P266,G267,L268,F269,T285,I286,G287,H288,T289,V290,A291,D292,L293,L294,S295,K296,N297,A298,W299,G300,M301,-,-,-,-,-,-,-,-,-,-,-,-,-,-,-,-,-,-,-,-
8JXO,-,-,-,-,-,-,-,-,-,-,-,-,-,N24,T25,I26,T27,A28,I29,I30,L31,V32,A33,A34,G35,A36,Y37,M38,W63,L64,S65,P66,G67,I68,S69,I70,L71,C72,G73,V74,M75,Y76,A77,F78,K79,W101,Y102,S103,D104,Y105,L106,I107,T108,C109,P110,L111,L112,V113,L114,D115,F116,V127,F128,S129,S130,S131,I132,A133,C134,L135,L136,A137,I138,A139,V140,S141,T142,Y151,Y152,M153,Y154,G155,I156,G157,L158,A159,G160,F161,I162,C163,A164,G165,Y166,A167,L168,W169,Y186,L187,S188,A189,G190,R191,L192,I193,F194,F195,A196,G197,W198,P199,F200,F201,P202,L203,L204,W205,F221,I222,L223,H224,A225,I226,L227,D228,I229,L230,C231,K232,A233,V234,F235,G236,F237,-,-,-,-,-,-,-,-,-,-,-,-,-,-,-,-,-,-,-,-
PoClR_model_0,-,-,-,-,-,-,-,-,-,-,-,-,L25,L26,M27,V28,G29,Y30,G31,A32,H33,F34,A35,F36,T37,L38,F39,F40,W56,M57,S58,A59,V60,V61,M62,V63,A64,A65,G66,L67,S68,L69,L70,R71,E72,R100,Y101,A102,N103,W104,T105,I106,T107,I108,P109,L110,L111,I112,A113,Q114,L115,A132,L133,T134,A135,A136,A137,I138,A139,M140,I141,W142,T143,G144,L145,I146,G147,L159,L160,W161,G162,F163,I164,S165,T166,I167,P168,F169,V170,Y171,L172,V173,W174,G175,V176,R177,W194,T195,R196,K197,L198,F199,F200,Y201,F202,L203,F204,F205,W206,G207,L208,Y209,A210,L211,A212,Y213,Q229,F230,M231,Y232,T233,V234,A235,D236,I237,F238,S239,K240,L241,V242,Y243,G244,-,-,-,-,-,-,-,-,-,-,-,-,-,-,-,-,-,-,-,-,-
PsuACR_353_model_0,-,-,-,-,-,-,-,-,-,M37,H38,V39,V40,Q41,W42,I43,G44,S45,F46,I47,C48,I49,F50,Q51,C52,L53,W54,F55,W64,D65,T66,P67,Y68,I69,P70,A71,V72,E73,A74,V75,G76,Y77,G78,L79,M80,R100,Y101,S102,I103,W104,V105,L106,S107,T108,P109,V110,L111,L112,W113,D114,I115,V131,Q132,S133,L134,A135,N136,L137,F138,L139,L140,C141,F142,G143,F144,I145,G146,Y156,L157,C158,Y159,S160,I161,G162,V163,M164,M165,L166,G167,V168,V169,F170,F171,C172,A173,Y174,R198,L199,K200,L201,I202,A203,C204,I205,F206,M207,T208,S209,F210,S211,G212,Y213,P214,I215,L216,W217,E233,V234,V235,H236,I237,P238,L239,D240,L241,I242,A243,K244,N245,-,-,-,-,-,-,-,-,-,-,-,-,-,-,-,-,-,-,-,-,-,-,-,-
GpRGC2_model_0,-,-,-,-,-,-,-,-,-,-,-,M61,W62,Y63,F64,Y65,T66,A67,S68,V69,F70,A71,I72,G73,V74,F75,F76,A77,M94,V95,L96,F97,W98,C99,D100,F101,I102,A103,M104,S105,T106,Y107,L108,L109,S110,R130,Y131,V132,E133,W134,L135,S136,T137,C138,P139,V140,L141,I142,L143,L144,I145,E157,T158,M159,E160,Y161,D162,Y163,I164,M165,L166,I167,L168,G169,F170,I171,G172,F181,F182,F183,Q184,M185,V186,C187,M188,A189,Y190,F191,A192,L193,V194,I195,F196,G197,L198,N199,S218,L219,K220,S221,A222,K223,I224,F225,T226,L227,L228,S229,W230,N231,A232,F233,A234,L235,N236,W237,E251,M252,L253,F254,G255,L256,S257,D258,I259,C260,A261,K262,V263,L264,L265,-,-,-,-,-,-,-,-,-,-,-,-,-,-,-,-,-,-,-,-,-,-
4JQ6,-,-,-,-,-,-,-,-,-,V11,G12,I13,S14,F15,W16,L17,A18,A19,A20,I21,M22,L23,A24,S25,T26,V27,F28,F29,T45,V46,A47,G48,L49,V50,T51,G52,V53,A54,F55,W56,H57,Y58,L59,Y60,M61,R76,Y77,I78,D79,W80,L81,I82,T83,V84,P85,L86,Q87,I88,I89,E90,F91,K108,L109,L110,I111,A112,S113,L114,V115,M116,L117,I118,G119,G120,F121,I122,G123,V131,V132,W133,W134,I135,V136,G137,M138,I139,A140,W141,L142,Y143,I144,I145,Y146,E147,I148,F149,F169,-,N170,T171,I172,K173,W174,I175,V176,T177,G179,-,W180,A181,I182,Y183,P184,I185,G186,Y187,N202,I203,V204,Y205,N206,L207,A208,D209,L210,I211,N212,K213,A214,A215,F216,-,-,-,-,-,-,-,-,-,-,-,-,-,-,-,-,-,-,-,-,-,-
7ZOU,-,-,-,-,-,-,-,-,-,-,-,-,-,-,I8,I8,G9,V10,I11,G12,M13,A14,L15,G16,S17,I18,F19,F20,T37,I38,N39,F40,F41,I42,C43,A44,I45,A46,T47,G48,L49,Y50,L51,S52,M53,R71,Y72,I73,T74,W75,F76,L77,S78,T79,L81,L82,I83,I83,L84,D85,L86,S99,L100,L101,G102,A103,N104,A105,Y106,M107,I108,A109,T110,G111,F112,V113,A114,H124,I125,W126,Y127,V128,V129,S130,C131,F132,A133,F134,L135,A136,T137,V138,Y139,L140,L141,V142,F160,R161,K162,L163,L164,S165,V166,H167,L168,V169,L170,L170,W171,,L173,Y174,P175,I176,V177,W178,T194,M195,F196,Y197,T198,I199,L200,D201,I202,T203,S204,K205,V206,G207,F208,G209,F210,L211,-,-,-,-,-,-,-,-,-,-,-,-,-,-,-,-,-,-,-
vPyACR_21821_model_0,-,-,-,-,-,-,-,-,-,-,-,-,-,-,F13,I14,D15,L16,L17,L18,S19,I20,I21,L22,F23,I24,F25,F26,F38,E39,V40,L41,Y42,V43,T44,G45,V46,G47,S48,L49,T50,D51,L52,V53,K54,Q78,F79,L80,G81,W82,M83,I84,T85,C86,P87,V88,L89,L90,I91,H92,L93,K109,I110,L111,V112,I113,Y114,Q115,I116,L117,M118,V119,S120,G121,A122,T123,A124,W133,L134,F135,F136,G137,V138,S139,L140,I141,S142,L143,L144,K145,I146,Y147,I148,Y149,A150,H151,V168,I169,N170,W171,I172,S173,F174,V175,F176,Y177,V178,S179,W180,S181,G182,F183,G184,V185,S186,W187,K203,A204,L205,F206,A207,F208,F209,D210,I211,M212,S213,K214,N215,V216,Y217,S218,M219,L220,-,-,-,-,-,-,-,-,-,-,-,-,-,-,-,-,-,-,-
7AKW,-,-,-,-,-,-,-,-,-,-,-,M6,T7,A8,Y9,I10,S11,I12,F13,V14,Q15,I16,I17,T18,A19,I20,I21,S22,I42,L43,E44,L45,I46,V47,Q48,I49,I50,E51,F52,I53,F54,Y55,I56,W57,L58,R73,Y74,F75,D76,W77,V78,L79,T80,T81,P82,V83,M84,L85,L86,T87,T88,Y116,I117,C118,L119,S120,N121,F122,F123,M124,L125,L126,I127,G128,Y129,L130,G131,M139,L140,T141,L142,F143,G144,G145,S146,F147,F148,L149,F150,L151,T152,F153,Y154,L155,L156,Y157,M166,N167,Y168,L169,V170,F171,G172,A173,M174,F175,L176,L177,W178,A179,L180,Y181,G182,F183,A184,F185,N193,Q194,M195,Y196,N197,I198,L199,D200,I201,F202,S203,K204,N205,F206,V207,-,-,-,-,-,-,-,-,-,-,-,-,-,-,-,-,-,-,-,-,-,-
HKR1_model_0,-,-,-,-,-,-,-,-,-,D39,P40,N41,A42,Y43,T44,W45,P46,M47,V48,A49,F50,G51,T52,A53,F54,G55,L56,N57,L74,L75,A76,C77,Y78,I79,N80,F81,L82,A83,G84,F85,S86,D87,Y88,M89,S90,R110,T111,V112,M113,W114,L115,L116,T117,T118,P119,A120,M121,V122,Y123,L124,L125,S138,V139,M140,L141,A142,D143,V144,L145,M146,I147,T148,F149,G150,I151,L152,A153,I163,L164,F165,Y166,M167,V168,A169,W170,C171,L172,F173,A174,Y175,V176,V177,H178,S179,M180,W181,S199,L200,E201,V202,L203,R204,L205,F206,A207,V208,G209,L210,W211,F212,T213,F214,P215,V216,I217,W218,E232,W233,T234,W235,C236,A237,C238,D239,F240,L241,G242,K243,V244,-,-,-,-,-,-,-,-,-,-,-,-,-,-,-,-,-,-,-,-,-,-,-,-
KnChR_J444_refine5,-,-,-,-,-,-,-,-,-,-,-,-,-,E98,W99,G100,C101,F102,L103,I104,S105,I106,G107,L108,F109,V110,F111,Y112,W123,E124,V125,I126,Y127,I128,A129,F130,I131,E132,S133,F134,K135,Y136,I137,F138,E139,R163,Y164,M165,E166,W167,M168,I169,T170,C171,P172,V173,I174,L175,M176,A177,L178,Q194,L195,L196,A197,T198,D199,Q200,G201,A202,I203,L204,C205,A206,I207,T208,A209,A218,V219,F220,Y221,A222,I223,G224,V225,C226,Y227,G228,I229,C230,T231,F232,Y233,F234,C235,L236,A253,V254,K255,W256,M257,A258,V259,I260,F261,Y262,A263,G264,W265,L266,C267,Y268,P269,C270,F271,F272,A288,I289,G290,H291,C292,I293,A294,D295,L296,L297,S298,K299,N300,A301,W302,G303,V304,-,-,-,-,-,-,-,-,-,-,-,-,-,-,-,-,-,-,-,-
7PL9,-,-,-,-,-,-,-,-,-,-,-,-,-,F516,H517,H518,G519,W520,T521,T522,M523,L524,V525,V526,F527,L528,I529,E530,G560,V561,L562,I563,A564,E565,Y566,L567,V568,V569,G570,A571,T572,Y573,V574,I575,L576,R600,Y601,M602,E603,W604,A605,V606,D607,A608,T609,G610,L611,I612,W613,L614,D615,M629,A630,I631,V632,W633,T634,V635,A636,Y637,M638,L639,F640,G641,L642,W643,S644,W654,A655,F656,L657,L658,A659,S660,W661,A662,A663,F664,L665,I666,V667,C668,L669,I670,L671,V672,V690,K691,P692,C693,I694,L695,A696,F697,I698,I699,G700,W701,W702,V703,L704,Y705,G706,I707,L708,F709,Q725,F726,L727,W728,T729,G730,M731,D732,V733,V734,M735,K736,L737,S738,H739,T740,V741,-,-,-,-,-,-,-,-,-,-,-,-,-,-,-,-,-,-,-,-
3DDL,-,-,-,-,-,-,-,-,-,-,-,-,M19,F20,S21,F22,T23,V24,A25,T26,M27,T28,A29,S30,F31,V32,F33,F34,M50,V51,S52,A53,L54,V55,V56,F57,I58,A59,G60,Y61,H62,Y63,F64,R65,I66,R93,Y94,V95,D96,W97,L98,L99,T100,V101,P102,L103,L104,T105,V106,E107,L108,K125,L126,G127,F128,L129,A130,A131,L132,M133,I134,V135,L136,G137,Y138,P139,G140,G153,L154,W155,G156,F157,L158,S159,T160,I161,P162,F163,V164,W165,I166,L167,Y168,I169,L170,F171,L188,L189,G190,N191,A192,R193,L194,L195,L196,L197,A198,T199,W200,G201,F202,Y203,P204,I205,A206,Y207,Q229,V230,G231,Y232,T233,I234,A235,D236,V237,L238,A239,K240,A241,G242,Y243,G244,-,-,-,-,-,-,-,-,-,-,-,-,-,-,-,-,-,-,-,-,-
8ANQ,-,-,-,-,-,-,-,-,-,-,-,M4,A5,F6,L7,I8,G9,F10,T11,I12,M13,S14,L15,A16,S17,L18,A19,I20,L35,L36,H37,A38,A39,V40,P41,F42,I43,A44,A45,T46,A47,Y48,L49,A50,M51,R70,Y71,A72,D73,W74,S75,V76,T77,T78,P79,I80,L81,L82,A83,S84,L85,A105,I106,I107,V108,L109,D110,V111,L112,M113,I114,V115,T116,G117,L118,I119,S120,W130,V131,W132,Y133,L134,W135,S136,C137,A138,A139,F140,L141,G142,V143,L144,Y145,L146,L147,W148,A165,Y166,Q167,K168,N169,V170,A171,F172,L173,T174,V175,I176,W177,F178,L179,Y180,P181,I182,V183,F184,V200,W201,A202,I203,L204,I205,M206,D207,V208,L209,A210,K211,V212,V213,Y214,-,-,-,-,-,-,-,-,-,-,-,-,-,-,-,-,-,-,-,-,-,-
Ct_RB_model_0,-,-,-,-,-,-,-,-,-,-,-,-,-,F144,H145,H146,G147,W148,S149,A150,M151,L152,V153,I154,A155,L156,I157,E158,G188,V189,L190,F191,G192,E193,Y194,L195,V196,V197,G198,T199,G200,Y201,L202,L203,M204,R225,Y226,M227,V228,W229,F230,V231,D232,A233,C234,G235,L236,I237,Y238,L239,D240,R254,S255,Y256,I257,F258,M259,W260,G261,N262,V263,A264,S265,G266,L267,L268,A269,W279,L280,L281,L282,L283,I284,S285,V286,L287,C288,V289,A290,V291,V292,V293,Y294,M295,L296,V297,V315,K316,L317,G318,I319,L320,L321,F322,L323,V324,A325,C326,W327,G328,L329,Y330,G331,L332,I333,F334,Q348,L349,L350,F351,T352,G353,L354,D355,L356,S357,M358,K359,I360,T361,H362,T363,V364,-,-,-,-,-,-,-,-,-,-,-,-,-,-,-,-,-,-,-,-
R2ACR_J315_refine8,-,-,-,-,-,-,-,-,-,-,-,-,-,Q106,L107,T108,W109,A110,I111,V112,S113,F114,L115,Q116,S117,M118,F119,M120,W129,E130,A131,V132,F133,L134,P135,L136,A137,E138,T139,C140,L141,Y142,G143,L144,A145,R164,M165,A166,S167,W168,L169,A170,T171,C172,P173,I174,I175,M176,N177,Q178,I179,I195,Q196,V197,C198,A199,S200,I201,L202,T203,I204,V205,M206,G207,V208,T209,A210,W220,A221,F222,F223,G224,L225,G226,T227,L228,C229,L230,I231,V232,E233,Y234,V235,I236,T237,T238,R264,L265,Y266,L267,V268,R269,N270,M271,I272,F273,S274,T275,W276,A277,A278,F279,P280,I281,V282,W283,P299,L300,L301,Y302,L303,I304,A305,D306,A307,L308,C309,K310,N311,V312,Y313,G314,L315,-,-,-,-,-,-,-,-,-,-,-,-,-,-,-,-,-,-,-,-
HxAR_model_0,-,-,-,-,-,-,-,-,-,-,-,-,-,L23,G24,I25,G26,T27,L28,L29,M30,L31,I32,G33,T34,F35,Y36,F37,S54,I55,T56,I57,L58,V59,P60,G61,I62,A63,S64,A65,A66,Y67,L68,S69,M70,R92,Y93,A94,D95,W96,L97,F98,T99,T100,P101,L102,L103,L104,L105,D106,L107,T120,L121,V122,G123,V124,D125,A126,L127,M128,I129,V130,T131,G132,L133,I134,G135,Y145,T146,W147,W148,L149,F150,S151,T152,I153,C154,M155,I156,V157,V158,L159,Y160,F161,L162,A163,T180,F181,N182,T183,L184,T185,A186,L187,V188,L189,V190,L191,W192,T193,A194,Y195,P196,I197,L198,W199,T215,L216,L217,F218,M219,V220,L221,D222,V223,T224,A225,K226,V227,G228,F229,G230,F231,-,-,-,-,-,-,-,-,-,-,-,-,-,-,-,-,-,-,-,-
NR_model_0,-,-,-,-,-,-,-,-,-,-,-,R45,T46,L47,W48,V49,T50,F51,A52,L53,M54,V55,L56,S57,S58,G59,I60,F61,V77,I78,T79,T80,L81,I82,T83,V84,V85,A86,S87,L88,S89,Y90,F91,A92,M93,R128,Y129,V130,D131,W132,A133,L134,T135,T136,P137,L138,L139,L140,L141,E142,L143,M156,A157,I158,V159,A160,D161,V162,I163,M164,V165,L166,C167,G168,L169,F170,A171,W183,G184,W185,Y186,T187,I188,G189,C190,F191,S192,Y193,L194,F195,V196,I197,W198,H199,V200,A201,L218,F219,T220,G221,L222,A223,V224,F225,A226,L227,L228,L229,W230,T231,A232,Y233,P234,I235,I236,W237,I252,L253,I254,Y255,T256,V257,L258,D259,L260,L261,A262,K263,P264,V265,F266,-,-,-,-,-,-,-,-,-,-,-,-,-,-,-,-,-,-,-,-,-,-
3UG9,-,-,-,-,-,-,-,-,-,-,-,I93,L94,Q95,W96,I97,T98,F99,A100,L101,S102,A103,L104,C105,L106,M107,F108,Y109,W120,E121,E122,I123,Y124,V125,A126,T127,I128,E129,M130,I131,K132,F133,F133,I135,E136,R159,Y160,A161,E162,W163,L164,L165,T166,C167,P168,V169,I170,L171,I172,H173,L174,G190,L191,L192,V193,S194,D195,I196,G197,T198,I199,V200,W201,G202,T203,T204,A205,V214,I215,F216,F217,L218,M219,G220,L221,C222,Y223,G224,I225,Y226,T227,F228,F229,N230,A231,A232,V250,V251,T252,G253,M254,A255,W256,L257,F258,F259,V260,S261,W262,G263,M264,F265,P266,I267,L268,F269,T285,V286,G287,H288,T289,I290,I291,D292,L293,M294,S295,K296,N297,C298,W299,-,-,-,-,-,-,-,-,-,-,-,-,-,-,-,-,-,-,-,-,-,-
5AZD,-,-,-,-,-,-,-,-,-,-,-,-,M18,L19,S20,L21,T22,I23,A24,G25,M26,L27,A28,A29,F30,V31,F32,F33,Y49,L50,S51,A52,L53,I54,V55,F56,I57,A58,G59,Y60,H61,Y62,L63,R64,I65,R92,Y93,A94,D95,W96,L97,L98,T99,V100,P101,L102,L103,L104,L105,E106,L107,K124,L125,V126,V127,A128,S129,V130,L131,M132,L133,A134,L135,G136,Y137,V138,G139,T149,L150,W151,G152,A153,L154,S155,S156,I157,P158,F159,F160,Y161,I162,L163,Y164,V165,L166,W167,L186,L187,G188,A189,T190,R191,L192,V193,L194,L195,M196,S197,W198,G199,F200,Y201,P202,I203,A204,Y205,Q222,I223,G224,Y225,S226,L227,A228,D229,L230,I231,A232,K233,P234,I235,Y236,G237,-,-,-,-,-,-,-,-,-,-,-,-,-,-,-,-,-,-,-,-,-
8QLF,-,-,-,-,-,-,-,-,-,I18,R19,H20,L21,F22,A23,F24,F24,T26,A27,V28,F29,L30,A31,G32,L33,V34,Y35,F36,N52,I53,S54,A55,V56,V57,M58,V59,S60,A61,A62,L63,E64,L65,G66,Q67,L68,N95,N95,G96,Y97,W102,L103,I104,D105,V106,P107,M108,L109,A110,-,-,-,K130,L131,T132,I133,A134,G135,V136,L137,M138,I139,L140,T141,G142,Y143,V144,F164,W165,I166,W167,G168,I169,I170,S171,T172,A173,F174,F175,V176,W177,M178,L179,-,-,-,-,-,L201,K202,F203,C204,F205,W206,F207,L208,L209,A210,T211,W212,S213,I214,Y215,P216,F217,A218,-,Q235,V236,I237,Y238,T239,V240,A241,D242,V243,S244,S245,K246,L247,V248,-,-,-,-,-,-,-,-,-,-,-,-,-,-,-,-,-,-,-,-,-,-,-
NmNaR_model_0,-,-,-,-,-,-,-,-,-,T27,S28,H29,V30,L31,T32,L33,G34,Y35,A36,V37,M38,L39,A40,G41,L42,L43,Y44,F45,I61,L62,S63,A64,V65,V66,M67,V68,S69,A70,F71,L72,L73,L74,Y75,A76,Q77,R108,Y109,L110,N111,W112,L113,I114,D115,V116,P117,M118,L119,L120,F121,Q122,I123,Q140,F141,W142,F143,S144,G145,T146,M147,M148,I149,I150,T151,G152,Y153,I154,G155,L167,I168,W169,G170,A171,I172,S173,T174,V175,F176,F177,F178,H179,I180,L181,Y182,L183,M184,K185,I202,L203,S204,N205,I206,W207,I208,L209,F210,L211,I212,S213,W214,F215,L216,Y217,P218,G219,A220,Y221,Q243,I244,T245,Y246,T247,I248,A249,D250,V251,C252,S253,K254,V255,-,-,-,-,-,-,-,-,-,-,-,-,-,-,-,-,-,-,-,-,-,-,-,-
6EID,-,-,-,-,-,-,-,-,-,-,-,-,-,-,W57,L58,A59,A60,G61,F62,S63,I64,L65,L66,L67,M68,F69,Y70,W81,E82,E83,I84,Y85,V86,C87,A88,I89,E90,M91,V92,K93,V94,I95,L96,E97,R120,Y121,A122,E123,W124,L125,L126,T127,C128,P129,V130,I131,L132,I133,H134,L135,G151,L152,L153,V154,S155,D156,I157,G158,T159,I160,V161,W162,G163,A164,T165,S166,V175,I176,F177,F178,C179,L180,G181,L182,C183,Y184,G185,A186,N187,T188,F189,F190,H191,A192,A193,V211,V212,T213,G214,M215,A216,W217,L218,F219,F220,V221,S222,W223,G224,M225,F226,P227,I228,L229,F230,T246,V247,G248,H249,T250,I251,I252,D253,L254,M255,K257,K257,N258,C259,W260,G261,L262,L263,-,-,-,-,-,-,-,-,-,-,-,-,-,-,-,-,-,-,-
MerMAID1_model_0,-,-,-,-,-,-,-,-,-,-,-,-,F8,Q9,L10,F11,A12,V13,L14,I15,T16,A17,A18,T19,L20,V21,F22,Y23,W35,E36,P37,I38,Y39,V40,S41,G42,V43,E44,F45,I46,A47,Y48,L49,M50,A51,R76,Y77,V78,S79,W80,L81,A82,T83,C84,P85,I86,I87,L88,K89,V90,L91,R108,L109,M110,L111,L112,I113,T114,W115,I116,E117,L118,L119,G120,F121,M122,G123,V132,F133,C134,I135,A136,L137,A138,I139,I140,L141,C142,I143,Y144,M145,Y146,Y147,I148,I149,C150,E168,R169,F170,E171,L172,M173,A174,L175,L176,M177,V178,S179,W180,I181,V182,F183,P184,I185,L186,Y187,I203,I204,G205,H206,V207,I208,G209,D210,V211,I212,S213,K214,N215,L216,W217,G218,-,-,-,-,-,-,-,-,-,-,-,-,-,-,-,-,-,-,-,-,-
RgRGC2_model_0,-,-,-,-,-,-,-,-,-,-,-,-,-,-,A109,Y110,T111,A112,C113,C114,F115,G116,I117,A118,V119,I120,Y121,S122,K139,V140,L141,C142,V143,V144,N145,F146,I147,S148,M149,V150,S151,Y152,L153,L154,Q155,R175,F176,Y177,E178,W179,I180,S181,T182,C183,P184,I185,L186,I187,Y188,M189,I190,N202,T203,A204,S205,A206,D207,Y208,V209,L210,L211,V212,L213,G214,Y215,S216,S217,E226,Y227,A228,A229,I230,S231,A232,A233,T234,C235,F236,F237,F238,V239,V240,K241,G242,F243,S244,S263,L264,W265,N266,A267,K268,W269,V270,T271,I272,L273,A274,W275,A276,S277,F278,P279,L280,S281,F282,E296,M297,M298,F299,C300,V301,A302,D303,I304,W305,S306,K307,V308,F309,L310,T311,F312,I313,-,-,-,-,-,-,-,-,-,-,-,-,-,-,-,-,-,-,-
7AVN,-,-,-,-,-,-,-,-,-,-,-,-,-,M10,M10,V11,A12,T13,V14,G15,M16,L17,A18,G19,T20,V21,F22,L23,Y39,I40,S41,A42,L43,V44,C45,G46,I47,A48,W49,Y50,H51,Y52,Q53,K54,K54,R69,Y70,V71,D72,W73,V74,L75,T76,V77,P78,L79,M80,F81,V82,E83,V84,N100,W101,G102,I103,A104,A105,T106,V107,M108,I109,G110,A111,G112,Y113,Y114,G115,W126,T127,G128,F129,V130,I131,A132,M133,T135,T135,Y136,V137,W138,L139,M140,R141,L143,L143,Q144,F158,E159,N160,I161,K162,N163,L164,I165,L166,L166,V167,G168,W169,I170,I171,Y172,P173,L174,L174,G175,Y176,V190,L191,Y192,T193,I194,A195,D196,I197,I198,N199,K200,V201,G202,L203,G204,V205,-,-,-,-,-,-,-,-,-,-,-,-,-,-,-,-,-,-,-,-
5KKH,-,-,-,-,-,-,-,-,-,-,-,-,-,-,A21,L22,G23,T24,I25,G26,M27,L28,L29,G30,M31,L32,Y33,F34,V51,I52,T53,I54,L55,I56,P57,A58,I59,A60,A61,A62,S63,Y64,L65,S66,M67,R90,Y91,A92,D93,W94,L95,F96,T97,T98,P99,L100,L101,L102,L103,D104,I105,A118,L119,V120,G121,I122,D123,A124,F125,M126,I127,V128,T129,G130,L131,V132,A133,Y143,A144,F145,W146,T147,I148,S149,T150,I151,S152,M153,V154,F155,L156,L157,Y158,Y159,L160,V161,T178,F179,N180,A181,L182,R183,N184,I185,I186,L187,V188,T189,W190,A191,I192,Y193,P194,V195,A196,W197,T213,L214,L215,F216,M217,V218,L219,D220,L221,V222,A223,K224,V225,G226,F227,G228,F229,I230,-,-,-,-,-,-,-,-,-,-,-,-,-,-,-,-,-,-,-
HmSRI_model_0,-,-,-,-,-,-,-,-,-,-,-,V6,V7,Y8,G9,I10,T11,A12,A13,G14,F15,A16,V17,G18,V19,A20,I21,V22,A39,A40,L41,A42,L43,I44,P45,G46,V47,A48,G49,I50,S51,Y52,V53,A54,M55,R73,Y74,L75,D76,W77,V78,V79,T80,T81,P82,L83,L84,V85,G86,F87,I88,G101,V102,M103,A104,A105,D106,A107,L108,M109,I110,L111,A112,G113,V114,G115,A116,W125,A126,L127,F128,G129,V130,S131,A132,V133,F134,H135,I136,S137,L138,F139,A140,Y141,L142,Y143,L159,F160,S161,L162,L163,K164,N165,H166,V167,G168,L169,L170,W171,I172,A173,Y174,P175,L176,V177,W178,S194,I195,T196,Y197,A198,F199,L200,D201,L202,L203,A204,K205,V206,P207,Y208,-,-,-,-,-,-,-,-,-,-,-,-,-,-,-,-,-,-,-,-,-,-
HsHR_model_0,-,-,-,-,-,-,-,-,-,-,-,-,-,-,W11,V12,N13,V14,A15,L16,A17,G18,I19,A20,I21,L22,V23,F24,G41,A42,T43,L44,M45,I46,P47,L48,V49,S50,I51,S52,S53,Y54,L55,G56,L57,R85,Y86,L87,T88,W89,A90,L91,S92,T93,P94,M95,I96,L97,L98,A99,L100,T113,V114,I115,A116,A117,D118,I119,G120,M121,C122,V123,T124,G125,L126,A127,A128,W139,A140,F141,Y142,A143,I144,S145,C146,A147,F148,F149,V150,V151,V152,L153,S154,A155,L156,V157,I172,F173,D174,T175,L176,R177,V178,L179,T180,V181,V182,L183,W184,L185,G186,Y187,P188,I189,V190,W191,S208,W209,A210,Y211,S212,V213,L214,D215,V216,F217,A218,K219,Y220,V221,F222,A223,F224,I225,-,-,-,-,-,-,-,-,-,-,-,-,-,-,-,-,-,-,-
6XL3,-,-,-,-,-,-,-,-,-,-,-,A4,W5,L6,W7,I8,G9,V10,I11,S12,M13,A14,L15,G16,S17,V18,F19,Y36,T37,L38,N39,F40,F41,I42,C43,L44,I45,A46,A47,G48,L49,Y50,L51,-,-,R71,F72,V73,T74,W75,F76,C77,S78,T79,P80,L81,L82,L83,L84,D85,L86,S99,L100,L101,G102,A103,N104,A105,Y106,M107,L108,V109,T110,G111,F112,V113,A114,Y123,I124,W125,Y126,I127,V128,S129,C130,A131,A132,Y133,L134,A135,I136,V137,Y138,L139,L140,A141,A158,F159,R160,T161,L162,V163,T164,V165,H166,L167,V168,L169,W170,T171,L172,Y173,P174,I175,V176,W177,T193,M194,F195,Y196,T197,L198,L199,D200,I201,A202,S203,K204,V205,G206,F207,G208,F209,-,-,-,-,-,-,-,-,-,-,-,-,-,-,-,-,-,-,-,-
6LM1,-,-,-,-,-,-,-,-,-,-,-,-,-,L9,W10,I11,G12,F13,I14,G15,M16,V17,I18,G19,A20,V21,I22,F23,L40,K41,S42,F43,F44,I45,V46,L47,W48,A49,G50,A51,L52,Y53,L54,T55,M56,R74,Y75,V76,D77,W78,V79,V80,T81,T82,P83,V84,L85,L86,L87,D88,L89,G102,V103,I104,A105,A106,D107,I108,F109,M110,I111,L112,T113,G114,L115,V116,A117,Y126,L127,W128,Y129,I130,I131,S132,C133,G134,A135,F136,I137,A138,I139,L140,A141,S142,L143,L144,L161,F162,L163,K164,L165,R166,N167,Y168,L169,I170,V171,L172,W173,I174,C175,Y176,P177,I178,V179,W180,V196,V197,I198,Y199,A200,I201,I202,D203,I204,A205,A206,K207,V208,G209,F210,G211,L212,-,-,-,-,-,-,-,-,-,-,-,-,-,-,-,-,-,-,-,-
8H87,-,-,-,-,-,-,-,-,-,-,-,-,-,C29,A30,I31,S32,A33,I34,A35,I36,A37,G38,S39,G40,I41,W42,M43,S68,I69,S70,G71,I72,V73,C74,L75,L76,C77,G78,T79,M80,Y81,A82,A83,K84,W102,Y103,L104,D105,Y106,V107,F108,T109,C110,P111,L112,L113,I114,V115,D116,F117,R128,Y129,S130,I131,A132,V133,F134,V135,A136,L137,W138,C139,A140,V141,A142,A143,F152,A153,Y154,Y155,A156,L157,G158,C159,C160,W161,F162,I163,P164,L165,S166,L167,F168,L169,I170,L187,L188,F189,W190,A191,C192,V193,V194,F195,F196,G197,F198,W199,P200,L201,F202,P203,L204,L205,F206,Y222,I223,I224,H225,A226,F227,L228,D229,L230,V231,C232,K233,S234,I235,F236,G237,F238,-,-,-,-,-,-,-,-,-,-,-,-,-,-,-,-,-,-,-,-
8GI9,-,-,-,-,-,-,-,-,-,-,-,-,-,A29,A30,I31,C32,S33,V34,F35,I36,G37,G38,S39,G40,A41,W42,M43,S68,F69,S70,A71,L72,S73,C74,L75,V76,S77,G78,T79,I80,Y81,A82,A83,K84,W102,Y103,L104,D105,Y106,V107,F108,T109,C110,P111,L112,I113,L114,L115,D116,V117,R128,F129,V130,F131,A132,V133,I134,I135,T136,L137,W138,C139,G140,V141,A142,A143,F152,G153,Y154,Y155,A156,V157,G158,C159,V160,W161,F162,V163,P164,F165,S166,F167,S168,L169,L170,L187,L188,F189,W190,A191,C192,T193,I194,F195,F196,G197,F198,W199,P200,L201,F202,P203,I204,L205,F206,T222,I223,I224,H225,A226,F227,L228,D229,L230,F231,C232,K233,T234,V235,F236,G237,L238,-,-,-,-,-,-,-,-,-,-,-,-,-,-,-,-,-,-,-,-
VcChR1_model_0,-,-,-,-,-,-,-,-,-,-,-,-,-,-,W52,V53,V54,F55,A56,L57,S58,V59,A60,C61,L62,G63,W64,Y65,W76,E77,E78,V79,Y80,V81,A82,L83,I84,E85,M86,M87,K88,S89,I90,I91,E92,R115,Y116,G117,E118,W119,L120,L121,T122,C123,P124,V125,L126,L127,I128,H129,L130,G146,L147,L148,V149,S150,D151,V152,G153,C154,I155,V156,W157,G158,A159,T160,S161,I170,L171,F172,F173,L174,I175,S176,L177,S178,Y179,G180,M181,Y182,T183,Y184,F185,H186,A187,A188,L206,V207,R208,V209,M210,A211,W212,T213,F214,F215,V216,A217,W218,G219,M220,F221,P222,V223,L224,F225,A241,I242,G243,H244,S245,I246,L247,D248,L249,I250,A251,K252,N253,M254,W255,G256,V257,L258,-,-,-,-,-,-,-,-,-,-,-,-,-,-,-,-,-,-,-
WiChR_model_0,-,-,-,-,-,-,-,-,-,-,-,-,-,-,D47,G48,F49,S50,A51,V52,I53,L54,L55,G56,S57,G58,V59,V60,T86,L87,S88,A89,A90,I91,A92,F93,L94,T95,G96,L97,M98,Y99,V100,A101,K102,W120,Y121,S122,D123,Y124,I125,V126,T127,C128,P129,L130,I131,V132,M133,D134,L135,A146,F147,T148,G149,S150,T151,A152,V153,L154,L155,V156,I157,A158,L159,A160,S161,Y170,I171,Y172,F173,A174,I175,G176,C177,T178,L179,F180,S181,I182,F183,F184,Y185,F186,F187,F188,D205,L206,E207,R208,A209,M210,F211,I212,F213,F214,G215,F216,W217,P218,M219,F220,P221,V222,L223,W224,F240,I241,I242,H243,A244,F245,L246,D247,I248,T249,C250,K251,T252,I253,F254,G255,V256,F257,-,-,-,-,-,-,-,-,-,-,-,-,-,-,-,-,-,-,-
SrSRI_model_0,-,-,-,-,-,-,-,-,-,-,-,-,-,Y8,I9,I10,G11,T12,L13,G14,M15,L16,V17,G18,I19,P20,P21,A22,D35,Y36,L37,W38,A39,I40,P41,G42,I43,A44,A45,L46,M47,Y48,L49,L50,M51,R69,Y70,I71,D72,W73,A74,L75,T76,T77,P78,L79,L80,V81,G82,Y83,T84,G97,T98,A99,L100,A101,D102,F103,M104,M105,I106,V107,F108,G109,L110,G111,A112,W121,V122,F123,F124,G125,L126,S127,S128,A129,C130,H131,L132,T133,L134,L135,A136,F137,L138,Y139,L156,A157,R158,L159,L160,L161,N162,Y163,V164,G165,L166,L167,W168,L169,A170,Y171,P172,M173,V174,W175,A190,V191,I192,I193,S194,Y195,L196,D197,V198,T199,A200,K201,V202,P203,F204,I205,Y206,-,-,-,-,-,-,-,-,-,-,-,-,-,-,-,-,-,-,-,-
CrChR1_model_0,-,-,-,-,-,-,-,-,-,-,-,-,-,-,W48,I49,T50,F51,A52,L53,S54,A55,L56,C57,L58,M59,F60,Y61,W64,E65,E66,I67,Y68,V69,A70,T71,I72,E73,M74,I75,K76,F77,I78,I79,E80,R103,Y104,A105,E106,W107,L108,L109,T110,C111,P112,V113,I114,L115,I116,H117,L118,G134,L135,L136,V137,S138,D139,I140,G141,T142,I143,V144,W145,G146,T147,T148,A149,V158,I159,F160,F161,L162,M163,G164,L165,C166,Y167,G168,I169,Y170,T171,F172,F173,N174,A175,A176,V194,V195,T196,G197,M198,A199,W200,L201,F202,F203,V204,S205,W206,G207,M208,F209,P210,I211,L212,F213,T229,V230,G231,H232,T233,I234,I235,D236,L237,M238,S239,K240,N241,C242,W243,G244,L245,L246,-,-,-,-,-,-,-,-,-,-,-,-,-,-,-,-,-,-,-
CnChR2_J230_refine9,-,-,-,-,-,-,-,-,-,-,-,-,M94,Q95,W96,M97,A98,F99,A100,L101,C102,I103,I104,C105,L106,V107,F108,Y109,W120,E121,E122,V123,Y124,V125,C126,V127,V128,E129,L130,V131,K132,V133,L134,L135,E136,R159,Y160,G161,E162,W163,L164,L165,T166,C167,P168,V169,I170,L171,I172,H173,L174,Q190,L191,L192,V193,S194,D195,I196,G197,C198,V199,V200,W201,G202,I203,T204,A205,W214,V215,F216,F217,V218,L219,G220,L221,L222,Y223,G224,S225,N226,T227,Y228,F229,H230,A231,A232,I250,V251,R252,L253,M254,A255,Y256,C257,F258,Y259,V260,A261,W262,T263,M264,Y265,P266,I267,L268,F269,T285,A286,L287,H288,G289,V290,A291,D292,M293,L294,S295,K296,Q297,I298,W299,G300,-,-,-,-,-,-,-,-,-,-,-,-,-,-,-,-,-,-,-,-,-
V2HeR3_model_0,-,-,-,-,-,-,-,-,-,-,-,W10,F11,N12,F13,I14,A15,G16,L17,F18,H19,V20,A21,L22,A23,I24,V25,C26,V66,I67,F68,V69,V70,Y71,F72,S73,V74,T75,A76,L77,F78,H79,M80,G81,N82,R102,W103,T104,E105,Y106,S107,I108,T109,A110,P111,L112,M113,T114,A115,I116,L117,A131,A132,S133,T134,L135,T136,F137,A138,S139,I140,S141,V142,G143,F144,V145,L146,Y152,S153,F154,F155,V156,L157,G158,M159,I160,P161,F162,L163,V164,E165,F166,S167,L168,I169,I170,Y183,L184,P185,I186,T187,I188,F189,V190,E191,F192,G193,L194,W195,I196,L197,F198,P199,F200,V201,S202,E215,L216,V217,F218,I219,V220,L221,S222,F223,V224,S225,K226,S227,V228,L229,-,-,-,-,-,-,-,-,-,-,-,-,-,-,-,-,-,-,-,-,-,-
PsACR_model_0,-,-,-,-,-,-,-,-,-,-,-,M30,A31,Q32,L33,C34,F35,C36,M37,V38,C39,V40,C41,Q42,I43,L44,F45,M46,W55,E56,A57,I58,Y59,L60,P61,S62,C63,E64,C65,F66,L67,Y68,G69,L70,A71,R90,Y91,A92,A93,W94,I95,C96,T97,C98,P99,S100,I101,L102,L103,Q104,I105,F121,I122,V123,Q124,A125,D126,L127,I128,M129,N130,I131,M132,G133,V134,T135,G136,W146,I147,Y148,F149,A150,I151,G152,C153,I154,L155,F156,I157,F158,I159,V160,L161,V162,V163,Y164,R188,L189,I190,L191,L192,R193,W194,I195,F196,I197,V198,S199,W200,C201,V202,Y203,P204,L205,L206,W207,S223,V224,A225,H226,F227,I228,C229,D230,A231,F232,A233,K234,N235,M236,F237,-,-,-,-,-,-,-,-,-,-,-,-,-,-,-,-,-,-,-,-,-,-
4PXK,-,-,-,-,-,-,-,-,-,-,-,-,-,L11,W12,L13,G14,T15,A16,G17,M18,F19,L20,G21,M22,L23,Y24,F25,I42,A43,T44,I45,L46,I47,T48,A49,I50,A51,F52,V53,N54,Y55,L56,A57,M58,R80,Y81,T82,D83,W84,L85,F86,T87,T88,P89,L90,L91,L92,Y93,N94,L95,S108,L109,V110,S111,L112,D113,V114,L115,M116,I117,G118,T119,G120,V121,V122,A123,L139,V140,W141,W142,G143,I144,S145,T146,A147,F148,L149,L150,V151,L152,L153,Y154,F155,L156,F157,T174,F175,K176,T177,L178,R179,N180,L181,V182,T183,V184,V185,W186,L187,V188,Y189,P190,V191,W192,W193,T209,A210,G211,F212,M213,V214,I215,D216,L217,V218,A219,K220,V221,G222,F223,G224,I225,-,-,-,-,-,-,-,-,-,-,-,-,-,-,-,-,-,-,-,-
6SQG,-,-,-,-,-,-,-,-,-,-,-,-,S8,F9,Y10,L11,T12,Y13,A14,F15,M17,M17,T18,T19,G20,T21,I22,I22,N40,L41,E42,T43,C44,I45,S46,V47,V48,A49,A50,F51,F52,Y53,S54,S54,F56,R72,Y73,V74,D75,W76,A77,I78,T79,T80,P81,I82,M83,L84,L85,V86,L87,I108,I109,L110,G111,M112,N113,Y114,G115,M116,L117,G118,T119,G120,Y121,L122,G123,T131,M132,G133,T134,V135,L136,G137,F138,L139,F140,F141,G142,G143,L144,F145,Y146,K147,L148,N149,S157,N158,D159,L160,L161,Y162,G163,A164,F165,F166,V167,L168,W169,A170,L171,Y172,G173,V174,F175,Y176,N184,V185,G186,Y187,N188,V189,L190,D191,L192,F193,S194,K195,C196,F197,V198,G199,-,-,-,-,-,-,-,-,-,-,-,-,-,-,-,-,-,-,-,-,-
6GYH,-,-,-,-,-,-,-,-,-,-,-,-,-,Y14,W15,V16,T17,F18,G19,L20,M21,A22,F23,S24,A25,L26,A27,F28,Y44,I45,T46,L47,A48,I49,V50,T51,I52,A53,A54,I55,A56,Y57,Y58,A59,M60,R83,Y84,I85,D86,W87,F88,F89,T90,T91,P92,L93,L94,L95,L96,D97,I98,W111,I112,V113,L114,A115,D116,V117,A118,M119,I120,M121,L122,G123,L124,F125,G126,W135,G136,Y137,Y138,G139,V140,S141,C142,A143,F144,F145,F146,V147,V148,L149,W150,G151,L152,F153,L170,Y171,F172,G173,L174,A175,G176,Y177,L178,A179,L180,L181,W182,F183,G184,Y185,P186,I187,V188,W189,A204,A205,S206,Y207,A208,G209,L210,D211,I212,A213,A214,K215,V216,V217,F218,G219,W220,-,-,-,-,-,-,-,-,-,-,-,-,-,-,-,-,-,-,-,-
TAT_model_0,-,-,-,-,-,-,-,-,-,T8,S9,Y10,T11,F12,E13,F14,A15,L16,I17,T18,M19,I20,A21,A22,T23,I24,Y25,F26,T42,F43,A44,I45,L46,T47,T48,S49,L50,A51,V52,I53,E54,Y55,F56,N57,M58,R79,Y80,I81,T82,W83,L84,I85,A86,T87,P88,I89,M90,L91,Y92,T93,Y94,L110,T111,I112,S113,L114,N115,F116,L117,M118,I119,V120,S121,G122,Y123,F124,S125,Y145,F146,L147,F148,G149,V150,G151,M152,A153,C154,W155,V156,G157,I158,I159,Y160,I161,F162,I163,C185,L186,G187,F188,V189,Q190,K191,L192,I193,Y195,G196,-,W197,A198,I199,Y200,P201,L202,G203,L204,E220,M221,I222,Y223,N224,F225,G226,D227,L228,F229,N230,K231,V232,G233,-,-,-,-,-,-,-,-,-,-,-,-,-,-,-,-,-,-,-,-,-,-,-
7YTB,-,-,-,-,-,-,-,-,-,-,-,-,M17,L18,S19,F20,A21,V22,A23,S24,M25,L26,G27,A28,F29,A30,F31,F32,V48,V49,S50,S51,L52,V53,V54,L55,I56,A57,G58,Y59,H60,Y61,W62,R63,I64,R91,Y92,V93,D94,W95,L96,L97,T98,V99,P100,L101,L102,L103,T104,E105,L106,K122,L123,I124,L125,A126,A127,I128,A129,M130,I131,A132,L133,G134,Y135,P136,G137,L150,M151,W152,G153,V154,L155,S156,T157,V158,P159,F160,L161,Y162,I163,L164,Y165,V166,L167,W168,L185,L186,K187,N188,T189,R190,Y191,L192,I193,L194,L195,T196,W197,G198,F199,Y200,P201,I202,V203,Y204,Q222,V223,G224,Y225,S226,I227,A228,D229,V230,T231,A232,K233,A234,L235,Y236,G237,-,-,-,-,-,-,-,-,-,-,-,-,-,-,-,-,-,-,-,-,-
RmHR_model_0,-,-,-,-,-,-,-,-,-,-,-,-,W5,Y6,W7,I8,G9,L10,V11,A12,M13,A14,V15,G16,S17,G18,V19,F20,T37,L38,Y39,F40,F41,I42,C43,L44,I45,A46,A47,V48,L49,Y50,L51,V52,M53,R72,Y73,V74,T75,W76,F77,T78,S79,T80,P81,L82,L83,L84,L85,A86,L87,S100,L101,L102,G103,A104,N105,A106,F107,M108,I109,A110,T111,G112,F113,V114,A115,L125,T126,W127,W128,A129,I130,S131,T132,G133,A134,Y135,V136,A137,I138,A139,W140,A141,F142,L143,V160,F161,D162,R163,I164,V165,L166,V167,H168,L169,I170,L171,W172,T173,A174,Y175,P176,V177,V178,W179,A195,L196,M197,F198,T199,I200,L201,D202,I203,A204,A205,K206,V207,G208,F209,G210,-,-,-,-,-,-,-,-,-,-,-,-,-,-,-,-,-,-,-,-,-
6NWD,-,-,-,-,-,-,-,-,-,-,-,-,A44,F45,S46,F47,A48,I49,A50,A51,M52,F53,A54,S55,A56,L57,F58,F59,L75,V76,S77,A78,I79,V80,V81,S82,I83,A84,G85,Y86,H87,Y88,F89,R90,I91,R118,Y119,V120,D121,W122,L123,L124,T125,V126,P127,L128,L129,L130,V131,E132,T133,K150,L151,T152,V153,A154,S155,V156,L157,M158,I159,A160,T161,G162,Y163,P164,G165,I175,I176,W177,G178,T179,V180,S181,T182,I183,P184,F185,A186,Y187,I188,L189,Y190,V191,L192,W193,L210,V211,R212,N213,M214,R215,W216,L217,L218,L219,L220,S221,W222,G223,V224,Y225,P226,I227,A228,Y229,Q246,V247,G248,Y249,T250,I251,A252,D253,V254,L255,A256,K257,P258,V259,F260,G261,-,-,-,-,-,-,-,-,-,-,-,-,-,-,-,-,-,-,-,-,-
4KLY,-,-,-,-,-,-,-,-,-,-,-,V31,S32,F33,W34,L35,V36,T37,A38,-,G39,L41,A42,A43,T44,V45,F46,F47,T63,V64,S65,G66,L67,I68,T69,G70,I71,A72,F73,W74,H75,Y76,L77,Y78,-,R94,Y95,I96,N97,W98,L99,L100,T101,V102,P103,L104,Q105,V106,V107,E108,F109,K126,L127,L128,A129,G130,S131,L132,V133,M134,L135,G136,A137,G138,F139,A140,L149,P150,-,A151,F152,I153,I154,G155,A157,G158,W159,-,-,L160,Y161,I163,Y164,E165,L166,Y167,A185,-,-,-,Y186,N187,A188,I192,I193,V194,V195,G196,W197,A198,I199,Y200,P201,A202,G203,Y204,N221,L222,I223,Y224,N225,L226,A227,D228,F229,V230,N231,K232,I233,L234,F235,G236,-,-,-,-,-,-,-,-,-,-,-,-,-,-,-,-,-,-,-,-,-
HmSRII_model_0,-,-,-,-,-,-,-,-,-,-,-,-,-,-,T9,L10,G11,L12,L13,G14,E15,L16,L17,G18,T19,A20,V21,L22,L38,L39,L40,I41,A42,I43,P44,G45,I46,A47,I48,V49,A50,Y51,A52,L53,M54,R72,Y73,V74,D75,W76,L77,L78,T79,T80,P81,L82,N83,V84,W85,F86,L87,K100,L101,V102,V103,L104,Q105,A106,L107,T108,I109,V110,F111,G112,F113,A114,G115,Y124,A125,L126,F127,A128,V129,G130,G131,A132,L133,F134,G135,G136,V137,I138,Y139,L140,L141,Y142,L160,Y161,R162,T163,L164,R165,N166,F167,V168,V169,V170,L171,W172,L173,V174,Y175,P176,V177,V178,W179,T195,L196,V197,V198,V199,Y200,L201,D202,V203,V204,T205,K206,V207,G208,F209,G210,V211,I212,-,-,-,-,-,-,-,-,-,-,-,-,-,-,-,-,-,-,-
KR1_model_0,-,-,-,-,-,-,-,-,-,-,-,-,T23,F24,F25,V26,G27,A28,M29,A30,M31,M32,A33,A34,S35,A36,F37,F38,L54,V55,S56,G57,L58,I59,T60,F61,I62,A63,A64,V65,H66,Y67,W68,Y69,M70,R85,Y86,V87,D88,W89,V90,L91,T92,V93,P94,L95,M96,C97,V98,E99,F100,K116,L117,I118,L119,F120,S121,V122,I123,M124,L125,V126,T127,G128,Y129,F130,G131,A140,L141,W142,G143,A144,I145,S146,G147,A148,A149,Y150,F151,Y152,I153,V154,Y155,E156,I157,W158,A176,H177,K178,I179,L180,C181,W182,F183,V184,L185,V186,G187,W188,A189,I190,Y191,P192,L193,G194,Y195,D213,V214,A215,Y216,N217,I218,A219,D220,A221,I222,N223,K224,I225,G226,F227,G228,-,-,-,-,-,-,-,-,-,-,-,-,-,-,-,-,-,-,-,-,-
7CJ3,-,-,-,-,-,-,-,-,-,L89,Q90,S91,F92,Y93,G94,A95,T96,S97,V98,A99,F100,A101,F102,A103,T104,G105,L106,D107,G124,I125,L126,A127,Y128,V129,D130,G131,V132,A133,C134,I135,S136,Y137,L138,S139,M140,R161,Y162,A163,E164,W165,I166,I167,T168,C169,P170,T171,L172,L173,Y174,W175,C176,D189,I190,A191,T192,A193,D194,A195,L196,L197,L198,A199,G200,G201,A202,L203,S204,F213,F214,V215,F216,A217,G218,S219,F220,A221,T222,Y223,I224,Y225,V226,M227,L228,H229,M230,W231,A252,L253,H254,L255,L256,R257,C258,E259,I260,V261,M262,S263,W264,S265,I266,F267,P268,L269,V270,E271,E285,A286,M287,N288,C289,V290,A291,D292,Y293,A294,A295,K296,V297,-,-,-,-,-,-,-,-,-,-,-,-,-,-,-,-,-,-,-,-,-,-,-,-
7W9W,-,-,-,-,-,-,-,-,-,A29,I30,G31,A32,H33,W34,S35,C36,F37,I38,V39,L40,T41,I42,T43,T44,F45,Y46,L47,N72,L73,A74,L75,F76,V77,N78,F79,F80,A81,M82,L83,S84,Y85,F86,G87,K88,R112,Y113,A114,D115,Y116,M117,L118,T119,C120,P121,M122,L123,V124,Y125,D126,L127,S138,C139,S140,A141,I142,I143,F144,A145,I146,L147,M148,S149,G150,V151,L152,A153,Y168,A169,W170,Y171,G172,F173,G174,C175,F176,W177,F178,I179,F180,A181,Y182,S183,I184,V185,M186,L212,K213,F214,A215,V216,F217,T218,F219,S220,M221,L222,-,W223,I224,L225,F226,P227,L228,V229,W230,E246,V247,A248,H249,C250,V251,C252,D253,I254,V255,A256,K257,S258,-,-,-,-,-,-,-,-,-,-,-,-,-,-,-,-,-,-,-,-,-,-,-,-
7AKY,-,-,-,-,-,-,-,-,-,-,-,-,T7,A8,Y9,I10,S11,I12,F13,V14,I16,I17,I17,T18,A19,I20,I21,S22,I42,L43,E44,L45,L45,I46,V47,Q48,I50,I50,E51,F52,I53,F54,Y55,R73,-,-,Y74,F75,D76,W77,V78,L79,T80,T81,P82,V83,M84,L85,L86,T87,T88,Y116,I117,C118,L119,S120,N121,F122,F123,M124,L125,L126,I127,G128,Y129,L130,G131,M139,T141,L142,F143,F143,G144,G145,S146,F147,L149,F150,F150,L151,T152,F153,Y154,L155,L156,Y157,M166,M166,N167,Y168,I169,V170,F173,M174,M174,F175,L176,V177,W178,F179,L180,Y181,G182,F183,A184,F185,N193,Q194,M195,Y196,N197,I198,L199,D200,I201,V202,K204,N205,N205,I206,Y207,S208,I209,I209,-,-,-,-,-,-,-,-,-,-,-,-,-,-,-,-,-,-,-
BeRGC_model_0,-,-,-,-,-,-,-,-,-,-,-,-,-,Y184,G185,Y186,G187,A188,F189,G190,F191,G192,L193,G194,L195,S196,F197,A198,L215,C216,L217,L218,G219,V220,N221,F222,I223,S224,F225,M226,S227,Y228,I229,I230,I231,R251,Y252,L253,E254,W255,I256,A257,T258,C259,P260,V261,L262,I263,L264,L265,I266,K278,V279,I280,V281,N282,D283,Y284,A285,L286,C287,L288,A289,G290,F291,V292,G293,D303,L304,A305,H306,F307,V308,S309,C310,L311,C312,F313,S314,Y315,V316,V317,Y318,S319,L320,W321,G340,L341,R342,W343,I344,R345,F346,S347,T348,I349,T350,T351,W352,S353,L354,F355,P356,I357,T358,W359,E373,A374,G375,F376,S377,M378,I379,D380,I381,G382,A383,K384,V385,F386,L387,T388,L389,-,-,-,-,-,-,-,-,-,-,-,-,-,-,-,-,-,-,-,-
ZipACR__model_0,-,-,-,-,-,-,-,-,-,-,-,-,-,Q53,L54,C55,F56,A57,V58,V59,C60,A61,C62,Q63,V64,I65,F66,M67,W76,E77,A78,I79,Y80,L81,P82,L83,A84,E85,V86,V87,T88,Y89,S90,I91,A92,K111,L112,A113,G114,W115,A116,V117,C118,C119,P120,I121,M122,L123,I124,Q125,I126,V142,V143,L144,A145,A146,S147,L148,N149,R150,I151,I152,F153,G154,M155,A156,S157,W167,G168,F169,Y170,F171,C172,A173,W174,I175,C176,Y177,L178,T179,E180,V181,G182,I183,T184,L185,R209,I210,Q211,T212,M213,R214,I215,I216,F217,L218,V219,A220,W221,T222,S223,F224,P225,V226,V227,W228,A244,L245,L246,Y247,L248,F249,A250,D251,L252,L253,S254,K255,N256,T257,W258,G259,V260,-,-,-,-,-,-,-,-,-,-,-,-,-,-,-,-,-,-,-,-
PsChR2_model_0,-,-,-,-,-,-,-,-,-,-,N10,V11,L12,Q13,W14,Q15,L16,A17,G19,F20,S21,I22,L23,L24,L25,M26,F27,Y28,W39,E40,E41,I42,Y43,V44,C45,A46,I47,E48,M49,V50,K51,V52,I53,L54,E55,R78,Y79,A80,E81,W82,L83,L84,T85,C86,P87,V88,I89,L90,I91,H92,L93,G109,L110,L111,A112,C113,S114,I115,G116,T117,I118,V119,W120,G121,A122,T123,S124,V133,I134,F135,F136,C137,L138,G139,V140,Y141,C142,A143,N144,T145,F146,Y147,R148,A149,Q150,A151,V167,V168,T169,G170,M171,A172,W173,L174,F175,F176,V177,S178,W179,G180,M181,F182,P183,I184,L185,F186,T202,V203,G204,H205,T206,I207,I208,D209,P210,M211,S212,K213,N214,R215,-,-,-,-,-,-,-,-,-,-,-,-,-,-,-,-,-,-,-,-,-,-,-
8H79,-,-,-,-,-,-,-,-,-,-,-,-,-,F9,W10,V11,G12,C13,G14,I15,L16,A17,F18,G19,S20,I21,V22,F23,I40,V41,H42,F43,T44,V45,T46,T47,V48,A49,A50,C51,A52,Y53,L54,A55,M56,R82,Y83,C84,D85,W86,I87,V88,T89,T90,P91,L92,I93,L94,F95,S96,I97,G110,I111,I112,M113,S114,D115,V116,L117,M118,I119,I120,T121,G122,A123,I124,A125,Y134,V135,W136,Y137,I138,V139,S140,C141,M142,F143,E144,V145,A146,I147,F148,V149,I150,L151,L152,L169,F170,N171,L172,V173,F174,T175,V176,F177,S178,I179,Y180,F181,W182,A183,Y184,P185,I186,V187,W188,S204,L205,L206,I207,M208,L209,L210,D211,I212,T213,A214,K215,V216,F217,Y218,G219,F220,-,-,-,-,-,-,-,-,-,-,-,-,-,-,-,-,-,-,-,-
MtSzR_model_0,-,-,-,-,-,-,-,-,-,-,-,-,V8,F9,W10,A11,G12,A13,V14,I15,F16,G17,L18,A19,T20,L21,L22,F23,G38,S39,D40,I41,F42,V43,C44,F45,I46,T47,T48,I49,S50,Y51,V52,T53,M54,R73,W74,L75,Y76,Y77,I78,A79,S80,C81,S82,I83,L84,T85,L86,D87,V88,E101,V102,A103,L104,F105,T106,G107,L108,V109,M110,F111,C112,G113,F114,L115,A116,W125,W126,F127,F128,A129,F130,S131,S132,A133,A134,Y135,A136,G137,L138,L139,Y140,T141,L142,F143,G152,M153,K154,P155,V156,M157,W158,F159,I160,L161,L162,F163,W164,T165,L166,F167,P168,V169,V170,W171,A187,V188,L189,Y190,A191,I192,L193,D194,I195,I196,T197,K198,I199,V200,F201,G202,-,-,-,-,-,-,-,-,-,-,-,-,-,-,-,-,-,-,-,-,-
CaChR1_model_0,-,-,-,-,-,-,-,-,-,-,-,-,-,-,W103,S104,I105,F106,A107,V108,C109,I110,L111,S112,L113,L114,W115,Y116,W127,E128,E129,V130,Y131,V132,C133,C134,I135,E136,L137,V138,F139,I140,C141,F142,E143,R166,Y167,S168,E169,W170,L171,L172,C173,C174,P175,V176,I177,L178,I179,H180,L181,G197,L198,L199,V200,S201,D202,I203,A204,T205,I206,V207,F208,G209,I210,T211,A212,I221,I222,F223,Y224,L225,L226,G227,F228,T229,M230,C231,C232,Y233,T234,F235,Y236,L237,A238,A239,L257,V258,K259,A260,M261,A262,I263,T264,Y265,Y266,V267,G268,W269,S270,F271,F272,P273,L274,I275,F276,V292,I293,A294,S295,S296,F297,G298,D299,L300,I301,S302,K303,N304,M305,F306,G307,L308,L309,-,-,-,-,-,-,-,-,-,-,-,-,-,-,-,-,-,-,-
GtACR2_model_0,-,-,-,-,-,-,-,-,-,-,-,-,-,Q32,L33,V34,W35,A36,V37,V38,S39,G40,C41,Q42,T43,I44,F45,M46,W55,E56,S57,V58,Y59,L60,P61,F62,V63,E64,S65,I66,T67,Y68,A69,L70,A71,R90,M91,A92,S93,W94,L95,C96,T97,C98,P99,I100,M101,L102,G103,Q104,I105,I121,A122,Q123,A124,A125,S126,I127,I128,R129,V130,V131,M132,G133,I134,T135,A136,W146,L147,F148,F149,F150,F151,G152,A153,T154,C155,L156,V157,F158,E159,Y160,S161,V162,V163,F164,R188,I189,K190,M191,L192,R193,L194,I195,F196,F197,I198,A199,W200,T201,M202,F203,P204,I205,V206,W207,A223,I224,L225,Y226,L227,L228,A229,D230,G231,L232,C233,K234,N235,T236,Y237,G238,V239,-,-,-,-,-,-,-,-,-,-,-,-,-,-,-,-,-,-,-,-
ChroME2s_J227_refine3,-,-,-,-,-,-,-,-,-,-,-,-,-,-,W95,F96,T97,V98,I99,V100,A101,I102,V103,Q104,L105,I106,F107,Y108,W119,E120,E121,V122,Y123,V124,C125,V126,I127,E128,L129,V130,K131,C132,F133,I134,E135,R158,Y159,S160,E161,W162,L163,L164,T165,C166,P167,V168,I169,L170,I171,H172,L173,T189,I190,L191,V192,T193,D194,I195,G196,N197,I198,V199,W200,G201,I202,T203,A204,I213,L214,F215,F216,M217,I218,G219,L220,F221,Y222,G223,V224,T225,C226,F227,F228,Q229,I230,A231,I249,C250,K251,I252,M253,A254,Y255,V256,F257,F258,C259,S260,W261,L262,M263,F264,P265,V266,M267,F268,G284,I285,G286,H287,L288,I289,L290,D291,L292,I293,A294,K295,N296,T297,W298,G299,F300,L301,-,-,-,-,-,-,-,-,-,-,-,-,-,-,-,-,-,-,-
AbHeR_model_0,-,-,-,-,-,-,-,-,-,L10,R11,R12,I13,N14,L15,I16,A17,G18,V19,L20,H21,L22,A23,Q24,M25,V26,A27,V28,I65,G66,V67,A68,I69,F70,L71,G72,L73,S74,S75,L76,A77,H78,F79,V80,V81,R102,W103,V104,E105,Y106,S107,I108,S109,S110,S111,V112,M113,I114,V115,L116,I117,S131,I132,F133,G134,V135,N136,A137,S138,M139,I140,L141,F142,G143,W144,L145,Q146,W157,V158,P159,F160,I161,F162,G163,C164,I165,A166,G167,I168,V169,P170,W171,L172,A173,L174,V175,F192,V193,Y194,F195,I196,V197,F198,T199,I200,F201,I202,L203,F204,N205,S206,F207,A208,L209,V210,Q211,E228,R229,T230,Y231,I232,T233,L234,S235,L236,V237,A238,K239,S240,-,-,-,-,-,-,-,-,-,-,-,-,-,-,-,-,-,-,-,-,-,-,-,-
ZipACR_model_0,-,-,-,-,-,-,-,-,-,-,-,-,-,Q53,L54,C55,F56,A57,V58,V59,C60,A61,C62,Q63,V64,I65,F66,M67,W76,E77,A78,I79,Y80,L81,P82,L83,A84,E85,V86,V87,T88,Y89,S90,I91,A92,K111,L112,A113,G114,W115,A116,V117,C118,C119,P120,I121,M122,L123,I124,Q125,I126,V142,V143,L144,A145,A146,S147,L148,N149,R150,I151,I152,F153,G154,M155,A156,S157,W167,G168,F169,Y170,F171,C172,A173,W174,I175,C176,Y177,L178,T179,E180,V181,G182,I183,T184,L185,R209,I210,Q211,T212,M213,R214,I215,I216,F217,L218,V219,A220,W221,T222,S223,F224,P225,V226,V227,W228,A244,L245,L246,Y247,L248,F249,A250,D251,L252,L253,S254,K255,N256,T257,W258,G259,V260,-,-,-,-,-,-,-,-,-,-,-,-,-,-,-,-,-,-,-,-
OtHKR_model_0,-,-,-,-,-,-,-,-,-,-,-,-,-,S111,L112,M113,A114,L115,T116,V117,F118,A119,V120,C121,A122,S123,I124,G125,S142,T143,V144,L145,Y146,I147,T148,I149,V150,A151,C152,Y153,T154,H155,Y156,L157,M158,R178,Y179,L180,E181,W182,M183,M184,T185,T186,P187,V188,L189,L190,I191,L192,V193,C214,A215,C216,I217,A218,D219,E220,I221,M222,L223,I224,T225,G226,W227,L228,T229,G238,V239,C240,L241,T242,I243,S244,M245,L246,C247,F248,T249,Y250,V251,I252,S253,R254,C255,V256,R274,F275,I276,I277,L278,A279,C280,A281,K282,T283,I284,C285,W286,T287,S288,F289,P290,I291,V292,Y293,H307,E308,W309,F310,L311,S312,C313,D314,V315,L316,T317,K318,A319,V320,Y321,C322,L323,-,-,-,-,-,-,-,-,-,-,-,-,-,-,-,-,-,-,-,-
6JO0,-,-,-,-,-,-,-,-,-,-,-,-,-,M11,I12,F13,S14,F15,L16,I17,Q18,I19,I20,T21,L22,I23,I24,G25,L45,L46,E47,N48,I49,V50,Q51,F52,I53,E54,A55,I56,F57,Y58,L59,W60,F61,R78,Y79,Y80,D81,W82,F83,L84,T85,T86,P87,T88,M89,I90,L91,S92,V93,E123,L124,W125,F126,Y127,N128,F129,N130,M131,L132,I133,I134,G135,Y136,L137,Q138,L146,L147,S148,T149,L150,I151,G152,F153,Y154,F155,F156,G157,L158,L159,F160,Y161,K162,M163,F164,K173,N174,Y175,L176,L177,F178,F179,L180,M181,F182,F183,I184,W185,G186,L187,Y188,G189,I190,A191,A192,N200,A201,F202,Y203,N204,I205,L206,D207,I208,F209,S210,K211,N212,F213,F214,G215,L216,-,-,-,-,-,-,-,-,-,-,-,-,-,-,-,-,-,-,-,-
6GUX,-,-,-,-,-,-,-,-,-,-,-,-,-,L23,G24,I25,G26,T27,L28,L29,M30,L31,I32,G33,T34,F35,Y36,F37,A54,V55,T56,I57,L58,V59,P60,G61,I62,S64,S64,A65,A66,Y67,L68,S69,S69,R92,Y93,A94,D95,W96,L97,F98,T99,T100,P101,L102,L103,L104,L105,D106,L107,L121,V122,V122,G123,V124,D125,A126,L127,I129,V130,V130,T131,G132,L133,I134,G135,Y145,S146,W147,W148,L149,F150,S151,T152,I153,C154,M155,I156,V157,V158,L159,Y160,L162,L162,A163,T180,F181,N182,T183,T183,A186,L187,L187,V188,L189,V190,L191,L191,T193,A194,Y195,P196,I197,L198,W199,T215,L216,L217,F218,M219,V220,L221,D222,V223,T224,A225,K226,V227,G228,F229,G230,F231,-,-,-,-,-,-,-,-,-,-,-,-,-,-,-,-,-,-,-,-
6LM0,-,-,-,-,-,-,-,-,-,-,-,-,-,L6,W7,V8,G9,F10,I11,G12,M13,V14,I15,G16,C17,I18,Y19,F20,L37,E38,S39,F40,F41,I42,T43,L44,W45,A46,A47,A48,L49,Y50,L51,T52,M53,R71,Y72,I73,D74,W75,V76,V77,T78,T79,P80,L81,L82,L83,M84,E85,L86,G99,V100,M101,G102,A103,D104,I105,F106,M107,I108,V109,T110,G111,F112,I113,G114,Y123,L124,W125,W126,L127,I128,S129,T130,G131,S132,F133,L134,A135,I136,L137,G138,S139,L140,L141,L158,F159,Q160,T161,L162,R163,N164,I165,L166,I167,V168,L169,W170,I171,C172,Y173,P174,I175,V176,W177,T193,L194,C195,Y196,S197,V198,L199,D200,V201,C202,A203,K204,V205,G206,F207,G208,F209,-,-,-,-,-,-,-,-,-,-,-,-,-,-,-,-,-,-,-,-
5ZIH,-,-,-,-,-,-,-,-,-,-,-,-,-,-,W99,I100,A101,F102,S103,I104,A105,I106,A107,L108,L109,T110,F111,Y112,W123,E124,E125,V126,Y127,V128,C129,C130,V131,E132,V133,L134,F135,V136,T137,L138,E139,R162,Y163,F164,E165,W166,L167,L168,S169,C170,P171,V172,I173,L174,I175,K176,L177,G193,L194,I195,V196,S197,C198,V199,G200,M201,I202,V203,F204,G205,M206,A207,A208,W217,L218,L219,Y220,I221,V222,S223,C224,I225,Y226,G227,G228,Y229,M230,Y231,F232,Q233,A234,A235,V253,V254,K255,L256,M257,A258,Y259,A260,Y261,F262,A263,S264,W265,G266,S267,Y268,P269,I270,L271,W272,S288,I289,G290,H291,S292,I293,C294,D295,I296,I297,A298,K299,E300,F301,W302,T303,F304,L305,-,-,-,-,-,-,-,-,-,-,-,-,-,-,-,-,-,-,-
CfRhoPDE_model_0,-,-,-,-,-,-,-,-,-,L69,R70,V71,M72,Y73,G74,A75,T76,S77,V78,A79,F80,A81,F82,A83,T84,A85,L86,D87,G104,V105,L106,A107,Y108,V109,D110,G111,A112,A113,C114,L115,S116,Y117,A118,A119,M120,R141,Y142,A143,E144,W145,L146,I147,T148,C149,P150,T151,L152,L153,Y154,W155,C156,D169,I170,A171,T172,G173,D174,A175,M176,L177,L178,A179,G180,G181,A182,L183,S184,Y193,F194,V195,F196,M197,G198,S199,V200,A201,A202,F203,V204,Y205,V206,M207,T208,H209,M210,W211,A232,L233,N234,L235,M236,R237,W238,E239,I240,V241,L242,S243,W244,T245,C246,F247,P248,M249,I250,E251,E265,A266,L267,N268,S269,I270,I271,D272,Y273,A274,A275,K276,V277,-,-,-,-,-,-,-,-,-,-,-,-,-,-,-,-,-,-,-,-,-,-,-,-
PoXeR_model_0,-,-,-,-,-,-,-,-,-,E3,A4,F5,W6,L7,W8,L9,Y10,V11,A12,V13,M14,A15,A16,G17,A18,C19,L20,F21,T37,I38,A39,A40,V41,I42,P43,I44,W45,S46,G47,L48,A49,Y50,L51,A52,M53,R71,Y72,L73,D74,W75,L76,V77,T78,T79,P80,L81,L82,L83,W84,L85,L86,S103,L104,M105,F106,A107,D108,V109,V110,M111,I112,L113,S114,G115,L116,F117,A118,W128,L129,W130,Y131,T132,I133,G134,C135,V136,S137,F138,L139,L140,I141,L142,W143,Q144,V145,W146,T163,Y164,T165,R166,V167,A168,A169,Y170,L171,T172,V173,F174,W175,V176,S177,Y178,P179,L180,V181,W182,I198,A199,L200,F201,V202,I203,L204,P205,A206,F207,S208,K209,V210,-,-,-,-,-,-,-,-,-,-,-,-,-,-,-,-,-,-,-,-,-,-,-,-
6CSN,-,-,-,-,-,-,-,-,-,-,-,-,L94,Q95,W96,I97,S98,F99,A100,L101,S102,A103,L104,C105,L106,M107,F108,Y109,W120,E121,N122,I123,Y124,V125,A126,T127,I128,Q129,M130,I131,K132,F133,F133,I134,E136,R159,Y160,A161,S162,W163,L164,L165,T166,C167,P168,V169,I170,L171,I172,H173,L174,G190,L191,L192,V193,S194,D195,I196,G197,T198,I199,V200,W201,G202,T203,T204,A205,V214,I215,F216,F217,L218,M219,G220,L221,C222,Y223,G224,I225,Y226,T227,F228,F229,N230,A231,A232,V250,V251,T252,G253,M254,A255,W256,L257,F258,F259,V260,S261,W262,G263,M264,F265,P266,I267,L268,F269,N285,V286,G287,H288,T289,I290,I291,D292,L293,M294,S295,K296,Q297,C298,W299,G300,-,-,-,-,-,-,-,-,-,-,-,-,-,-,-,-,-,-,-,-,-
6IS6,-,-,-,-,-,-,-,-,-,-,-,-,-,N16,G17,I18,M19,G20,V21,I22,H23,L24,I25,Q26,V27,F28,L29,V30,P69,L70,V71,A72,M73,F74,L75,F76,I77,S78,A79,T80,A81,H82,I83,L84,I85,R105,W106,F107,E108,Y109,S110,I111,S112,A113,S114,F115,M116,I117,V118,I119,I120,A134,L135,F136,T137,L138,T139,A140,V141,M142,N143,L144,M145,G146,L147,M148,M149,W161,T162,S163,Y164,I165,I166,G167,C168,I169,A170,G171,F172,V173,P174,W175,I176,V177,I178,F179,F191,V192,I193,Y194,I195,F196,I197,S198,I199,A200,I201,F202,F203,N204,C205,F206,A207,I208,N209,M210,E227,K228,V229,Y230,I231,I232,L233,S234,L235,V236,A237,K238,S239,A240,L241,A242,W243,-,-,-,-,-,-,-,-,-,-,-,-,-,-,-,-,-,-,-,-
A1ACR1_J318_refine3,-,-,-,-,-,-,-,-,-,-,-,-,-,-,L105,C106,V107,F108,S109,C110,S111,I112,A113,L114,L115,C116,F117,Y118,L129,H130,P131,I132,Y133,V134,Q135,F136,V137,T138,F139,C140,V141,Y142,I143,L144,S145,R171,Y172,L173,F174,W175,M176,M177,T178,C179,P180,V181,I182,I183,S184,N185,V186,F205,M206,M207,V208,K209,D210,I211,V212,M213,I214,A215,F216,G217,V218,L219,A220,W230,I231,F232,N233,L234,A235,S236,Y237,F238,V239,C240,F241,W242,L243,V244,A245,D246,L247,I248,W267,I268,F269,A270,V271,M272,I273,Y274,F275,F276,C277,A278,Q279,S280,L281,F282,I283,F284,L285,Y286,R302,I303,G304,H305,S306,V307,G308,D309,L310,F311,A312,K313,N314,L315,F316,G317,F318,F319,-,-,-,-,-,-,-,-,-,-,-,-,-,-,-,-,-,-,-
NdR2_model_0,-,-,-,-,-,-,-,-,-,-,-,-,V31,L32,T33,L34,G35,Y36,A37,V38,M39,F40,A41,G42,L43,L44,Y45,F46,I62,L63,S64,A65,V66,V67,M68,V69,S70,A71,A72,L73,L74,L75,Y76,A77,Q78,R109,Y110,L111,N112,W113,L114,I115,D116,V117,P118,M119,L120,L121,F122,Q123,I124,Q141,F142,W143,F144,S145,G146,A147,M148,M149,I150,I151,T152,G153,Y154,I155,G156,F168,I169,W170,G171,A172,I173,S174,T175,V176,F177,F178,F179,H180,I181,L182,W183,L184,M185,N186,I203,L204,S205,N206,I207,W208,I209,L210,F211,L212,V213,S214,W215,F216,L217,Y218,P219,G220,A221,Y222,Q244,I245,T246,Y247,T248,I249,A250,D251,V252,C253,S254,K255,V256,I257,Y258,G259,-,-,-,-,-,-,-,-,-,-,-,-,-,-,-,-,-,-,-,-,-
8JH0,-,-,-,-,-,-,-,-,-,-,-,-,-,L31,T32,L33,G34,Y35,A36,V37,M38,L39,A40,G41,L42,F43,Y44,F45,V61,L62,S63,V64,V65,V66,M67,V68,S69,A70,F71,L72,L73,L74,Y75,V76,Q77,R108,Y109,L110,N111,W112,L113,I114,D115,V116,P117,M118,L119,L120,F121,Q122,I123,Q140,F141,W142,I143,S144,G145,T146,G147,M148,I149,V150,T151,G152,Y153,I154,G155,A167,I168,W169,G170,A171,I172,S173,T174,V175,F176,F177,F178,H179,I180,L181,W182,L183,M184,K185,T202,L203,Q204,S205,I206,W207,V208,L209,F210,L211,V212,S213,W214,M215,L216,Y217,P218,G219,A220,Y221,Q243,I244,T245,Y246,T247,I248,A249,D250,V251,S252,S253,K254,V255,I256,Y257,G258,I259,-,-,-,-,-,-,-,-,-,-,-,-,-,-,-,-,-,-,-,-
5B2N,-,-,-,-,-,-,-,-,-,-,-,-,L21,L22,T23,M24,G25,V26,G27,V28,H29,F30,A31,A32,L33,I34,F35,F36,A52,L53,S54,C55,I56,V57,M58,V59,S60,A61,G62,L63,I64,L65,N66,S67,Q68,R95,Y96,V97,N98,W99,M100,A101,T102,I103,P104,C105,L106,L107,L108,Q109,L110,W127,L128,I129,L130,A131,A132,W133,G134,M135,I136,I137,T138,G139,Y140,V141,G142,M154,I155,W156,G157,A158,V159,S160,T161,A162,F163,F164,V165,V166,M167,N168,W169,I170,V171,G172,T189,I190,T191,K192,V193,F194,W195,L196,M197,M198,F199,A200,W201,T202,L203,Y204,P205,I206,A207,Y208,Q224,L225,L226,F227,T228,I229,A230,D231,I232,S233,S234,K235,V236,I237,Y238,G239,-,-,-,-,-,-,-,-,-,-,-,-,-,-,-,-,-,-,-,-,-
3A7K,-,-,-,-,-,-,-,-,-,-,-,-,-,-,Y39,I40,N41,I42,A43,L44,A45,G46,L47,S48,I49,L50,L51,F52,V69,S70,T71,I72,L73,V74,P75,V76,V77,S78,I79,A80,S81,Y82,T83,G84,L85,R123,Y124,L125,T126,W127,A128,L129,S130,T131,P132,M133,I134,L135,L136,A137,L138,T151,A152,I153,T154,F155,D156,I157,A158,M159,C160,V161,T162,G163,L164,A165,A166,W177,F178,W179,Y180,A181,I182,S183,C184,A185,C186,F187,I188,V189,V190,L191,Y192,I193,L194,L195,I210,F211,S212,T213,L214,K215,L216,L217,T218,V219,V220,M221,W222,L223,G224,Y225,P226,I227,V228,W229,S245,W246,A247,Y248,S249,A250,L251,D252,I253,V254,A255,K256,Y257,I258,F259,A260,F261,L262,-,-,-,-,-,-,-,-,-,-,-,-,-,-,-,-,-,-,-
GtCCR3_model_0,-,-,-,-,-,-,-,-,-,-,-,A20,A21,D22,W23,I24,G25,F26,I27,A28,L29,F30,G31,S32,S33,L34,A35,V36,M61,I62,S63,V64,F65,V66,N67,L68,F69,A70,A71,L72,A73,Y74,W75,A76,K77,K96,Y97,L98,D99,Y100,L101,F102,T103,C104,P105,L106,L107,T108,I109,D110,L111,T122,F123,G124,A125,I126,V127,A128,V129,C130,I131,L132,C133,A134,F135,M136,A137,Y146,M147,W148,F149,G150,M151,G152,I153,T154,V155,F156,S157,A158,A159,W160,F161,N162,I163,L164,S185,L186,K187,V188,A189,C190,M191,T192,Y193,F194,F195,I196,W197,L198,G199,Y200,P201,T202,L203,W204,A218,L219,L220,H221,T222,F223,L224,D225,V226,F227,S228,K229,S230,I231,Y232,-,-,-,-,-,-,-,-,-,-,-,-,-,-,-,-,-,-,-,-,-,-
GtCCR5_model_0,-,-,-,-,-,-,-,-,-,-,-,A37,V38,D39,W40,L41,G42,F43,L44,C45,L46,L47,G48,A49,S50,L51,A52,L53,C78,L79,S80,I81,Y82,V83,N84,L85,I86,A87,A88,I89,T90,Y91,W92,G93,R94,K113,Y114,L115,D116,Y117,I118,F119,T120,C121,P122,I123,L124,T125,L126,D127,L128,T139,Y140,S141,L142,F143,V144,G145,L146,T147,I148,A149,C150,G151,V152,F153,C154,Y163,L164,W165,F166,M167,F168,G169,C170,F171,I172,F173,A174,F175,T176,W177,I178,S179,I180,I181,P202,L203,K204,L205,S206,L207,T208,L209,Y210,F211,S212,I213,W214,C215,G216,Y217,P218,A219,L220,W221,H235,V236,M237,T238,V239,I240,M241,D242,V243,A244,A245,K246,S247,V248,Y249,-,-,-,-,-,-,-,-,-,-,-,-,-,-,-,-,-,-,-,-,-,-
SzR1_model_0,-,-,-,-,-,-,-,-,-,-,-,I4,I5,F6,Y7,I8,G9,A10,G11,V12,F13,T14,L15,T16,S17,I18,T19,F20,S32,L33,N34,M35,I36,V37,N38,F39,V40,T41,I42,A43,S44,Y45,L46,L47,M48,R67,W68,A69,F70,Y71,A72,V73,S74,C75,S76,F77,L78,M79,V80,E81,I82,E95,I96,I97,V98,F99,N100,C101,L102,V103,M104,I105,T106,G107,L108,L109,A110,W119,L120,F121,F122,T123,L124,S125,S126,V127,A128,Y129,L130,Y131,V132,L133,F134,Q135,I136,I137,N142,E143,K144,F145,I146,V147,A148,F149,V150,A151,I152,F153,W154,S155,G156,F157,P158,I159,I160,W161,A177,L178,F179,Y180,L181,V182,L183,D184,L185,I186,T187,K188,V189,Y190,F191,-,-,-,-,-,-,-,-,-,-,-,-,-,-,-,-,-,-,-,-,-,-
6EYU,-,-,-,-,-,-,-,-,-,-,-,-,-,I17,L18,A19,Y20,I21,I22,T23,A24,M25,I26,S27,G28,L29,L30,F31,I46,I47,H48,F49,F50,I51,V52,V53,W54,S55,G56,L57,M58,Y59,T60,N61,F62,W73,Y74,M75,D76,W77,M78,V79,S80,T81,P82,L83,I84,L85,L86,A87,L88,A106,L107,L108,G109,A110,E111,F112,T113,L114,V115,I116,T117,G118,L119,L120,A121,I127,T128,P129,Y130,Y131,V132,G133,V134,L135,L136,L137,L138,G139,V140,V141,Y142,L143,L144,A145,A162,Y163,K164,I165,L166,A167,G168,Y169,I170,G171,I172,F173,F174,L175,S176,Y177,P178,T179,V180,W181,S202,I203,A204,L205,V206,V207,L208,P209,F210,F211,C212,K213,Q214,V215,Y216,G217,F218,-,-,-,-,-,-,-,-,-,-,-,-,-,-,-,-,-,-,-,-
8H86,-,-,-,-,-,-,-,-,-,-,G26,S27,I28,C29,A30,V31,C32,C33,V34,F35,V36,A37,G38,S39,G40,I41,W42,M43,S68,L69,S70,G71,I72,I73,C74,L75,L76,C77,G78,T79,M80,Y81,A82,A83,K84,W102,Y103,L104,D105,Y106,V107,F108,T109,C110,P111,L112,L113,I114,L115,D116,F117,R128,Y129,F130,F131,A132,V133,F134,L135,T136,L137,W138,C139,G140,V141,A142,A143,F152,A153,Y154,Y155,A156,L157,G158,C159,C160,W161,F162,T163,P164,F165,A166,L167,S168,L169,M170,W187,L188,F189,W190,A191,C192,V193,I194,F195,F196,G197,F198,W199,P200,M201,F202,P203,I204,L205,F206,Y222,I223,I224,H225,A226,F227,L228,D229,L230,T231,C232,K233,S234,I235,-,-,-,-,-,-,-,-,-,-,-,-,-,-,-,-,-,-,-,-,-,-,-
NdR1_model_0,-,-,-,-,-,-,-,-,-,-,-,-,-,F23,F24,I25,G26,S27,M28,A29,M30,M31,A32,A33,S34,A35,F36,F37,L53,V54,S55,G56,L57,I58,T59,F60,I61,A62,A63,V64,H65,Y66,F67,Y68,M69,R84,Y85,V86,D87,W88,T89,L90,T91,V92,P93,L94,M95,C96,V97,E98,F99,K115,L116,I117,F118,W119,S120,V121,V122,M123,L124,V125,T126,G127,Y128,F129,G130,W142,V143,W144,G145,L146,V147,S148,G149,I150,A151,Y152,F153,I154,I155,V156,Y157,M158,I159,W160,A178,H179,N180,I181,L182,C183,W184,F185,V186,L187,V188,G189,W190,A191,I192,Y193,P194,L195,G196,Y197,D222,V223,V224,Y225,N226,I227,G228,D229,A230,I231,N232,K233,I234,G235,F236,G237,L238,-,-,-,-,-,-,-,-,-,-,-,-,-,-,-,-,-,-,-,-
3X3C,-,-,-,-,-,-,-,-,-,-,-,-,-,L32,T33,L34,G35,Y36,A37,V38,M39,L40,A41,G42,L43,L44,Y45,F46,I62,L63,S64,A65,V66,V67,M68,V69,S70,A71,F72,L73,L74,L75,Y76,A77,Q78,R109,Y110,L111,N112,W113,L114,I115,D116,V117,P118,M119,L120,L121,F122,Q123,I124,Q141,F142,W143,F144,S145,G146,A147,M148,M149,I150,I151,T152,G153,Y154,I155,G156,L168,V169,W170,G171,A172,I173,S174,S175,A176,F177,F178,F179,H180,I181,L182,W183,V184,M185,K186,I203,L204,S205,N206,I207,W208,I209,L210,F211,L212,I213,S214,W215,T216,L217,Y218,P219,G220,A221,Y222,Q244,L245,V246,Y247,T248,I249,A250,D251,V252,S253,S254,K255,V256,I257,Y258,G259,V260,-,-,-,-,-,-,-,-,-,-,-,-,-,-,-,-,-,-,-,-
HsSRI_model_0,-,-,-,-,-,-,-,-,-,-,-,-,-,Y8,L9,G10,G11,A12,V13,A14,L15,I16,V17,G18,V19,A20,F21,V22,A39,P40,L41,A42,I43,I44,P45,V46,F47,A48,G49,L50,S51,Y52,V53,G54,M55,R73,Y74,I75,D76,W77,L78,V79,T80,T81,P82,I83,L84,V85,G86,Y87,V88,G101,V102,M103,V104,A105,D106,A107,L108,M109,I110,A111,V112,G113,A114,G115,A116,W125,A126,L127,F128,G129,V130,S131,S132,I133,F134,H135,L136,S137,L138,F139,A140,Y141,L142,Y143,L159,F160,N161,L162,L163,K164,N165,H166,I167,G168,L169,L170,W171,L172,A173,Y174,P175,L176,V177,W178,A194,L195,T196,Y197,V198,F199,L200,D201,V202,L203,A204,K205,V206,P207,Y208,V209,Y210,-,-,-,-,-,-,-,-,-,-,-,-,-,-,-,-,-,-,-,-
7E4G,-,-,-,-,-,-,-,-,-,-,-,-,I5,F6,Y7,L8,G9,I10,G11,M12,F13,I14,L15,S16,T17,I18,M19,F20,S32,I33,N34,I35,I36,V37,S38,F39,V40,T41,I42,V43,S44,Y45,I46,L47,M48,R67,W68,A69,F70,Y71,A72,V73,S74,C75,S76,F77,L78,M79,V80,E81,I82,E95,I96,L97,V98,F99,N100,S101,M102,V103,M104,I105,T106,G107,L108,F109,A110,W119,L120,F121,F122,I123,I124,S125,S126,V127,A128,Y129,L130,N131,V132,L133,F134,L135,I136,A137,E142,K143,K144,A145,I146,I147,L148,F149,V150,A151,I152,F153,W154,S155,G156,F157,P158,I159,V160,W161,A177,L178,F179,Y180,L181,V182,L183,D184,F185,I186,T187,K188,I189,Y190,F191,G192,-,-,-,-,-,-,-,-,-,-,-,-,-,-,-,-,-,-,-,-,-
7W74,-,-,-,-,-,-,-,-,-,-,-,-,P5,L6,L7,I8,G9,F10,I11,V12,M13,A14,L15,A16,S17,L18,A19,I20,L35,I36,H37,A38,A39,V40,P41,F42,I43,A44,A45,T46,A47,Y48,L49,C50,M51,R70,Y71,V72,D73,W74,A75,F76,T77,T78,P79,L80,L81,L82,A83,G84,V85,A105,I106,V107,T108,L109,D110,V111,I112,M113,I114,V115,T116,G117,L118,I119,A120,W130,V131,F132,F133,A134,W135,S136,C137,A138,A139,F140,A141,G142,V143,L144,Y145,L146,L147,W148,A164,Y165,R166,R167,N168,V169,G170,F171,L172,T173,V174,L175,W176,L177,I178,Y179,P180,V181,V182,F183,V199,W200,V201,F202,L203,V204,L205,D206,V207,L208,A209,K210,V211,V212,Y213,A214,-,-,-,-,-,-,-,-,-,-,-,-,-,-,-,-,-,-,-,-,-
VcChR2_model_0,-,-,-,-,-,-,-,-,-,-,-,-,-,-,W52,A53,A54,F55,A56,L57,S58,V59,I60,I61,L62,I63,Y64,Y65,W76,E77,E78,V79,Y80,V81,C82,C83,V84,E85,L86,T87,K88,V89,V90,I91,E92,R115,Y116,G117,E118,W119,L120,L121,T122,C123,P124,V125,I126,L127,I128,H129,L130,R146,L147,L148,V149,S150,D151,V152,G153,T154,I155,V156,W157,G158,A159,T160,A161,V170,I171,F172,F173,L174,L175,G176,C177,M178,Y179,G180,A181,N182,T183,F184,F185,H186,A187,A188,L206,V207,R208,A209,M210,A211,W212,L213,F214,F215,V216,S217,W218,G219,M220,F221,P222,V223,L224,F225,T241,I242,G243,H244,T245,I246,I247,D248,L249,L250,S251,K252,N253,C254,W255,G256,L257,L258,-,-,-,-,-,-,-,-,-,-,-,-,-,-,-,-,-,-,-
FR_model_0,-,-,-,-,-,-,-,-,-,-,-,-,I31,L32,M33,V34,S35,Y36,G37,A38,H39,F40,A41,F42,V43,L44,Y45,F46,I62,M63,S64,A65,I66,V67,M68,V69,S70,A71,G72,L73,S74,L75,L76,R77,E78,R107,Y108,G109,N110,W111,T112,I113,T114,V115,P116,I117,L118,L119,T120,Q121,L122,R139,M140,C141,I142,P143,A144,L145,L146,M147,I148,W149,T150,G151,L152,V153,G154,N166,V167,W168,G169,V170,I171,S172,T173,I174,F175,F176,V177,W178,L179,I180,I181,E182,V183,R184,W201,P202,K203,N204,I205,W206,W207,F208,F209,L210,A211,F212,W213,G214,L215,Y216,P217,I218,A219,Y220,Q236,L237,L238,Y239,S240,I241,A242,D243,V244,F245,S246,K247,L248,V249,Y250,G251,-,-,-,-,-,-,-,-,-,-,-,-,-,-,-,-,-,-,-,-,-
1XIO,-,-,-,-,-,-,-,-,-,E4,S5,L6,L7,H8,W9,I10,Y11,V12,A13,G14,M15,T16,I17,G18,A19,L20,H21,F22,L38,V39,A40,M41,F42,I43,P44,I45,W46,S47,G48,L49,A50,Y51,M52,A53,M54,R72,Y73,I74,D75,W76,M77,V78,T79,T80,P81,L82,L83,L84,L85,S86,L87,F104,L105,M106,S107,T108,Q109,I110,V111,V112,I113,T114,S115,G116,L117,I118,A119,Y129,L130,W131,Y132,I133,C134,G135,V136,C137,A138,F139,L140,I141,I142,L143,W144,G145,I146,W147,L164,Y165,D166,K167,L168,V169,T170,Y171,F172,T173,V174,L175,W176,I177,G178,Y179,P180,I181,V182,W183,T199,F200,L201,F202,C203,L204,L205,P206,F207,F208,S209,K210,K210,-,-,-,-,-,-,-,-,-,-,-,-,-,-,-,-,-,-,-,-,-,-,-,-
NmPR_model_0,-,-,-,-,-,-,-,-,-,-,-,-,T23,F24,F25,V26,G27,A28,M29,A30,M31,M32,A33,A34,S35,A36,F37,F38,L54,V55,S56,G57,L58,I59,T60,F61,I62,A63,A64,V65,H66,Y67,W68,Y69,M70,R85,Y86,V87,D88,W89,V90,L91,T92,V93,P94,L95,M96,C97,V98,E99,F100,K116,L117,I118,L119,F120,S121,V122,I123,M124,L125,V126,T127,G128,Y129,F130,G131,A140,L141,W142,G143,A144,I145,S146,G147,A148,A149,Y150,F151,Y152,I153,V154,Y155,E156,I157,W158,A176,H177,K178,I179,L180,C181,W182,F183,V184,L185,V186,G187,W188,A189,I190,Y191,P192,L193,G194,Y195,D213,V214,A215,Y216,N217,I218,A219,D220,A221,I222,N223,K224,I225,G226,F227,G228,-,-,-,-,-,-,-,-,-,-,-,-,-,-,-,-,-,-,-,-,-
3AM6,-,-,-,-,-,-,-,-,-,-,-,-,-,Q13,W14,I15,V16,F17,A18,I19,M20,A21,A22,A23,A24,I25,A26,F27,Y43,I44,N45,I46,A47,I48,C49,T50,I51,A52,A53,T54,A55,Y56,Y57,A58,M59,R78,Y79,I80,D81,W82,V83,L84,T85,T86,P87,L88,L89,L90,L91,D92,L93,W106,V107,I108,G109,A110,D111,I112,F113,M114,I115,V116,F117,G118,I119,L120,G121,W131,V132,Y133,F134,I135,A136,G137,C138,V139,M140,Q141,A142,V143,L144,T145,Y146,G147,M148,Y149,S166,Y167,V168,S169,L170,L171,V172,F173,L174,S175,I176,L177,W178,V179,F180,Y181,P182,V183,V184,W185,A200,I201,L202,M203,G204,I205,L206,D207,V208,L209,A210,K211,P212,L213,F214,G215,M216,-,-,-,-,-,-,-,-,-,-,-,-,-,-,-,-,-,-,-,-
4FBZ,-,-,-,-,-,-,-,-,-,-,-,-,-,-,W13,I14,G15,T16,I17,G18,M19,T20,L21,G22,T23,L24,Y25,F26,I43,I44,T45,T46,F47,I48,T49,T50,I51,A52,A53,A54,M55,Y56,F57,A58,M59,R81,Y82,A83,D84,W85,L86,F87,T88,T89,P90,L91,L92,L93,L94,D95,L96,T109,L110,I111,G112,L113,D114,V115,F116,M117,I118,G119,T120,G121,M122,I123,A124,I134,A135,W136,W137,G138,I139,S140,T141,G142,A143,L144,L145,A146,L147,L148,Y149,V150,L151,V152,L169,F170,G171,R172,L173,R174,N175,L176,V177,I178,V179,L180,W181,L182,L183,Y184,P185,V186,V187,W188,T205,A206,A207,F208,M209,V210,L211,D212,L213,S214,A215,K216,V217,G218,F219,G220,V221,V222,-,-,-,-,-,-,-,-,-,-,-,-,-,-,-,-,-,-,-
7ZMY,-,-,-,-,-,-,-,-,-,-,-,-,L5,H6,Y7,G8,Y9,S10,F11,I12,M13,L14,L15,G16,A17,L18,L18,Y19,L36,I37,A38,M39,M39,V40,I41,P42,W44,S45,G46,A47,A48,Y49,L50,S51,-,R70,Y71,I72,D73,W74,V75,I76,S77,T78,P79,L80,L81,L82,A83,A84,L85,S102,L103,V104,A105,L106,D107,V108,F109,M110,I111,I112,T113,G114,F115,V116,A117,Y126,I127,W128,Y129,S130,L131,G132,V133,I134,A135,L136,I137,I138,I139,L140,V141,I142,T143,F144,H161,Y162,T163,R164,V165,A166,I167,Y168,L169,S170,A171,L172,W173,V174,C175,Y176,P177,T178,A179,W180,V196,L197,V198,F199,I200,I201,L202,P203,I204,F205,S206,K207,V208,G209,F210,S211,I212,-,-,-,-,-,-,-,-,-,-,-,-,-,-,-,-,-,-,-,-
1UAZ,-,-,-,-,-,-,-,-,-,-,-,-,-,-,G20,I21,G22,T23,L24,L25,M26,L27,I28,G29,T30,F31,Y32,F33,S50,I51,T52,I53,L54,V55,P56,G57,I58,A59,S60,A61,A62,Y63,L64,S65,M66,R88,Y89,A90,D91,W92,L93,F94,T95,T96,P97,L98,L99,L100,L101,D102,L103,T116,L117,V118,G119,V120,D121,A122,L123,M124,I125,V126,T127,G128,L129,V130,G131,Y141,T142,W143,W144,L145,F146,S147,T148,I149,C150,M151,I152,V153,V154,L155,Y156,F157,L158,A159,T176,F177,N178,T179,L180,T181,A182,L183,V184,L185,V186,L187,W188,T189,A190,Y191,P192,I193,L194,W195,T211,L212,L213,F214,M215,V216,L217,D218,V219,T220,A221,K222,V223,G224,F225,G226,F227,I228,-,-,-,-,-,-,-,-,-,-,-,-,-,-,-,-,-,-,-
5AWZ,-,-,-,-,-,-,-,-,-,-,-,-,-,Q16,W17,V18,V19,F20,A21,V22,M23,A24,L25,A26,A27,I28,V29,F30,Y46,V47,N48,I49,A50,I51,C52,T53,I54,A55,A56,T57,A58,Y59,Y60,A61,M62,R86,Y87,I88,D89,W90,V91,F92,T93,T94,P95,L96,L97,L98,L99,D100,L101,W114,I115,M116,G117,A118,D119,I120,A121,M122,I123,A124,F125,G126,I127,I128,G129,W138,F139,Y140,F141,V142,V143,G144,C145,I146,M147,L148,A149,V150,L151,A152,W153,G154,M155,I156,A173,Y174,T175,T176,L177,L178,I179,Y180,L181,I182,V183,L184,W185,V186,I187,Y188,P189,I190,V191,W192,I207,I208,A209,M210,G211,I212,L213,D214,L215,L216,A217,K218,P219,L220,Y221,A222,I223,-,-,-,-,-,-,-,-,-,-,-,-,-,-,-,-,-,-,-,-
CaRGC_model_0,-,-,-,-,-,-,-,-,-,-,-,-,-,Y184,G185,Y186,G187,A188,F189,G190,F191,G192,I193,G194,I195,A196,F197,S198,L215,C216,L217,L218,G219,V220,N221,I222,I223,A224,F225,S226,S227,Y228,I229,L230,I231,R251,Y252,L253,E254,W255,I256,A257,T258,C259,P260,V261,L262,I263,L264,L265,I266,G278,V279,V280,F281,S282,D283,Y284,A285,L286,V287,V288,C289,G290,F291,F292,G293,N303,L304,F305,N306,I307,L308,S309,C310,A311,F312,F313,S314,F315,V316,V317,Y318,S319,L320,W321,G340,L341,R342,W343,T344,R345,F346,S347,T348,V349,T350,T351,W352,T353,L354,F355,P356,L357,S358,W359,E373,A374,S375,F376,T377,M378,I379,D380,I381,G382,A383,K384,V385,F386,L387,T388,L389,-,-,-,-,-,-,-,-,-,-,-,-,-,-,-,-,-,-,-,-
HulaCCR1_model_0,-,-,-,-,-,-,-,-,-,V95,A96,G97,A98,Y99,A100,F101,G102,I103,V104,F105,Q106,T107,A108,F109,A110,A111,L112,M113,D139,I140,G141,I142,Y143,V144,Q145,I146,A147,T148,I149,V150,N151,Y152,C153,L154,Q155,R173,Y174,F175,E176,Y177,C178,F179,T180,C181,P182,F183,I184,V185,L186,D187,V188,A202,L203,T204,F205,F206,T207,L208,F209,L210,G211,G212,V213,M214,A215,L216,S217,-,-,-,Y225,L226,L227,F228,M229,L230,S231,A232,I233,A234,M235,V236,S240,L241,M242,L243,T260,L261,K262,M263,G264,L265,G266,I267,F268,F269,G270,I271,W272,P273,I274,F275,P276,I277,F278,Y279,V293,S294,L295,H296,L297,I298,L299,D300,I301,A302,C303,K304,G305,S306,F307,G308,-,-,-,-,-,-,-,-,-,-,-,-,-,-,-,-,-,-,-,-,-
6KFQ,-,-,-,-,-,-,-,-,-,E2,A3,L4,W5,L6,W7,I8,G9,F10,V11,G12,M13,L14,L15,G16,T17,L18,Y19,F20,V36,I37,T38,A39,T40,I41,T42,G43,I44,A45,A46,I47,A48,Y49,L50,V51,M52,R71,Y72,I73,D74,W75,V76,I77,T78,T79,P80,L81,L82,L83,L84,D85,L86,S103,L104,I105,A106,L107,D108,V109,V110,M111,I112,L113,T114,G115,L116,W117,A118,A128,I129,L130,F131,I132,I133,S134,T135,A136,A137,F138,I139,G140,V141,L142,Y143,L144,L145,V146,I163,F164,R165,T166,L167,A168,V169,L170,T171,I172,V173,L174,W175,I176,C177,Y178,P179,I180,V181,W182,V198,F199,L200,F201,M202,V203,L204,D205,L206,L207,A208,K209,V210,-,-,-,-,-,-,-,-,-,-,-,-,-,-,-,-,-,-,-,-,-,-,-,-
HmHR_model_0,-,-,-,-,-,-,-,-,-,-,-,-,-,-,W34,V35,N36,I37,A38,L39,A40,G41,V42,V43,I44,L45,L46,F47,V64,A65,T66,M67,L68,V69,P70,L71,V72,S73,I74,S75,S76,Y77,A78,G79,L80,R108,Y109,L110,T111,W112,T113,F114,S115,T116,P117,M118,I119,L120,L121,A122,L123,T136,A137,I138,T139,M140,D141,I142,G143,M144,C145,V146,T147,G148,L149,A150,A151,W162,V163,F164,Y165,G166,I167,S168,C169,A170,F171,F172,V173,A174,V175,L176,Y177,V178,L179,L180,I195,F196,G197,T198,L199,K200,I201,L202,T203,V204,V205,L206,W207,L208,G209,Y210,P211,I212,L213,W214,S230,W231,G232,Y233,S234,G235,L236,D237,I238,L239,A240,K241,Y242,V243,F244,A245,F246,L247,-,-,-,-,-,-,-,-,-,-,-,-,-,-,-,-,-,-,-
Jaws_model_0,-,-,-,-,-,-,-,-,-,-,-,-,-,-,W34,V35,N36,I37,A38,L39,A40,G41,V42,V43,I44,L45,L46,F47,V64,A65,T66,M67,L68,V69,P70,L71,V72,S73,I74,S75,S76,Y77,A78,G79,L80,R108,Y109,L110,T111,W112,T113,F114,S115,T116,P117,M118,I119,L120,L121,A122,L123,T136,A137,I138,T139,M140,D141,I142,G143,M144,C145,V146,T147,G148,L149,A150,A151,W162,V163,F164,Y165,G166,I167,S168,C169,A170,F171,F172,V173,A174,V175,L176,Y177,V178,L179,L180,I195,F196,G197,T198,L199,R200,I201,L202,T203,V204,V205,L206,W207,L208,G209,Y210,P211,I212,L213,F214,S230,W231,G232,Y233,S234,G235,L236,D237,I238,L239,A240,K241,Y242,V243,F244,A245,F246,L247,-,-,-,-,-,-,-,-,-,-,-,-,-,-,-,-,-,-,-
VbACR2_model_0,-,-,-,-,-,-,-,-,-,-,-,-,-,-,-,-,-,-,-,-,-,-,-,-,-,-,C61,L62,I63,L64,N65,V66,Y67,V68,C69,W70,T71,S72,A73,L74,F75,A76,-,-,-,K93,Y94,V95,E96,W97,L98,L99,T100,C101,P102,V103,M104,Q105,Y106,Q107,M108,E123,A124,P125,M126,V127,T128,A129,C130,M131,L132,L133,S134,G135,M136,T137,A138,M148,A149,F150,F151,M152,V153,G154,V155,G156,F157,L158,V159,W160,L161,I162,T163,I164,I165,N166,H186,R187,I188,V189,V190,-,C191,T192,L193,V194,T195,S196,W197,F198,P199,F200,P201,L202,F203,W204,R220,L221,A222,L223,T224,I225,L226,N227,A228,S229,A230,K231,I232,G233,F234,I235,L236,F237,-,-,-,-,-,-,-,-,-,-,-,-,-,-,-,-,-,-,-
HmBRII_model_0,-,-,-,-,-,-,-,-,-,-,-,-,-,-,A19,L20,G21,T22,V23,G24,M25,L26,L27,G28,M29,V30,Y31,F32,V49,I50,T51,I52,L53,I54,A55,G56,I57,A58,A59,S60,S61,Y62,L63,S64,M65,R88,Y89,A90,D91,W92,L93,F94,T95,T96,P97,L98,L99,L100,L101,D102,I103,S116,L117,I118,T119,I120,D121,A122,F123,M124,I125,V126,T127,G128,L129,A130,A131,Y141,A142,F143,W144,T145,I146,S147,T148,I149,A150,M151,L152,F153,V154,L155,Y156,Y157,L158,V159,T176,F177,N178,V179,L180,R181,N182,I183,I184,L185,V186,A187,W188,A189,I190,Y191,P192,V193,A194,W195,T211,L212,L213,F214,M215,I216,L217,D218,L219,T220,A221,K222,I223,G224,F225,G226,F227,I228,-,-,-,-,-,-,-,-,-,-,-,-,-,-,-,-,-,-,-
4JR8,-,-,-,-,-,-,-,-,-,-,-,-,-,-,W12,L13,G14,T15,A16,G17,M18,F19,L20,G21,M22,L23,Y24,F25,I42,A43,T44,I45,L46,I47,T48,A49,I50,A51,F52,V53,N54,Y55,L56,A57,M58,R80,Y81,S82,D83,W84,L85,F86,T87,T88,P89,L90,L91,L92,Y93,D94,L95,S108,L109,V110,S111,L112,D113,V114,L115,M116,I117,G118,T119,G120,L121,V122,A123,L139,V140,W141,W142,G143,I144,S145,T146,A147,F148,L149,L150,V151,L152,L153,Y154,F155,L156,F157,T174,F175,K176,T177,L178,R179,N180,L181,V182,T183,V184,V185,W186,L187,V188,Y189,P190,V191,W192,W193,T209,A210,G211,F212,M213,V214,I215,D216,L217,V218,A219,K220,V221,G222,F223,G224,I225,I226,-,-,-,-,-,-,-,-,-,-,-,-,-,-,-,-,-,-,-
OcHeR_model_0,-,-,-,-,-,-,-,-,-,L23,R24,R25,Y26,N27,V28,V29,A30,A31,V32,V33,H34,A35,A36,Q37,A38,V39,A40,V41,L78,A79,I80,A81,T82,F83,L84,A85,L86,S87,A88,L89,F90,H91,V92,I93,V94,R115,W116,V117,E118,Y119,S120,L121,S122,S123,S124,L125,M126,I127,V128,I129,I130,G144,L145,F146,G147,V148,N149,A150,S151,M152,I153,L154,F155,G156,W157,L158,Q159,W170,L171,P172,F173,V174,F175,G176,C177,L178,A179,G180,A181,V182,P183,W184,V185,G186,I187,V188,F205,V206,Y207,G208,I209,I210,V211,S212,L213,F214,L215,F216,F217,N218,V219,F220,A221,L222,V223,Q224,E241,R242,L243,Y244,I245,T246,L247,S248,L249,V250,A251,K252,S253,-,-,-,-,-,-,-,-,-,-,-,-,-,-,-,-,-,-,-,-,-,-,-,-
CoChR_J248_refine7,-,-,-,-,-,-,-,-,-,-,-,-,-,-,W96,F97,A98,F99,G100,F101,S102,I103,L104,I105,L106,M107,F108,Y109,W120,E121,E122,V123,Y124,V125,C126,C127,V128,E129,L130,T131,K132,V133,I134,I135,E136,R159,Y160,A161,E162,W163,L164,L165,T166,C167,P168,V169,I170,L171,I172,H173,L174,R190,L191,L192,V193,S194,D195,V196,G197,T198,I199,V200,W201,G202,A203,T204,S205,V214,I215,F216,F217,V218,L219,G220,C221,I222,Y223,G224,A225,N226,T227,F228,F229,H230,A231,A232,V250,V251,R252,I253,M254,A255,W256,L257,F258,F259,L260,S261,W262,G263,M264,F265,P266,V267,L268,F269,T285,I286,G287,H288,T289,I290,I291,D292,L293,M294,S295,K296,N297,C298,W299,G300,L301,L302,-,-,-,-,-,-,-,-,-,-,-,-,-,-,-,-,-,-,-
6SU3,-,-,-,-,-,-,-,-,-,L12,Q13,N14,F15,N16,R17,I18,A19,G20,V21,F22,H23,L24,L25,Q26,M27,-,-,-,-,A68,V69,A70,L71,F72,L73,G74,L75,S76,A77,L78,F79,H80,F81,I82,V83,R104,W105,V106,E107,Y108,S109,L110,S111,S112,S113,V114,M115,I116,V117,L118,I119,A133,I134,F135,G136,V137,N138,A139,S140,M141,I142,L143,F144,G145,W146,L147,Q148,L159,L160,P161,F162,W163,F164,G165,C166,I167,A168,G169,I170,V171,P172,W173,I174,G175,L176,L177,F194,V195,Y196,G197,I198,I199,I200,S201,L202,F203,L204,L204,F205,N207,S208,F209,A210,L211,V212,Q213,E230,R231,A232,Y233,I234,V235,L236,S237,L238,V239,A240,K241,S242,S242,A243,L244,A245,-,-,-,-,-,-,-,-,-,-,-,-,-,-,-,-,-,-,-,-
8YEL,-,-,-,-,-,-,-,-,-,-,-,G37,V38,D39,W40,L41,G42,F43,L44,C45,L46,L47,G48,A49,S50,L51,A52,L53,C78,L79,S80,I81,Y82,V83,N84,L85,I86,A87,A88,I89,T90,Y91,W92,G93,R94,K113,Y114,L115,D116,Y117,I118,F119,T120,C121,P122,I123,L124,T125,L126,D127,L128,T139,Y140,S141,L142,F143,V144,G145,L146,T147,I148,A149,C150,G151,V152,F153,C154,Y163,L164,W165,F166,M167,F168,G169,C170,F171,I172,F173,A174,F175,T176,W177,I178,S179,I180,I181,P202,L203,K204,L205,S206,L207,T208,L209,Y210,F211,S212,I213,W214,C215,G216,Y217,P218,A219,L220,W221,H235,V236,T237,T238,V239,I240,M241,D242,V243,A244,A245,K246,S247,V248,Y249,-,-,-,-,-,-,-,-,-,-,-,-,-,-,-,-,-,-,-,-,-,-
6CSM,-,-,-,-,-,-,-,-,-,-,-,-,-,Q36,L37,V38,M39,A40,V41,V42,S43,A44,C45,Q46,V47,F48,F49,M50,W59,E60,A61,I62,Y63,L64,P65,T66,T67,E68,M69,I70,T71,Y72,S73,L74,A75,R94,M95,A96,S97,W98,L99,C100,T101,C102,P103,I104,M105,L106,G107,L108,V109,M125,M126,I127,A128,A129,S130,S131,I132,C133,T134,V135,F136,G137,I138,T139,A140,W150,L151,Y152,C153,F154,I155,S156,S157,I158,F159,F160,I161,F162,E163,M164,V165,V166,A167,F168,R192,L193,K194,L195,M196,R197,I198,V199,F200,Y201,V202,S203,W204,M205,A206,Y207,P208,I209,L210,W211,S227,V228,L229,Y230,L231,L232,G233,D234,A235,L236,C237,K238,N239,T240,Y241,G242,I243,-,-,-,-,-,-,-,-,-,-,-,-,-,-,-,-,-,-,-,-
S13_Bin138_Proteo_SR_model_0,-,-,-,-,-,-,-,-,-,-,-,-,-,-,-,-,-,-,-,-,-,-,-,-,-,-,-,-,Y6,M7,N8,I9,G10,V11,C12,G13,F14,S15,A16,L17,L18,H19,F20,Y21,Y22,R34,Y35,F36,Y37,W38,L39,V40,C41,T42,V43,L44,L45,V46,T47,M48,F49,Q61,L62,A63,A64,A65,D66,A67,G68,M69,I70,I71,C72,G73,F74,F75,G82,L83,V84,L85,F86,I87,I88,G89,C90,A91,L92,W93,I94,Y95,M96,V97,V98,T99,I100,F101,L105,A106,Y107,M108,-,F109,F110,F111,V112,L113,L114,A115,W116,S117,I118,Y119,P120,I121,G122,Y123,E139,F140,T141,F142,N143,L144,G145,D146,L147,V148,N149,K150,V151,I152,W153,G154,L155,-,-,-,-,-,-,-,-,-,-,-,-,-,-,-,-,-,-,-,-
1JGJ,-,-,-,-,-,-,-,-,-,-,-,-,-,F8,W9,L10,G11,A12,I13,G14,M15,L16,V17,G18,T19,L20,A21,F22,V38,T39,L40,V41,G42,I43,S44,G45,I46,A47,A48,V49,A50,Y51,A52,V53,M54,R72,Y73,I74,D75,W76,I77,L78,T79,T80,P81,L82,I83,V84,Y85,F86,L87,I100,V101,I102,T103,L104,N105,T106,V107,V108,M109,L110,A111,G112,F113,A114,G115,Y124,A125,L126,F127,G128,M129,G130,A131,V132,A133,F134,I135,G136,L137,V138,Y139,Y140,L141,V142,L159,Y160,V161,R162,L163,R164,N165,L166,T167,V168,V169,L170,W171,A172,I173,Y174,P175,F176,I177,W178,V194,A195,L196,I197,V198,Y199,L200,D201,L202,V203,T204,K205,V206,G207,F208,G209,F210,-,-,-,-,-,-,-,-,-,-,-,-,-,-,-,-,-,-,-,-
AntR_model_0,-,-,-,-,-,-,-,-,-,I5,E6,I7,V8,F9,A10,A11,G12,I13,A14,L15,F16,S17,V18,A19,A20,A21,Y22,F23,N32,S33,A34,F35,L36,V37,S38,F39,I40,T41,I42,I43,S44,Y45,I46,L47,M48,R67,W68,L69,F70,Y71,G72,L73,S74,C75,S76,L77,L78,M79,Y80,E81,I82,F95,L96,M97,F98,L99,T100,V101,I102,V103,M104,G105,T106,G107,G108,A109,A110,I119,G120,F121,F122,V123,L124,S125,S126,V127,A128,Y129,V130,L131,L132,V133,Y134,P135,L136,L137,N143,-,R144,S145,A146,V147,A148,K149,Y150,I151,L153,G154,W155,T156,G157,F158,P159,I160,A161,F162,A178,I179,L180,Y181,L182,L183,L184,D185,I186,F187,T188,K189,V190,I191,-,-,-,-,-,-,-,-,-,-,-,-,-,-,-,-,-,-,-,-,-,-,-
AaClR_model_0,-,-,-,-,-,-,-,-,-,-,-,-,V28,L29,T30,L31,G32,F33,V34,A35,H36,A37,A38,G39,L40,V41,Y42,F43,I59,M60,S61,C62,F63,I64,M65,A66,A67,A68,S69,L70,N71,L72,F73,R74,Q75,R101,Y102,F103,N104,W105,F106,I107,T108,L109,P110,L111,L112,L113,T114,Q115,P116,I133,F134,V135,V136,A137,S138,A139,V140,M141,V142,L143,T144,G145,Y146,I147,G148,W160,L161,W162,F163,I164,V165,G166,S167,I168,A169,Y170,V171,P172,L173,L174,I175,V176,L177,Y178,L195,V196,K197,G198,L199,F200,Y201,F202,Q203,V204,V205,A206,W207,T208,I209,Y210,L211,F212,A213,Y214,H230,I231,L232,Y233,T234,V235,A236,D237,I238,S239,S240,K241,F242,I243,Y244,G245,-,-,-,-,-,-,-,-,-,-,-,-,-,-,-,-,-,-,-,-,-
8WEW,-,-,-,-,-,-,-,-,-,E7,A8,T9,W10,L11,W12,I13,G14,T15,I16,G17,M18,V19,L20,G21,T22,V23,Y24,F25,I42,I43,T44,T45,L46,I47,P48,A49,I50,A51,A52,A53,A54,Y55,L56,A57,M58,R81,Y82,A83,D84,W85,L86,L87,T88,T89,P90,L91,L92,I93,I94,D95,L96,K109,L110,I111,I112,I113,D114,A115,I116,M117,I118,L119,G120,G121,L122,A123,G124,I135,V136,W137,W138,A139,V140,S141,T142,A143,A144,F145,I146,I147,L148,L149,Y150,Y151,L152,L153,V170,F171,N172,R173,L174,R175,N176,I177,T178,L179,G180,L181,W182,A183,L184,Y185,P186,I187,V188,W189,I206,M207,L208,Y209,V210,M211,L212,D213,I214,G215,T216,K217,I218,-,-,-,-,-,-,-,-,-,-,-,-,-,-,-,-,-,-,-,-,-,-,-,-
