uen,1x41,1x42,1x43,1x44,1x45,1x46,1x47,1x48,1x49,1x50,1x51,1x52,1x53,1x54,1x55,1x56,1x57,1x58,1x59,2x39,2x40,2x41,2x42,2x43,2x44,2x45,2x46,2x47,2x48,2x49,2x50,2x51,2x52,2x53,2x54,2x55,2x56,2x57,2x58,2x59,2x60,2x61,2x62,2x63,3x44,3x45,3x46,3x47,3x48,3x49,3x50,3x51,3x52,3x53,3x54,3x55,3x56,3x57,3x58,3x59,3x60,3x61,3x62,4x37,4x38,4x39,4x40,4x41,4x42,4x43,4x44,4x45,4x46,4x47,4x48,4x49,4x50,4x51,4x52,4x53,4x54,4x55,4x56,4x57,4x58,4x59,4x60,4x61,4x62,4x63,5x43,5x44,5x45,5x46,5x47,5x48,5x49,5x50,6x41,6x42,6x43,6x44,6x45,6x46,6x47,6x48,6x49,6x50,6x51,6x52,6x53,6x54,6x55,6x56,6x57,6x58,7x44,7x45,7x46,7x47,7x48,7x49,7x50,7x51
AR1,L28,W29,L30,G31,I32,G33,T34,L35,L36,M37,L38,I39,G40,T41,F42,Y43,F44,I45,V46,K54,E55,A56,R57,E58,Y59,Y60,S61,I62,T63,I64,L65,V66,P67,G68,I69,A70,S71,A72,A73,Y74,L75,S76,M77,F78,Y97,A98,R99,Y100,A101,D102,W103,L104,F105,T106,T107,P108,L109,L110,L111,L112,D113,L114,A115,R122,V123,S124,I125,G126,T127,L128,V129,G130,V131,D132,A133,L134,M135,I136,V137,T138,G139,L140,V141,G142,A143,L144,S145,H146,-,-,R151,Y152,T153,W154,W155,L156,F157,S158,A193,L194,V195,L196,V197,L198,W199,T200,A201,Y202,P203,I204,L205,W206,I207,I208,G209,T210,V227,L228,D229,V230,T231,A232,K233,V234
AR2,L21,W22,L23,G24,I25,G26,T27,L28,L29,M30,L31,I32,G33,T34,F35,Y36,F37,I38,A39,K47,E48,A49,R50,E51,Y52,Y53,A54,I55,T56,I57,L58,V59,P60,G61,I62,A63,S64,A65,A66,Y67,L68,A69,M70,F71,Y91,A92,R93,Y94,A95,D96,W97,L98,F99,T100,T101,P102,L103,L104,L105,L106,D107,L108,A109,R116,V117,T118,I119,G120,T121,L122,I123,G124,V125,D126,A127,L128,M129,I130,V131,T132,G133,L134,I135,G136,A137,L138,S139,K140,-,-,R145,Y146,T147,W148,W149,L150,F151,S152,A187,L188,V189,A190,V191,L192,W193,T194,A195,Y196,P197,I198,L199,W200,I201,V202,G203,T204,V221,L222,D223,V224,T225,A226,K227,V228
AR3,L21,W22,L23,G24,I25,G26,T27,L28,L29,M30,L31,I32,G33,T34,F35,Y36,F37,L38,V39,K47,D48,A49,R50,E51,Y52,Y53,A54,V55,T56,I57,L58,V59,P60,G61,I62,A63,S64,A65,A66,Y67,L68,S69,M70,F71,Y90,A91,R92,Y93,A94,D95,W96,L97,F98,T99,T100,P101,L102,L103,L104,L105,D106,L107,A108,R115,V116,T117,I118,G119,T120,L121,V122,G123,V124,D125,A126,L127,M128,I129,V130,T131,G132,L133,I134,G135,A136,L137,S138,H139,-,-,R144,Y145,S146,W147,W148,L149,F150,S151,A186,L187,V188,L189,V190,L191,W192,T193,A194,Y195,P196,I197,L198,W199,I200,I201,G202,T203,V220,L221,D222,V223,T224,A225,K226,V227
ASR,L6,L7,H8,W9,I10,Y11,V12,A13,G14,M15,T16,I17,G18,A19,L20,H21,F22,W23,S24,G31,V32,P33,Q34,Y35,E36,Y37,L38,V39,A40,M41,F42,I43,P44,I45,W46,S47,G48,L49,A50,Y51,M52,A53,M54,A55,Y70,A71,R72,Y73,I74,D75,W76,M77,V78,T79,T80,P81,L82,L83,L84,L85,S86,L87,S88,W99,T100,L101,I102,G103,F104,L105,M106,S107,T108,Q109,I110,V111,V112,I113,T114,S115,G116,L117,I118,A119,D120,L121,S122,E123,-,-,R128,Y129,L130,W131,Y132,I133,C134,G135,T170,Y171,F172,T173,V174,L175,W176,I177,G178,Y179,P180,I181,V182,W183,I184,I185,G186,P187,L204,L205,P206,F207,F208,S209,K210,V211
AcetR1,D19,A20,Q21,W22,V23,V24,F25,A26,V27,M28,A29,L30,A31,A32,I33,V34,F35,S36,I37,P45,L46,R47,L48,T49,Y50,Y51,V52,N53,I54,A55,I56,C57,T58,I59,A60,A61,T62,A63,Y64,Y65,A66,M67,A68,V69,Y89,A90,R91,Y92,I93,D94,W95,V96,F97,T98,T99,P100,L101,L102,L103,L104,D105,L106,V107,A114,T115,M116,I117,A118,W119,I120,M121,G122,A123,D124,I125,A126,M127,I128,A129,F130,G131,I132,I133,G134,A135,F136,T137,V138,G139,-,K142,W143,F144,Y145,F146,V147,V148,G149,I184,Y185,L186,I187,V188,L189,W190,V191,I192,Y193,P194,I195,V196,W197,G198,L199,G200,A201,I217,L218,D219,L220,L221,A222,K223,P224
BPR,V37,S38,F39,W40,L41,V42,T43,A44,G45,M46,L47,A48,A49,T50,V51,F52,F53,F54,V55,K63,W64,K65,T66,S67,L68,T69,V70,S71,G72,L73,I74,T75,G76,I77,A78,F79,W80,H81,Y82,L83,Y84,M85,R86,G87,V98,F99,R100,Y101,I102,D103,W104,L105,L106,T107,V108,P109,L110,Q111,V112,V113,E114,F115,Y116,A127,S128,L129,F130,K131,K132,L133,L134,A135,G136,S137,L138,V139,M140,L141,G142,A143,G144,F145,A146,G147,E148,A149,G150,L151,A152,P153,V154,L155,P156,A157,F158,I159,I160,G161,M197,I198,I199,V200,V201,G202,W203,A204,I205,Y206,P207,A208,G209,Y210,A211,A212,G213,Y214,L232,A233,D234,F235,V236,N237,K238,I239
BR,I24,W25,L26,A27,L28,G29,T30,A31,L32,M33,G34,L35,G36,T37,L38,Y39,F40,L41,V42,P50,D51,A52,K53,K54,F55,Y56,A57,I58,T59,T60,L61,V62,P63,A64,I65,A66,F67,T68,M69,Y70,L71,S72,M73,L74,W93,A94,R95,Y96,A97,D98,W99,L100,F101,T102,T103,P104,L105,L106,L107,L108,D109,L110,A111,Q118,G119,T120,I121,L122,A123,L124,V125,G126,A127,D128,G129,I130,M131,I132,G133,T134,G135,L136,V137,G138,A139,L140,T141,K142,-,-,R147,F148,V149,W150,W151,A152,I153,S154,N189,V190,T191,V192,V193,L194,W195,S196,A197,Y198,P199,V200,V201,W202,L203,I204,G205,S206,V223,L224,D225,V226,S227,A228,K229,V230
C1C2,I98,L99,Q100,W101,I102,T103,F104,A105,L106,S107,A108,L109,C110,L111,M112,F113,Y114,G115,Y116,C123,G124,W125,E126,E127,I128,Y129,V130,A131,T132,I133,E134,M135,I136,K137,F138,I139,I140,E141,Y142,F143,H144,E145,F146,D147,W162,L163,R164,Y165,A166,E167,W168,L169,L170,T171,C172,P173,V174,I175,L176,I177,H178,L179,S180,N190,K191,R192,T193,M194,G195,L196,L197,V198,S199,D200,I201,G202,T203,I204,V205,W206,G207,T208,T209,A210,A211,L212,S213,K214,G215,-,R218,V219,I220,F221,F222,L223,M224,G225,W261,L262,F263,F264,V265,S266,W267,G268,M269,F270,P271,I272,L273,F274,I275,L276,G277,P278,I295,I296,D297,L298,M299,S300,K301,N302
C1V1,I98,L99,Q100,W101,I102,T103,F104,A105,L106,S107,A108,L109,C110,L111,M112,F113,Y114,G115,Y116,C123,G124,W125,E126,E127,I128,Y129,V130,A131,T132,I133,E134,M135,I136,K137,F138,I139,I140,E141,Y142,F143,H144,E145,F146,D147,W162,L163,R164,Y165,A166,E167,W168,L169,L170,T171,C172,P173,V174,L175,L176,I177,H178,L179,S180,S190,K191,R192,T193,M194,G195,L196,L197,V198,S199,D200,V201,G202,C203,I204,V205,W206,G207,A208,T209,S210,A211,M212,C213,T214,G215,-,K218,I219,L220,F221,F222,L223,I224,S225,W261,T262,F263,F264,V265,A266,W267,G268,M269,F270,P271,V272,L273,F274,L275,L276,G277,T278,I295,L296,D297,L298,I299,A300,K301,N302
ChEF,I99,L100,Q101,W102,I103,T104,F105,A106,L107,S108,A109,L110,C111,L112,M113,F114,Y115,G116,Y117,C124,G125,W126,E127,E128,I129,Y130,V131,A132,T133,I134,E135,M136,I137,K138,F139,I140,I141,E142,Y143,F144,H145,E146,F147,D148,W163,L164,R165,Y166,A167,E168,W169,L170,L171,T172,C173,P174,V175,I176,L177,I178,H179,L180,S181,N191,K192,R193,T194,M195,G196,L197,L198,V199,S200,D201,I202,G203,T204,I205,V206,W207,G208,T209,T210,A211,A212,L213,S214,K215,G216,-,R219,V220,I221,F222,F223,L224,M225,G226,W262,L263,F264,F265,V266,S267,W268,G269,M270,F271,P272,I273,L274,F275,I276,L277,G278,P279,I296,I297,D298,L299,M300,S301,K302,N303
ChlEF,I99,L100,Q101,W102,I103,T104,F105,A106,L107,S108,A109,L110,C111,L112,M113,F114,Y115,G116,Y117,C124,G125,W126,E127,E128,I129,Y130,V131,A132,T133,I134,E135,M136,I137,K138,F139,I140,I141,E142,Y143,F144,H145,E146,F147,D148,W163,L164,R165,Y166,A167,E168,W169,L170,L171,T172,C173,P174,V175,V176,L177,I178,H179,L180,S181,N191,K192,R193,T194,M195,G196,L197,L198,V199,S200,D201,I202,G203,T204,I205,V206,W207,G208,T209,T210,A211,A212,L213,S214,K215,G216,-,R219,V220,I221,F222,F223,L224,M225,G226,W262,L263,F264,F265,V266,S267,W268,G269,M270,F271,P272,I273,L274,F275,I276,L277,G278,P279,I296,I297,D298,L299,M300,S301,K302,N303
Chrimson,V101,C102,Q103,W104,I105,A106,F107,S108,I109,A110,I111,A112,L113,L114,T115,F116,Y117,G118,F119,C126,G127,W128,E129,E130,V131,Y132,V133,C134,C135,V136,E137,V138,L139,F140,V141,T142,L143,E144,I145,F146,K147,E148,F149,S150,C165,L166,R167,Y168,F169,E170,W171,L172,L173,S174,C175,P176,V177,I178,L179,I180,K181,L182,S183,S193,K194,R195,T196,M197,G198,L199,I200,V201,S202,C203,V204,G205,M206,I207,V208,F209,G210,M211,A212,A213,G214,L215,A216,T217,D218,-,K221,W222,L223,L224,Y225,I226,V227,S228,Y264,A265,Y266,F267,A268,S269,W270,G271,S272,Y273,P274,I275,L276,W277,A278,V279,G280,P281,I298,C299,D300,I301,I302,A303,K304,E305
Chronos,G76,L77,Q78,W79,F80,T81,V82,I83,V84,A85,I86,V87,Q88,L89,I90,F91,Y92,G93,W94,T101,G102,W103,E104,E105,V106,Y107,V108,C109,V110,I111,E112,L113,V114,K115,C116,F117,I118,E119,L120,F121,H122,E123,V124,D125,W140,L141,R142,Y143,S144,M145,W146,L147,L148,T149,C150,P151,V152,I153,L154,I155,H156,L157,S158,S168,K169,R170,T171,M172,T173,I174,L175,V176,T177,D178,I179,G180,N181,I182,V183,W184,G185,I186,T187,A188,A189,F190,T191,K192,G193,-,K196,I197,L198,F199,F200,M201,I202,G203,Y239,V240,F241,F242,C243,S244,W245,L246,M247,F248,P249,V250,M251,F252,I253,A254,G255,H256,I273,L274,D275,L276,I277,S278,K279,N280
CrChR2,V59,L60,Q61,W62,L63,A64,A65,G66,F67,S68,I69,L70,L71,L72,M73,F74,Y75,A76,Y77,C84,G85,W86,E87,E88,I89,Y90,V91,C92,A93,I94,E95,M96,V97,K98,V99,I100,L101,E102,F103,F104,F105,E106,F107,K108,W123,L124,R125,Y126,A127,E128,W129,L130,L131,T132,C133,P134,V135,I136,L137,I138,H139,L140,S141,S151,R152,R153,T154,M155,G156,L157,L158,V159,S160,D161,I162,G163,T164,I165,V166,W167,G168,A169,T170,S171,A172,M173,A174,T175,G176,-,K179,V180,I181,F182,F183,C184,L185,G186,W222,L223,F224,F225,V226,S227,W228,G229,M230,F231,P232,I233,L234,F235,I236,L237,G238,P239,I256,I257,D258,L259,M260,S261,K262,-
DChR1,V114,W115,A116,Y117,I118,V119,F120,A121,I122,C123,I124,V125,Q126,L127,V128,Y129,F130,M131,F132,V139,G140,W141,E142,E143,V144,Y145,V146,N147,I148,I149,E150,L151,V152,H153,I154,A155,L156,V157,I158,W159,V160,E161,F162,D163,W178,L179,R180,Y181,S182,A183,W184,L185,L186,S187,C188,P189,V190,I191,L192,I193,H194,L195,S196,S206,K207,R208,T209,M210,G211,L212,L213,V214,S215,D216,I217,G218,T219,I220,V221,F222,G223,T224,S225,A226,A227,L228,A229,P230,P231,N232,K235,V236,I237,L238,F239,T240,I241,G242,W278,T279,Y280,F281,V282,S283,W284,A285,M286,F287,P288,I289,L290,F291,I292,L293,G294,R295,I312,L313,E314,I315,F316,S317,K318,N319
ESR,Y13,M14,F15,W16,V17,G18,F19,V20,G21,M22,A23,A24,G25,T26,L27,Y28,F29,L30,V31,E39,Y40,R41,S42,T43,A44,T45,V46,A47,A48,L49,V50,T51,F52,V53,A54,A55,I56,H57,Y58,Y59,F60,M61,K62,D63,E80,I81,R82,Y83,I84,D85,W86,L87,V88,T89,T90,P91,L92,L93,L94,V95,K96,F97,P98,R109,P110,L111,L112,T113,K114,L115,V116,I117,A118,D119,V120,I121,M122,I123,V124,G125,G126,Y127,I128,G129,E130,S131,S132,I133,N134,I135,G143,L144,W145,S146,Y147,L148,I149,G150,L185,F186,I187,L188,I189,G190,W191,A192,I193,Y194,P195,I196,G197,Y198,A199,V200,T201,L202,F219,A220,D221,L222,T223,N224,K225,V226
FR,L35,I36,L37,M38,V39,S40,Y41,G42,A43,H44,F45,A46,F47,V48,L49,Y50,F51,L52,M53,R61,Y62,R63,I64,V65,P66,I67,M68,S69,A70,I71,V72,M73,V74,S75,A76,G77,L78,S79,L80,L81,R82,E83,F84,N85,A110,Y111,R112,Y113,G114,N115,W116,T117,I118,T119,V120,P121,I122,L123,L124,T125,Q126,L127,P128,H139,V140,R141,A142,A143,R144,M145,C146,I147,P148,A149,L150,L151,M152,I153,W154,T155,G156,L157,V158,G159,Q160,F161,G162,E163,T164,G165,L170,N171,V172,W173,G174,V175,I176,S177,W212,F213,F214,L215,A216,F217,W218,G219,L220,Y221,P222,I223,A224,Y225,A226,L227,P228,Q229,I246,A247,D248,V249,F250,S251,K252,L253
GPR,V36,S37,F38,W39,L40,V41,T42,A43,A44,L45,L46,A47,S48,T49,V50,F51,F52,F53,V54,K62,W63,K64,T65,S66,L67,T68,V69,S70,G71,L72,V73,T74,G75,I76,A77,F78,W79,H80,Y81,M82,Y83,M84,R85,G86,V97,F98,R99,Y100,I101,D102,W103,L104,L105,T106,V107,P108,L109,L110,I111,C112,E113,F114,Y115,G126,S127,L128,F129,K130,K131,L132,L133,V134,G135,S136,L137,V138,M139,L140,V141,F142,G143,Y144,M145,G146,E147,A148,G149,I150,M151,-,A153,W154,P155,A156,F157,I158,I159,G160,Y196,I197,I198,I199,F200,G201,W202,A203,I204,Y205,P206,V207,G208,Y209,F210,T211,G212,Y213,L230,A231,D232,F233,V234,N235,K236,I237
GR,N48,A49,F50,S51,F52,A53,I54,A55,A56,M57,F58,A59,S60,A61,L62,F63,F64,F65,S66,R74,Y75,R76,L77,A78,L79,L80,V81,S82,A83,I84,V85,V86,S87,I88,A89,G90,Y91,H92,Y93,F94,R95,I96,F97,N98,A121,Y122,R123,Y124,V125,D126,W127,L128,L129,T130,V131,P132,L133,L134,L135,V136,E137,T138,V139,R150,P151,L152,L153,I154,K155,L156,T157,V158,A159,S160,V161,L162,M163,I164,A165,T166,G167,Y168,P169,G170,E171,I172,S173,D174,D175,I176,R179,I180,I181,W182,G183,T184,V185,S186,W221,L222,L223,L224,L225,S226,W227,G228,V229,Y230,P231,I232,A233,Y234,L235,L236,P237,M238,I256,A257,D258,V259,L260,A261,K262,P263
GlNaR,H96,I97,L98,T99,L100,G101,Y102,A103,V104,M105,L106,A107,G108,L109,L110,Y111,F112,I113,L114,K122,Y123,Q124,M125,S126,N127,I128,L129,S130,A131,V132,V133,M134,V135,S136,A137,F138,L139,L140,L141,Y142,A143,Q144,A145,E146,G173,Y174,R175,Y176,L177,N178,W179,L180,I181,D182,V183,P184,M185,L186,L187,F188,Q189,I190,L191,S202,S203,I204,R205,N206,Q207,F208,W209,F210,S211,G212,A213,M214,M215,I216,I217,T218,G219,Y220,I221,G222,Q223,F224,Y225,E226,V227,S228,F233,F234,V235,W236,G237,A238,I239,S240,V275,L276,F277,L278,V279,S280,W281,F282,L283,Y284,P285,G286,A287,Y288,L289,M290,P291,Y292,I315,A316,D317,V318,C319,S320,K321,V322
GtACR1,G36,I37,K38,Y39,V40,Q41,L42,V43,M44,A45,V46,V47,S48,A49,C50,Q51,V52,F53,F54,V62,P63,W64,E65,A66,I67,Y68,L69,P70,T71,T72,E73,M74,I75,T76,Y77,S78,L79,A80,F81,T82,G83,N84,G85,Y86,W97,A98,R99,M100,A101,S102,W103,L104,C105,T106,C107,P108,I109,M110,L111,G112,L113,V114,S115,I125,P126,L127,N128,P129,M130,M131,I132,A133,A134,S135,S136,I137,C138,T139,V140,F141,G142,I143,T144,A145,S146,V147,V148,L149,D150,P151,V154,W155,L156,Y157,C158,F159,I160,S161,I203,V204,F205,Y206,V207,S208,W209,M210,A211,Y212,P213,I214,L215,W216,S217,F218,S219,S220,L237,G238,D239,A240,L241,C242,K243,N244
GtACR2,F32,V33,S34,L35,L36,Q37,L38,V39,W40,A41,V42,V43,S44,G45,C46,Q47,T48,I49,F50,V58,P59,W60,E61,S62,V63,Y64,L65,P66,F67,V68,E69,S70,I71,T72,Y73,A74,L75,A76,S77,T78,G79,N80,G81,T82,W93,S94,R95,M96,A97,S98,W99,L100,C101,T102,C103,P104,I105,M106,L107,G108,Q109,I110,S111,I121,P122,L123,N124,P125,I126,A127,Q128,A129,A130,S131,I132,I133,R134,V135,V136,M137,G138,I139,T140,A141,T142,I143,S144,P145,A146,E147,K150,W151,L152,F153,F154,F155,F156,G157,L199,I200,F201,F202,I203,A204,W205,T206,M207,F208,P209,I210,V211,W212,L213,I214,S215,P216,L233,A234,D235,G236,L237,C238,K239,N240
HmBRI,I9,W10,L11,W12,L13,G14,T15,A16,G17,M18,F19,L20,G21,M22,L23,Y24,F25,I26,A27,G35,R36,R37,Q38,K39,F40,Y41,I42,A43,T44,I45,L46,I47,T48,A49,I50,A51,F52,V53,N54,Y55,L56,A57,M58,A59,W78,A79,R80,Y81,T82,D83,W84,L85,F86,T87,T88,P89,L90,L91,L92,Y93,D94,L95,G96,R103,N104,T105,I106,Y107,S108,L109,V110,S111,L112,D113,V114,L115,M116,I117,G118,T119,G120,V121,V122,A123,T124,L125,S126,A127,G128,S129,R138,L139,V140,W141,W142,G143,I144,S145,N180,L181,V182,T183,V184,V185,W186,L187,V188,Y189,P190,V191,W192,W193,L194,V195,G196,S197,V214,I215,D216,L217,V218,A219,K220,V221
HmBRII,I16,W17,L18,A19,L20,G21,T22,V23,G24,M25,L26,L27,G28,M29,V30,Y31,F32,M33,A34,P42,E43,Q44,E45,E46,F47,Y48,V49,I50,T51,I52,L53,I54,A55,G56,I57,A58,A59,S60,S61,Y62,L63,S64,M65,F66,W86,A87,R88,Y89,A90,D91,W92,L93,F94,T95,T96,P97,L98,L99,L100,L101,D102,I103,G104,N111,R112,D113,M114,A115,S116,L117,I118,T119,I120,D121,A122,F123,M124,I125,V126,T127,G128,L129,A130,A131,T132,L133,M134,K135,-,-,R140,Y141,A142,F143,W144,T145,I146,S147,N182,I183,I184,L185,V186,A187,W188,A189,I190,Y191,P192,V193,A194,W195,L196,V197,G198,T199,I216,L217,D218,L219,T220,A221,K222,I223
HmHR,S31,S32,I33,W34,V35,N36,I37,A38,L39,A40,G41,V42,V43,I44,L45,L46,F47,V48,A49,P57,R58,A59,K60,L61,I62,W63,V64,A65,T66,M67,L68,V69,P70,L71,V72,S73,I74,S75,S76,Y77,A78,G79,L80,A81,W106,G107,R108,Y109,L110,T111,W112,T113,F114,S115,T116,P117,M118,I119,L120,L121,A122,L123,G124,I131,A132,S133,L134,F135,T136,A137,I138,T139,M140,D141,I142,G143,M144,C145,V146,T147,G148,L149,A150,A151,A152,L153,I154,T155,S156,S157,R161,W162,V163,F164,Y165,G166,I167,S168,I201,L202,T203,V204,V205,L206,W207,L208,G209,Y210,P211,I212,L213,W214,A215,L216,G217,S218,G235,L236,D237,I238,L239,A240,K241,Y242
HmSRI,V6,V7,Y8,G9,I10,T11,A12,A13,G14,F15,A16,V17,G18,V19,A20,I21,V22,G23,F24,S32,D33,E34,R35,P36,I37,L38,A39,A40,L41,A42,L43,I44,P45,G46,V47,A48,G49,I50,S51,Y52,V53,A54,M55,V56,G71,F72,R73,Y74,L75,D76,W77,V78,V79,T80,T81,P82,L83,L84,V85,G86,F87,I88,G89,R96,R97,A98,I99,F100,G101,V102,M103,A104,A105,D106,A107,L108,M109,I110,L111,A112,G113,V114,G115,A116,V117,V118,A119,A120,-,-,K124,W125,A126,L127,F128,G129,V130,S131,N165,H166,V167,G168,L169,L170,W171,I172,A173,Y174,P175,L176,V177,W178,L179,A180,G181,P182,F199,L200,D201,L202,L203,A204,K205,V206
HmSRII,T6,W7,F8,T9,L10,G11,L12,L13,G14,E15,L16,L17,G18,T19,A20,V21,L22,A23,Y24,E31,E32,T33,R34,K35,R36,Y37,L38,L39,L40,I41,A42,I43,P44,G45,I46,A47,I48,V49,A50,Y51,A52,L53,M54,A55,V70,V71,R72,Y73,V74,D75,W76,L77,L78,T79,T80,P81,L82,N83,V84,W85,F86,L87,A88,R95,E96,D97,T98,V99,K100,L101,V102,V103,L104,Q105,A106,L107,T108,I109,V110,F111,G112,F113,A114,G115,A116,V117,T118,P119,-,-,S123,Y124,A125,L126,F127,A128,V129,G130,N166,F167,V168,V169,V170,L171,W172,L173,V174,Y175,P176,V177,V178,W179,L180,L181,G182,A183,Y200,L201,D202,V203,V204,T205,K206,V207
HmSRIII,V6,W7,Y8,G9,A10,G11,A12,G13,A14,F15,F16,V17,S18,A19,V20,V21,F22,V23,W24,I32,R33,S34,S35,F36,Y37,Y38,L39,P40,P41,I42,H43,T44,S45,V46,A47,G48,A49,A50,Y51,V52,A53,M54,A55,L56,T70,L71,R72,F73,A74,D75,W76,I77,V78,S79,T80,P81,I82,I83,T84,Y85,Y86,L87,A88,T95,Q96,T97,R98,R99,L100,A101,V102,A103,A104,N105,V106,V107,M108,I109,G110,V111,G112,Y113,G114,F115,V116,S117,M118,S119,G120,-,R123,W124,I125,A126,F127,A128,V129,S130,D165,L166,T167,V168,V169,T170,W171,S172,L173,Y174,P175,V176,V177,Y178,F179,L180,G181,P182,V199,L200,D201,T202,I203,A204,K205,V206
HsHR,S31,S32,L33,W34,V35,N36,V37,A38,L39,A40,G41,I42,A43,I44,L45,V46,F47,V48,Y49,G57,R58,P59,R60,L61,I62,W63,G64,A65,T66,L67,M68,I69,P70,L71,V72,S73,I74,S75,S76,Y77,L78,G79,L80,L81,W106,G107,R108,Y109,L110,T111,W112,A113,L114,S115,T116,P117,M118,I119,L120,L121,A122,L123,G124,L131,G132,S133,L134,F135,T136,V137,I138,A139,A140,D141,I142,G143,M144,C145,V146,T147,G148,L149,A150,A151,A152,M153,T154,T155,S156,A157,R161,W162,A163,F164,Y165,A166,I167,S168,V201,L202,T203,V204,V205,L206,W207,L208,G209,Y210,P211,I212,V213,W214,A215,V216,G217,V218,V236,L237,D238,V239,F240,A241,K242,Y243
HsSRI,T6,A7,Y8,L9,G10,G11,A12,V13,A14,L15,I16,V17,G18,V19,A20,F21,V22,W23,L24,S32,P33,H34,Q35,S36,A37,L38,A39,P40,L41,A42,I43,I44,P45,V46,F47,A48,G49,L50,S51,Y52,V53,G54,M55,A56,G71,L72,R73,Y74,I75,D76,W77,L78,V79,T80,T81,P82,I83,L84,V85,G86,Y87,V88,G89,R96,R97,S98,I99,I100,G101,V102,M103,V104,A105,D106,A107,L108,M109,I110,A111,V112,G113,A114,G115,A116,V117,V118,T119,D120,-,-,K124,W125,A126,L127,F128,G129,V130,S131,N165,H166,I167,G168,L169,L170,W171,L172,A173,Y174,P175,L176,V177,W178,L179,F180,G181,P182,F199,L200,D201,V202,L203,A204,K205,V206
HtdR,E6,M7,Y8,R9,L10,G11,F12,Y13,V14,T15,A16,V17,A18,T19,L20,V21,F22,L23,G24,G32,T33,R34,R35,Y36,Y37,L38,P39,A40,P41,I42,V43,C44,G45,T46,L47,S48,L49,A50,Y51,F52,G53,M54,S55,V56,M71,T72,R73,Y74,I75,D76,Y77,F78,V79,A80,T81,A82,I83,M84,V85,A86,V87,A88,G89,R96,R97,Q98,L99,I100,A101,I102,V103,V104,L105,T106,V107,G108,W109,V110,G111,I112,S113,L114,G115,R116,Y117,F118,L119,T120,G121,-,T123,V124,L125,A126,A127,T128,L129,G130,N166,L167,L168,I169,L170,L171,W172,V173,A174,Y175,L176,V177,V178,G179,V180,V181,S182,R183,Y200,L201,D202,I203,A204,T205,R206,I207
HwBR,I18,W19,L20,A21,L22,G23,T24,I25,G26,M27,L28,L29,G30,M31,L32,Y33,F34,I35,A36,P44,R45,Q46,K47,E48,F49,Y50,V51,I52,T53,I54,L55,I56,P57,A58,I59,A60,A61,A62,S63,Y64,L65,S66,M67,F68,W88,A89,R90,Y91,A92,D93,W94,L95,F96,T97,T98,P99,L100,L101,L102,L103,D104,I105,G106,Q113,R114,D115,I116,G117,A118,L119,V120,G121,I122,D123,A124,F125,M126,I127,V128,T129,G130,L131,V132,A133,T134,L135,T136,K137,-,-,R142,Y143,A144,F145,W146,T147,I148,S149,N184,I185,I186,L187,V188,T189,W190,A191,I192,Y193,P194,V195,A196,W197,L198,V199,G200,T201,V218,L219,D220,L221,V222,A223,K224,V225
HxAR,L21,W22,L23,G24,I25,G26,T27,L28,L29,M30,L31,I32,G33,T34,F35,Y36,F37,I38,V39,K47,E48,A49,R50,E51,Y52,Y53,S54,I55,T56,I57,L58,V59,P60,G61,I62,A63,S64,A65,A66,Y67,L68,S69,M70,F71,Y90,A91,R92,Y93,A94,D95,W96,L97,F98,T99,T100,P101,L102,L103,L104,L105,D106,L107,A108,R115,V116,S117,I118,G119,T120,L121,V122,G123,V124,D125,A126,L127,M128,I129,V130,T131,G132,L133,I134,G135,A136,L137,S138,H139,-,-,R144,Y145,T146,W147,W148,L149,F150,S151,A186,L187,V188,L189,V190,L191,W192,T193,A194,Y195,P196,I197,L198,W199,I200,V201,G202,T203,V220,L221,D222,V223,T224,A225,K226,V227
IaNaR,H34,V35,L36,T37,L38,G39,Y40,A41,V42,M43,L44,A45,G46,L47,F48,Y49,F50,V51,L52,R60,F61,R62,T63,S64,S65,V66,L67,S68,V69,V70,V71,M72,V73,S74,A75,F76,L77,L78,L79,Y80,V81,Q82,A83,S84,G111,Y112,R113,Y114,L115,N116,W117,L118,I119,D120,V121,P122,M123,L124,L125,F126,Q127,I128,L129,S140,S141,I142,R143,N144,Q145,F146,W147,I148,S149,G150,T151,G152,M153,I154,V155,T156,G157,Y158,I159,G160,Q161,F162,Y163,E164,V165,T166,F171,A172,I173,W174,G175,A176,I177,S178,V213,L214,F215,L216,V217,S218,W219,M220,L221,Y222,P223,G224,A225,Y226,L227,M228,P229,H230,I253,A254,D255,V256,S257,S258,K259,V260
IaR1,I23,T24,F25,F26,I27,G28,Y29,M30,A31,M32,F33,A34,S35,A36,V37,F38,F39,F40,V41,K49,W50,K51,T52,S53,L54,L55,V56,S57,G58,L59,I60,T61,G62,I63,A64,A65,V66,H67,Y68,Y69,Y70,M71,R72,D73,A84,F85,R86,Y87,V88,D89,W90,T91,L92,T93,V94,P95,L96,M97,C98,V99,E100,F101,Y102,T112,G113,T114,L115,T116,K117,L118,I119,L120,A121,S122,L123,L124,M125,L126,I127,T128,G129,Y130,I131,G132,E133,T134,S135,G136,I137,D138,N140,I141,F142,W143,G144,V145,A146,S147,I184,F185,I186,T187,L188,G189,W190,S191,I192,Y193,P194,I195,G196,Y197,M198,V199,L200,P201,L220,A221,D222,A223,I224,N225,K226,I227
KR1,F22,T23,F24,F25,V26,G27,A28,M29,A30,M31,M32,A33,A34,S35,A36,F37,F38,F39,L40,K48,W49,R50,T51,S52,V53,L54,V55,S56,G57,L58,I59,T60,F61,I62,A63,A64,V65,H66,Y67,W68,Y69,M70,R71,D72,F83,F84,R85,Y86,V87,D88,W89,V90,L91,T92,V93,P94,L95,M96,C97,V98,E99,F100,Y101,P111,A112,L113,M114,W115,K116,L117,I118,L119,F120,S121,V122,I123,M124,L125,V126,T127,G128,Y129,F130,G131,E132,A133,V134,F135,Q136,D137,A139,A140,L141,W142,G143,A144,I145,S146,W182,F183,V184,L185,V186,G187,W188,A189,I190,Y191,P192,L193,G194,Y195,M196,L197,G198,T199,I218,A219,D220,A221,I222,N223,K224,I225
KR2,H35,I36,L37,T38,L39,G40,Y41,A42,V43,M44,L45,A46,G47,L48,L49,Y50,F51,I52,L53,K61,F62,Q63,M64,S65,N66,I67,L68,S69,A70,V71,V72,M73,V74,S75,A76,F77,L78,L79,L80,Y81,A82,Q83,A84,Q85,G112,Y113,R114,Y115,L116,N117,W118,L119,I120,D121,V122,P123,M124,L125,L126,F127,Q128,I129,L130,S141,S142,V143,R144,N145,Q146,F147,W148,F149,S150,G151,A152,M153,M154,I155,I156,T157,G158,Y159,I160,G161,Q162,F163,Y164,E165,V166,S167,F172,L173,V174,W175,G176,A177,I178,S179,I214,L215,F216,L217,I218,S219,W220,T221,L222,Y223,P224,G225,A226,Y227,L228,M229,P230,Y231,I254,A255,D256,V257,S258,S259,K260,V261
LR,K58,T59,L60,W61,V62,V63,F64,V65,L66,M67,L68,I69,A70,S71,A72,A73,F74,T75,A76,V83,N84,R85,R86,L87,Y88,H89,V90,I91,T92,T93,I94,I95,T96,L97,T98,A99,A100,L101,S102,Y103,F104,A105,M106,A107,Y139,A140,R141,Y142,I143,D144,W145,A146,I147,T148,T149,P150,L151,L152,L153,L154,D155,L156,G157,G164,A165,H166,I167,F168,M169,A170,I171,V172,A173,D174,L175,I176,M177,V178,L179,T180,G181,L182,F183,A184,A185,F186,G187,S188,E189,G190,K194,W195,G196,W197,Y198,T199,I200,A201,A236,Y237,T238,L239,I240,L241,W242,T243,A244,Y245,P246,I247,V248,W249,G250,L251,A252,D253,V269,L270,D271,V272,L273,A274,K275,G276
MR,T9,W10,L11,W12,I13,G14,T15,I16,G17,M18,V19,L20,G21,T22,V23,Y24,F25,A26,V27,P35,E36,Q37,Q38,T39,Y40,Y41,I42,I43,T44,T45,L46,I47,P48,A49,I50,A51,A52,A53,A54,Y55,L56,A57,M58,A59,W79,A80,R81,Y82,A83,D84,W85,L86,L87,T88,T89,P90,L91,L92,I93,I94,D95,L96,A97,K104,Q105,T106,L107,Y108,K109,L110,I111,I112,I113,D114,A115,I116,M117,I118,L119,G120,G121,L122,A123,G124,S125,M126,M127,Q128,Q129,G130,R134,I135,V136,W137,W138,A139,V140,S141,N176,I177,T178,L179,G180,L181,W182,A183,L184,Y185,P186,I187,V188,W189,I190,L191,G192,T193,M211,L212,D213,I214,G215,T216,K217,I218
NR,R50,T51,L52,W53,V54,T55,F56,A57,L58,M59,V60,L61,S62,S63,G64,I65,F66,A67,L68,T75,S76,K77,R78,L79,F80,H81,V82,I83,T84,T85,L86,I87,T88,V89,V90,A91,S92,L93,S94,Y95,F96,A97,M98,A99,W131,G132,R133,Y134,V135,D136,W137,A138,L139,T140,T141,P142,L143,L144,L145,L146,E147,L148,C149,G156,A157,H158,T159,L160,M161,A162,I163,V164,A165,D166,V167,I168,M169,V170,L171,C172,G173,L174,F175,A176,A177,L178,G179,E180,G181,G182,K187,W188,G189,W190,Y191,T192,I193,G194,V229,F230,A231,L232,L233,L234,W235,T236,A237,Y238,P239,I240,I241,W242,G243,I244,A245,G246,V262,L263,D264,L265,L266,A267,K268,P269
NdR1,F21,T22,F23,F24,I25,G26,S27,M28,A29,M30,M31,A32,A33,S34,A35,F36,F37,F38,L39,K47,W48,R49,T50,S51,V52,L53,V54,S55,G56,L57,I58,T59,F60,I61,A62,A63,V64,H65,Y66,F67,Y68,M69,R70,D71,F82,F83,R84,Y85,V86,D87,W88,T89,L90,T91,V92,P93,L94,M95,C96,V97,E98,F99,Y100,L110,G111,L112,M113,W114,K115,L116,I117,F118,W119,S120,V121,V122,M123,L124,V125,T126,G127,Y128,F129,G130,E131,V132,I133,A134,L135,G136,Q141,W142,V143,W144,G145,L146,V147,S148,W184,F185,V186,L187,V188,G189,W190,A191,I192,Y193,P194,L195,G196,Y197,I198,L199,G200,T201,I227,G228,D229,A230,I231,N232,K233,I234
NdR2,H35,V36,L37,T38,L39,G40,Y41,A42,V43,M44,F45,A46,G47,L48,L49,Y50,F51,I52,L53,K61,Y62,R63,M64,S65,N66,I67,L68,S69,A70,V71,V72,M73,V74,S75,A76,A77,L78,L79,L80,Y81,A82,Q83,A84,G85,G112,Y113,R114,Y115,L116,N117,W118,L119,I120,D121,V122,P123,M124,L125,L126,F127,Q128,I129,L130,S141,S142,V143,R144,N145,Q146,F147,W148,F149,S150,G151,A152,M153,M154,I155,I156,T157,G158,Y159,I160,G161,Q162,Y163,Y164,E165,V166,T167,F172,F173,I174,W175,G176,A177,I178,S179,I214,L215,F216,L217,V218,S219,W220,F221,L222,Y223,P224,G225,A226,Y227,L228,M229,P230,H231,I254,A255,D256,V257,C258,S259,K260,V261
NmClR,H25,L26,L27,T28,M29,G30,V31,G32,V33,H34,F35,A36,A37,L38,I39,F40,F41,L42,V43,K51,Y52,R53,I54,A55,T56,A57,L58,S59,C60,I61,V62,M63,V64,S65,A66,G67,L68,I69,L70,N71,S72,Q73,A74,V75,G98,Y99,R100,Y101,V102,N103,W104,M105,A106,T107,I108,P109,C110,L111,L112,L113,Q114,L115,L116,F127,S128,T129,A130,T131,W132,L133,I134,L135,A136,A137,W138,G139,M140,I141,I142,T143,G144,Y145,V146,G147,Q148,L149,Y150,E151,V152,D153,L158,M159,I160,W161,G162,A163,V164,S165,W200,L201,M202,M203,F204,A205,W206,T207,L208,Y209,P210,I211,A212,Y213,L214,V215,P216,A217,I234,A235,D236,I237,S238,S239,K240,V241
NmNaR,H34,V35,L36,T37,L38,G39,Y40,A41,V42,M43,L44,A45,G46,L47,L48,Y49,F50,I51,L52,R60,F61,Q62,M63,S64,N65,I66,L67,S68,A69,V70,V71,M72,V73,S74,A75,F76,L77,L78,L79,Y80,A81,Q82,A83,G84,G111,Y112,R113,Y114,L115,N116,W117,L118,I119,D120,V121,P122,M123,L124,L125,F126,Q127,I128,L129,S140,S141,I142,R143,N144,Q145,F146,W147,F148,S149,G150,T151,M152,M153,I154,I155,T156,G157,Y158,I159,G160,Q161,F162,Y163,E164,V165,S166,F171,L172,I173,W174,G175,A176,I177,S178,I213,L214,F215,L216,I217,S218,W219,F220,L221,Y222,P223,G224,A225,Y226,L227,M228,P229,Y230,I253,A254,D255,V256,C257,S258,K259,V260
NmPR,F21,T22,F23,F24,V25,G26,C27,M28,A29,M30,M31,A32,A33,S34,A35,F36,F37,F38,L39,K47,W48,R49,T50,S51,I52,L53,V54,S55,G56,L57,I58,T59,F60,I61,A62,A63,V64,H65,Y66,W67,Y68,M69,R70,D71,F82,F83,R84,Y85,V86,D87,W88,V89,L90,T91,V92,P93,L94,M95,C96,V97,E98,F99,Y100,K110,S111,L112,M113,W114,K115,L116,I117,F118,L119,S120,V121,V122,M123,L124,V125,T126,G127,Y128,F129,G130,E131,A132,V133,D134,R135,G136,A138,W139,L140,W141,G142,L143,F144,S145,W181,F182,V183,L184,V185,G186,W187,A188,I189,Y190,P191,I192,G193,Y194,M195,A196,G197,T198,I217,G218,D219,A220,I221,N222,K223,I224
NpHR,S41,S42,L43,Y44,I45,N46,I47,A48,L49,A50,G51,L52,S53,I54,L55,L56,F57,V58,F59,P67,R68,A69,K70,L71,I72,A73,V74,S75,T76,I77,L78,V79,P80,V81,V82,S83,I84,A85,S86,Y87,T88,G89,L90,A91,W126,G127,R128,Y129,L130,T131,W132,A133,L134,S135,T136,P137,M138,I139,L140,L141,A142,L143,G144,A151,T152,K153,L154,F155,T156,A157,I158,T159,F160,D161,I162,A163,M164,C165,V166,T167,G168,L169,A170,A171,A172,L173,T174,T175,S176,S177,R181,W182,F183,W184,Y185,A186,I187,S188,L221,L222,T223,V224,V225,M226,W227,L228,G229,Y230,P231,I232,V233,W234,A235,L236,G237,V238,F255,L256,D257,I258,V259,A260,K261,Y262
NpSRII,T6,L7,F8,W9,L10,G11,A12,I13,G14,M15,L16,V17,G18,T19,L20,A21,F22,A23,W24,S31,G32,E33,R34,R35,Y36,Y37,V38,T39,L40,V41,G42,I43,S44,G45,I46,A47,A48,V49,A50,Y51,A52,V53,M54,A55,V70,P71,R72,Y73,I74,D75,W76,I77,L78,T79,T80,P81,L82,I83,V84,Y85,F86,L87,G88,S95,R96,E97,F98,G99,I100,V101,I102,T103,L104,N105,T106,V107,V108,M109,L110,A111,G112,F113,A114,G115,A116,M117,V118,P119,-,-,R123,Y124,A125,L126,F127,G128,M129,G130,N165,L166,T167,V168,V169,L170,W171,A172,I173,Y174,P175,F176,I177,W178,L179,L180,G181,P182,Y199,L200,D201,L202,V203,T204,K205,V206
NsXR,F11,G12,S13,Q14,P15,F16,I17,L18,A19,Y20,I21,I22,T23,A24,M25,I26,S27,G28,L29,K37,L38,D39,V40,P41,Q42,K43,F44,G45,I46,I47,H48,F49,F50,I51,V52,V53,W54,S55,G56,L57,M58,Y59,T60,N61,Y71,A72,W73,Y74,M75,D76,W77,M78,V79,S80,T81,P82,L83,I84,L85,L86,A87,L88,G89,Y101,D102,L103,L104,G105,A106,L107,L108,G109,A110,E111,F112,T113,L114,V115,I116,T117,G118,L119,L120,A121,Q122,A123,Q124,G125,-,-,S126,I127,T128,P129,Y130,Y131,V132,G133,G168,Y169,I170,G171,I172,F173,F174,L175,S176,Y177,P178,T179,V180,W181,Y182,I183,S184,G185,V207,L208,P209,F210,F211,C212,K213,Q214
OR1,N23,A24,L25,S26,F27,G28,I29,A30,A31,M32,G33,S34,A35,T36,V37,F38,F39,W40,L41,N49,Y50,R51,T52,A53,L54,T55,I56,T57,G58,I59,V60,T61,W62,I63,A64,T65,Y66,H67,Y68,F69,R70,I71,F72,N73,A100,Y101,R102,Y103,V104,D105,W106,L107,L108,T109,V110,P111,L112,L113,L114,I115,E116,L117,I118,A129,A130,L131,S132,T133,K134,L135,G136,V137,A138,S139,A140,V141,M142,V143,A144,L145,G146,Y147,P148,G149,E150,I151,Q152,E153,N154,L155,R158,W159,F160,W161,W162,A163,L164,A165,Y200,L201,T202,A203,V204,S205,W206,L207,T208,Y209,P210,F211,V212,Y213,I214,I215,K216,N217,V235,A236,D237,V238,M239,A240,K241,A242
PhaeoRD1,K53,T54,L55,W56,V57,V58,F59,V60,L61,M62,I63,I64,A65,S66,A67,G68,F69,T70,A71,L78,S79,K80,R81,L82,Y83,H84,T85,I86,T87,T88,M89,I90,T91,I92,F93,A94,A95,L96,S97,Y98,F99,A100,M101,A102,W134,A135,R136,Y137,V138,D139,W140,S141,V142,T143,T144,P145,L146,L147,L148,L149,D150,L151,G152,G159,G160,H161,I162,I163,M164,A165,I166,V167,A168,D169,L170,I171,M172,I173,L174,T175,G176,L177,F178,A179,A180,F181,G182,E183,E184,G185,K189,W190,G191,W192,Y193,T194,I195,A196,G231,Y232,T233,L234,L235,L236,W237,T238,A239,Y240,P241,I242,V243,W244,G245,L246,A247,D248,I264,L265,D266,V267,L268,A269,K270,G271
PhaeoRD2,S37,D38,L39,Y40,F41,A42,I43,C44,A45,A46,M47,T48,V49,S50,G51,F52,V53,F54,I55,R63,R64,D65,R66,I67,F68,H69,Y70,L71,T72,A73,A74,V75,V76,F77,V78,A79,A80,I81,A82,Y83,F84,T85,M86,G87,Y115,V116,R117,Y118,I119,D120,W121,V122,I123,T124,T125,P126,L127,L128,L129,T130,D131,L132,M133,W140,P141,S142,I143,L144,W145,T146,I147,I148,V149,D150,E151,I152,M153,I154,I155,T156,G157,L158,V159,G160,A161,L162,V163,T164,S165,-,K168,W169,G170,Y171,F172,A173,F174,G175,S210,L211,T212,A213,F214,L215,W216,I217,L218,Y219,P220,V221,A222,W223,G224,V225,A226,E227,I243,L244,D245,F246,L247,A248,K249,P250
PoXeR,F5,W6,L7,W8,L9,Y10,V11,A12,V13,M14,A15,A16,G17,A18,C19,L20,F21,L22,Y23,G30,V31,P32,G33,Y34,E35,Y36,T37,I38,A39,A40,V41,I42,P43,I44,W45,S46,G47,L48,A49,Y50,L51,A52,M53,A54,Y69,A70,R71,Y72,L73,D74,W75,L76,V77,T78,T79,P80,L81,L82,L83,W84,L85,L86,G87,T98,R99,L100,I101,G102,S103,L104,M105,F106,A107,D108,V109,V110,M111,I112,L113,S114,G115,L116,F117,A118,D119,L120,T121,A122,-,E123,R127,W128,L129,W130,Y131,T132,I133,G134,A169,Y170,L171,T172,V173,F174,W175,V176,S177,Y178,P179,L180,V181,W182,L183,I184,S185,P186,I203,L204,P205,A206,F207,S208,K209,V210
PsChR2,T9,W10,L11,W12,I13,G14,T15,I16,G17,M18,V19,L20,G21,T22,V23,Y24,F25,A26,V27,P35,E36,Q37,Q38,T39,Y40,Y41,I42,I43,T44,T45,L46,I47,P48,A49,I50,A51,A52,A53,A54,Y55,L56,A57,M58,A59,W79,A80,R81,Y82,A83,D84,W85,L86,L87,T88,T89,P90,L91,L92,I93,I94,D95,L96,A97,K104,Q105,T106,L107,Y108,K109,L110,I111,I112,I113,D114,A115,I116,M117,I118,L119,G120,G121,L122,A123,G124,S125,M126,M127,Q128,Q129,G130,R134,I135,V136,W137,W138,A139,V140,S141,N176,I177,T178,L179,G180,L181,W182,A183,L184,Y185,P186,I187,V188,W189,I190,L191,G192,T193,M211,L212,D213,I214,G215,T216,K217,I218
SrSRI,I6,V7,Y8,I9,I10,G11,T12,L13,G14,M15,L16,V17,G18,I19,P20,P21,A22,L23,S24,D28,E29,V30,G31,L32,D33,F34,D35,Y36,V37,W38,A39,I40,P41,G42,I43,A44,A45,F46,M47,Y48,L49,L50,M51,T52,I67,P68,R69,Y70,I71,D72,W73,A74,L75,T76,T77,P78,L79,L80,V81,G82,Y83,T84,A85,R92,G93,M94,I95,A96,G97,T98,A99,L100,A101,D102,F103,M104,M105,I106,V107,F108,G109,L110,G111,A112,V113,V114,F115,S116,-,-,Q120,W121,V122,F123,F124,G125,L126,S127,N162,Y163,V164,G165,L166,L167,W168,L169,A170,Y171,P172,L173,V174,W175,L176,F177,G178,P179,Y195,L196,D197,V198,T199,A200,K201,V202
TR,N22,M23,L24,S25,L26,T27,I28,A29,G30,M31,L32,A33,A34,F35,V36,F37,F38,L39,L40,R48,Y49,H50,I51,A52,L53,Y54,L55,S56,A57,L58,I59,V60,F61,I62,A63,G64,Y65,H66,Y67,L68,R69,I70,F71,E72,F95,Y96,R97,Y98,A99,D100,W101,L102,L103,T104,V105,P106,L107,L108,L109,L110,E111,L112,I113,W124,N125,L126,S127,I128,K129,L130,V131,V132,A133,S134,V135,L136,M137,L138,A139,L140,G141,Y142,V143,G144,E145,V146,N147,T148,E149,-,R153,T154,L155,W156,G157,A158,L159,S160,L197,V198,L199,L200,M201,S202,W203,G204,F205,Y206,P207,I208,A209,Y210,A211,L212,G213,T214,L232,A233,D234,L235,I236,A237,K238,P239
TsChR,V41,T42,Q43,W44,F45,G46,V47,I48,L49,S50,L51,V52,F53,L54,I55,Y56,Y57,I58,W59,C66,G67,W68,E69,E70,L71,Y72,V73,C74,T75,V76,E77,F78,C79,K80,I81,I82,I83,E84,L85,Y86,F87,E88,Y89,T90,W105,L106,R107,Y108,A109,E110,W111,L112,L113,T114,C115,P116,V117,I118,L119,I120,H121,L122,S123,S133,G134,R135,T136,M137,S138,L139,I140,T141,S142,D143,L144,G145,G146,I147,C148,M149,A150,V151,T152,A153,A154,L155,S156,K157,G158,-,K161,A162,L163,F164,F165,V166,I167,G168,G204,V205,F206,F207,T208,S209,W210,F211,M212,F213,P214,G215,L216,F217,L218,A219,G220,P221,V238,A239,D240,L241,L242,S243,K244,N245
XR,N23,M24,F25,S26,F27,T28,V29,A30,T31,M32,T33,A34,S35,F36,V37,F38,F39,V40,L41,K49,Y50,R51,I52,S53,M54,M55,V56,S57,A58,L59,V60,V61,F62,I63,A64,G65,Y66,H67,Y68,F69,R70,I71,T72,S73,A96,Y97,R98,Y99,V100,D101,W102,L103,L104,T105,V106,P107,L108,L109,T110,V111,E112,L113,V114,G125,P126,L127,A128,A129,K130,L131,G132,F133,L134,A135,A136,L137,M138,I139,V140,L141,G142,Y143,P144,G145,E146,V147,S148,E149,N150,A151,R157,G158,L159,W160,G161,F162,L163,S164,L199,L200,L201,L202,A203,T204,W205,G206,F207,Y208,P209,I210,A211,Y212,M213,I214,P215,M216,I239,A240,D241,V242,L243,A244,K245,A246
