,1x41,1x42,1x43,1x44,1x45,1x46,1x47,1x48,1x49,1x50,1x51,1x52,1x53,1x54,1x55,1x56,1x57,1x58,1x59,2x39,2x40,2x41,2x42,2x43,2x44,2x45,2x46,2x47,2x48,2x49,2x50,2x51,2x52,2x53,2x54,2x55,2x56,2x57,2x58,2x59,2x60,2x61,2x62,2x63,3x44,3x45,3x46,3x47,3x48,3x49,3x50,3x51,3x52,3x53,3x54,3x55,3x56,3x57,3x58,3x59,3x60,3x61,3x62,4x37,4x38,4x39,4x40,4x41,4x42,4x43,4x44,4x45,4x46,4x47,4x48,4x49,4x50,4x51,4x52,4x53,4x54,4x55,4x56,4x57,4x58,4x59,4x60,4x61,4x62,4x63,5x43,5x44,5x45,5x46,5x47,5x48,5x49,5x50,6x41,6x42,6x43,6x44,6x45,6x46,6x47,6x48,6x49,6x50,6x51,6x52,6x53,6x54,6x55,6x56,6x57,6x58,7x44,7x45,7x46,7x47,7x48,7x49,7x50,7x51
48C12_A,V63,G64,L65,A66,V67,-,A68,L69,F70,L71,G72,L73,S74,A75,L76,F77,H78,F79,I80,V81,S82,S83,G84,N85,F86,-,-,-,-,-,-,-,-,-,-,-,F87,K88,R89,Y90,S91,A92,S93,L94,W103,V104,E105,Y106,S107,-,-,-,L108,S109,S110,S111,V112,M113,I114,V115,L116,I117,A118,Q119,V127,A128,L129,L130,A131,I132,F133,G134,V135,N136,A137,S138,M139,I140,-,-,-,L141,F142,G143,W144,L145,Q146,E147,-,-,K148,Y149,T150,F160,W161,F162,G163,C164,I165,A166,G167,I168,V169,P170,W171,I172,G173,L174,-,L175,I176,Y177,V178,I179,G182,S183,T184,S185,D186,V187,A188,V189,P190,G191
AR1_A,L17,W18,L19,G20,I21,G22,T23,L24,L25,M26,L27,I28,G29,T30,F31,Y32,F33,I34,V35,K43,E44,A45,R46,E47,Y48,Y49,S50,I51,T52,I53,L54,V55,P56,G57,I58,A59,S60,A61,A62,Y63,L64,S65,M66,F67,Y86,A87,R88,Y89,A90,D91,W92,L93,F94,T95,T96,P97,L98,L99,L100,L101,D102,L103,A104,-,-,-,L105,L106,A107,L117,V118,G119,V120,D121,A122,L123,M124,I125,V126,T127,G128,L129,V130,G131,A132,L133,S134,A139,-,-,R140,Y141,T142,W143,W144,L145,F146,S147,T148,I149,V184,L185,V186,L187,W188,T189,A190,Y191,P192,I193,L194,W195,I196,I197,G198,T199,V216,L217,D218,V219,T220,A221,K222,V223
AR2_A,L11,W12,L13,G14,I15,G16,T17,L18,L19,M20,L21,I22,G23,T24,F25,Y26,F27,I28,A29,K37,E38,A39,R40,E41,Y42,Y43,A44,I45,T46,I47,L48,V49,P50,G51,I52,A53,S54,A55,A56,Y57,L58,A59,M60,F61,Y81,A82,R83,Y84,A85,D86,W87,L88,F89,T90,T91,P92,L93,L94,L95,L96,D97,L98,A99,R106,V107,T108,I109,G110,T111,L112,I113,G114,V115,D116,A117,L118,M119,I120,V121,T122,G123,L124,I125,G126,A127,L128,S129,K130,-,-,R135,Y136,T137,W138,W139,L140,F141,S142,T143,I144,V179,A180,V181,L182,W183,T184,A185,Y186,P187,I188,L189,W190,I191,V192,G193,T194,V211,L212,D213,V214,T215,A216,K217,V218
AR3_A,L14,W15,L16,G17,I18,G19,T20,L21,L22,M23,L24,I25,G26,T27,F28,Y29,F30,L31,V32,K40,D41,A42,R43,E44,Y45,Y46,A47,V48,T49,I50,L51,V52,P53,G54,I55,A56,S57,A58,A59,Y60,L61,S62,M63,F64,Y83,A84,R85,Y86,A87,D88,W89,L90,F91,T92,T93,P94,L95,L96,L97,L98,D99,L100,A101,R108,V109,T110,I111,G112,T113,L114,V115,G116,V117,D118,A119,L120,M121,I122,V123,T124,G125,L126,I127,G128,A129,L130,S131,A136,-,-,R137,Y138,S139,W140,W141,L142,F143,S144,T145,I146,V181,L182,V183,L184,W185,T186,A187,Y188,P189,I190,L191,W192,I193,I194,G195,T196,V213,L214,D215,V216,T217,A218,K219,V220
ARII_A,V16,F17,A18,I19,M20,A21,A22,A23,A24,I25,A26,F27,G28,V29,A30,V31,H32,F33,R34,P35,-,L36,K37,S38,A39,Y40,Y41,I42,N43,I44,A45,I46,C47,T48,I49,A50,A51,T52,A53,Y54,Y55,A56,M57,V73,Y74,A75,R76,Y77,I78,D79,W80,V81,L82,T83,T84,P85,L86,L87,L88,L89,D90,L91,I92,V93,M94,T95,I102,S103,W104,V105,I106,G107,A108,D109,I110,F111,M112,I113,V114,F115,G116,I117,L118,G119,A120,F121,E124,H125,-,-,K126,F127,K128,W129,Y144,G145,M146,Y147,N148,A149,T150,S171,I172,L173,W174,V175,F176,Y177,P178,V179,V180,W181,A182,F183,G184,S185,I201,L202,D203,V204,L205,A206,K207,P208
ARI_A,F6,Q7,T8,T9,L10,G11,T12,A20,V21,M22,A23,L24,A25,A26,I27,V28,F29,S30,I31,-,-,A32,V33,Q34,F35,Y44,Y45,V46,N47,I48,A49,I50,C51,T52,I53,A54,A55,T56,A57,Y58,Y59,A60,M61,I82,Y83,A84,R85,Y86,I87,D88,W89,V90,F91,T92,T93,P94,L95,L96,L97,L98,D99,L100,V101,P107,A108,T109,M110,I111,A112,I114,M115,G116,A117,D118,I119,A120,M121,I122,A123,F124,G125,I126,I127,G128,A129,F130,T131,G133,-,-,S134,Y135,K136,W137,W152,G153,M154,I155,N156,Y179,L180,I181,V182,L183,W184,V185,I186,Y187,P188,I189,V190,W191,G192,L193,G194,A195,I211,L212,D213,L214,L215,A216,K217,P218
ASR_A,H8,W9,I10,Y11,V12,-,-,A13,G14,M15,T16,I17,G18,A19,L20,H21,F22,W23,V32,P33,Q34,Y35,E36,-,-,Y37,L38,V39,A40,M41,F42,I43,P44,I45,W46,S47,G48,L49,A50,Y51,M52,A53,M54,A55,Y61,A62,R63,Y64,I65,D66,W67,M68,V69,T70,T71,P72,L73,L74,L75,L76,S77,L78,S79,-,W80,T81,A82,M83,Q84,F85,I86,K87,K88,D89,W90,T91,L92,I93,G94,S106,G107,L108,I109,A110,D111,L112,S113,E114,-,-,R119,Y120,L121,W122,W135,G136,I137,W138,N139,V160,T161,T164,V165,L166,W167,I168,G169,Y170,P171,I172,V173,W174,I175,I176,G177,C194,L195,L196,P197,F198,F199,S200,K201,V202
AaClR_A,H27,V28,L29,T30,L31,G32,F33,V34,A35,H36,A37,A38,G39,L40,V41,Y42,F43,A44,-,-,-,-,-,-,-,F45,A46,Q47,K48,D49,I50,H51,P52,R53,L54,A82,F83,T84,-,-,-,-,-,-,W85,Q86,R101,Y102,F103,N104,W105,F106,I107,T108,L109,P110,L111,L112,L113,T114,Q115,F127,L128,R129,N130,T131,L132,I133,F134,V135,V136,-,A137,S138,A139,V140,M141,V142,L143,T144,G145,Y146,I147,G148,Q149,M150,F151,E152,-,-,Y159,W160,L161,W162,F163,I164,V165,G166,S167,I168,A169,V204,V205,A206,W207,T208,I209,Y210,L211,F212,A213,Y214,L215,L232,Y233,T234,V235,A236,D237,I238,S239,S240,K241,F242
AbHeR_A,A61,P62,L63,A64,I65,G66,V67,A68,I69,L71,G72,L73,S74,S75,L76,A77,H78,F79,V80,V81,I82,S83,P84,K85,F86,-,-,-,-,-,-,-,-,-,-,-,F87,P88,R89,Y90,I91,A92,G93,L94,A95,A96,R102,W103,V104,E105,Y106,S107,I108,S109,S110,S111,V112,M113,I114,V115,L116,I117,A118,Q119,I120,T121,I126,T127,A128,L129,I130,S131,I132,F133,G134,V135,N136,A137,S138,M139,I140,L141,F142,G143,W144,L145,Q146,E147,-,-,K148,F160,I161,F162,G163,C164,I165,A166,G167,-,-,I168,V169,P170,W171,L172,A173,Y194,F195,I196,V197,F198,T199,I200,F201,I202,L203,F204,N205,S206,F207,A208,L209,V210
AntR_A,I7,V8,F9,A10,A11,G12,I13,A14,L15,F16,S17,V18,A19,A20,A21,Y22,F23,F24,W25,A26,Y27,K28,K29,D30,F31,N32,S33,-,A34,F35,L36,V37,S38,F39,I40,T41,I42,I43,S44,Y45,I46,L47,M48,L49,G57,A58,R59,Y64,A65,T66,W68,L69,F70,S74,C75,S76,L77,L78,M79,Y80,E81,I82,A83,Q90,S91,E92,I93,V94,F95,L96,M97,F98,L99,T100,V101,I102,V103,M104,G105,T106,G107,-,-,G108,A109,A110,A111,Y112,-,-,F113,E114,G115,W116,Y117,K118,I119,S125,S126,V127,A128,Y129,V130,L131,W155,T156,G157,F158,P159,I160,A161,F162,L163,L164,A165,P166,L183,L184,D185,I186,F187,T188,K189,V190
B1ChR2_A,N61,W62,L63,S64,P65,G66,I67,S68,I69,L70,-,C71,G72,V73,M74,Y75,-,-,-,-,-,-,-,-,-,-,-,-,-,-,A76,F77,K78,A79,I80,D81,W82,A83,S84,Y85,L96,N97,Q98,V99,W100,-,-,Y101,S102,D103,Y104,L105,I106,T107,C108,P109,L110,L111,V112,L113,D114,F115,S130,I131,A132,C133,L134,L135,A136,I137,A138,V139,S140,T141,F142,I143,M152,Y153,G154,I155,G156,L157,A158,G159,F160,I161,C162,A163,-,-,G164,Y165,A182,W183,W184,Y185,L186,S187,A188,G189,R190,L191,I192,F193,W197,P198,F199,F200,P201,L202,L203,W204,I221,L222,H223,A224,I225,L226,D227,I228,L229,C230,K231,A232
BcXeR_A,I11,M12,L13,-,-,-,-,-,-,-,-,L14,G15,A16,L17,Y18,F19,Y20,V29,P30,A31,S32,E33,-,-,Y34,L35,I36,A37,M38,V39,I40,P41,L42,W43,S44,G45,A46,A47,Y48,L49,S50,I65,Y66,Y67,A68,R69,Y70,I71,D72,W73,V74,I75,S76,T77,P78,L79,L80,L81,A82,A83,L84,A85,L86,T87,A88,L99,F100,S101,L102,V103,A104,L105,D106,V107,F108,M109,I110,I111,T112,G113,F114,V115,A116,D117,L118,T122,T123,-,-,K124,Y125,I126,W127,Y128,S129,L130,G131,V132,I133,A134,L135,I136,L171,W172,V173,C174,Y175,P176,T177,A178,W179,L180,L181,G182,S209,I210,V211,D212,L213,H214,G215,K218,L219
BeRGC_A,I182,W183,Y184,G185,Y186,G187,A188,F189,G190,F191,G192,L193,G194,L195,S196,F197,A198,Y199,M200,P208,E209,K210,K211,A212,L213,Y228,I229,I230,L233,R234,L235,T236,P237,T238,I239,E240,G241,T242,M243,A244,N245,P246,V247,E248,P249,A250,R251,Y252,L253,E254,W255,I256,A257,T258,C259,P260,V261,L262,I263,L264,L265,I266,S267,E268,I269,T270,A285,L286,C287,L288,-,-,-,-,-,-,-,-,-,A289,G290,F291,V292,G293,A294,I295,S296,A297,-,-,Q298,Q299,P300,W301,W321,S322,C323,C334,N335,V336,T348,I349,T350,T351,W352,S353,L354,F355,P356,I357,T358,W359,L366,I367,S368,S377,M378,I379,D380,I381,G382,A383,K384,V385
CaChR1_A,G71,W72,I73,A74,-,-,-,-,-,-,-,-,-,-,-,-,-,-,-,-,-,-,-,-,-,-,-,-,-,-,-,I75,P76,A77,I140,C141,F142,S153,L154,Y155,L156,S157,V162,N163,W164,L165,R166,Y167,S168,E169,W170,L171,L172,C173,C174,P175,V176,I177,L178,I179,H180,L181,S182,N183,V184,T185,T195,M196,G197,L198,L199,V200,S201,D202,-,-,-,I203,A204,T205,I206,V207,F208,G209,I210,T211,A212,A213,-,-,M214,L215,V216,S217,W218,A260,M261,A262,I263,T264,Y265,Y266,V267,G268,W269,S270,F271,F272,P273,L274,I275,F276,L277,F278,G279,Q280,Y289,A290,D291,V292,I293,A294,S295,S296
CaRGC_A,I182,W183,Y184,G185,Y186,G187,A188,F189,G190,F191,G192,I193,G194,I195,A196,F197,S198,Y199,M200,P208,E209,K210,K211,A212,L213,S214,L215,C216,L217,L218,G219,V220,N221,I222,I223,A224,F225,S226,S227,Y228,I229,L230,I231,M232,L233,A250,R251,Y252,L253,E254,W255,I256,A257,T258,C259,P260,V261,L262,I263,L264,L265,I266,S267,E268,I269,T270,A276,W277,G278,V279,V280,F281,S282,D283,Y284,A285,L286,V287,V288,C289,G290,F291,F292,G293,A294,V295,L296,P297,-,-,P298,Y299,P300,W301,G302,N303,L304,F305,N306,I307,T348,V349,T350,T351,W352,T353,L354,F355,P356,L357,S358,W359,F360,A361,F376,T377,M378,I379,D380,I381,G382,A383,K384,V385
CfRhoPDE_A,V42,W43,I44,A45,T46,V47,S48,I49,L50,W51,-,-,-,-,-,L52,F53,S54,N55,P56,E57,A58,S59,E60,M72,Y73,G74,A75,T76,S77,V78,-,-,A79,F80,A81,F82,A83,T84,A85,L86,D87,V88,L89,W138,M140,R141,Y142,A143,E144,W145,L146,I147,T148,C149,P150,T151,L152,L153,A168,D169,I170,A171,T172,G173,D174,A175,M176,L177,L178,A179,G180,-,-,-,-,-,-,-,-,-,-,-,G181,A182,L183,S184,S185,-,-,A202,F203,V204,Y205,W238,E239,I240,-,-,-,-,V241,L242,S243,W244,T245,C246,F247,P248,M249,I250,E265,A266,L267,N268,S269,I270,I271,D272,Y273,A274,A275,K276,V277
ChR2_A,Q26,W27,L28,A29,A30,G31,F32,S33,I34,L35,L36,L37,-,-,-,-,-,-,-,-,-,-,-,M38,F39,Y40,A41,Y42,Q43,T44,Y55,V56,C57,A58,I59,E60,M61,V62,L78,Y79,L80,A81,V86,Q87,W88,L89,R90,Y91,A92,E93,W94,L95,L96,T97,C98,P99,V100,I101,L102,I103,H104,L105,S106,N107,L108,T109,T119,M120,G121,L122,L123,V124,S125,D126,-,-,-,I127,G128,T129,-,-,-,-,-,-,-,-,-,-,-,I130,V131,W132,G133,A134,T135,S136,A137,M138,A139,T140,V191,S192,W193,G194,M195,F196,P197,I198,L199,F200,I201,L202,G203,T220,I221,I222,D223,L224,M225,S226,N227,C228
ChRWR_A,A29,W30,L31,S33,N34,G35,T36,-,-,-,-,-,-,-,-,-,-,-,-,-,N37,A38,E39,K40,L41,A42,A43,I49,T50,F51,A52,L53,S54,A55,L56,C57,L58,M59,F60,Y61,I72,E73,M74,I75,W101,L102,R103,Y104,A105,E106,W107,L108,L109,T110,C111,P112,V113,I114,L115,I116,H117,L118,S119,N120,L121,T122,G123,L124,A125,L135,L136,V137,S138,D139,-,-,-,I140,G141,T142,G146,T147,T148,A149,A150,L151,S152,K153,-,-,G154,Y155,V156,W200,-,-,-,-,-,L201,F202,F203,V204,S205,W206,G207,M208,F209,P210,I211,L212,F213,I214,L215,G216,T233,I234,I235,D236,L237,M238,S239,K240,N241
ChRmine_A,I29,V30,L31,T32,I33,T34,T35,F36,Y37,L38,G39,Y40,E41,S42,W43,T44,S45,R46,G47,P48,S49,K50,R51,S53,F54,Y55,A56,L64,A65,L66,F67,V68,N69,F70,F71,A72,M73,L74,S75,Y76,F77,G78,K79,I80,V81,A82,R103,Y104,A105,D106,Y107,M108,L109,T110,C111,P112,M113,L114,V115,Y116,D117,L118,C130,S131,A132,I133,I134,F135,A136,I137,L138,-,-,-,-,-,-,-,-,-,-,M139,S140,G141,V142,L143,A144,E145,-,-,A158,Y159,A160,W161,W168,F169,I170,F171,A172,Y173,S174,I175,V176,L213,W214,I215,L216,F217,P218,L219,V220,W221,A222,I223,H240,C241,V242,C243,D244,I245,V246,A247,K248,S249
CnChR1_A,Q45,W46,I47,A48,F49,S50,I51,A52,I53,A54,L55,L56,-,-,-,-,-,-,-,-,-,-,-,T57,F58,Y59,G60,F61,S62,A63,T64,C65,P91,A92,-,-,-,T93,V94,Y95,L96,S97,A102,Y103,C104,L105,R106,Y107,F108,E109,W110,L111,L112,S113,C114,P115,V116,I117,L118,I119,K120,L121,S122,M136,G137,L138,I139,V140,S141,C142,V143,G144,-,-,-,-,M145,I146,V147,F148,G149,M150,A151,A152,G153,L154,A155,T156,-,-,D157,W158,L159,K160,W161,L162,L163,Y164,I165,V166,S167,C168,I169,Y170,W209,G210,S211,Y212,P213,I214,L215,W216,A217,V218,G219,S236,I237,C238,D239,I240,I241,A242,E243,F244
CrChR1_A,A29,W30,L31,S33,N34,G35,T36,-,-,-,-,-,-,-,-,-,-,-,-,-,N37,A38,E39,K40,L41,A42,A43,I49,T50,F51,A52,L53,S54,A55,L56,C57,L58,M59,F60,Y61,I72,E73,M74,I75,W101,L102,R103,Y104,A105,E106,W107,L108,L109,T110,C111,P112,V113,I114,L115,I116,H117,L118,S119,N120,L121,T122,G123,L124,A125,L135,L136,V137,S138,D139,-,-,-,I140,G141,T142,G146,T147,T148,A149,A150,L151,S152,K153,-,-,G154,Y155,V156,W200,-,-,-,-,-,L201,F202,F203,V204,S205,W206,G207,M208,F209,P210,I211,L212,F213,I214,L215,G216,T233,I234,I235,D236,L237,M238,S239,K240,N241
CsR_A,Y13,W14,V15,T16,F17,G18,-,-,L19,M20,A21,F22,S23,A24,L25,A26,F27,A28,V29,P35,L36,N37,K38,R39,S40,H41,G42,I44,T45,L46,A47,I48,V49,T50,I51,A52,A53,I54,A55,Y56,Y57,A58,M59,Y79,Y80,A81,R82,Y83,I84,D85,W86,F87,F88,T89,T90,P91,L92,L93,L94,L95,D96,I97,I98,L99,G106,V107,T108,L109,W110,I111,V112,L113,A114,D115,V116,A117,M118,I119,M120,L121,G122,L123,F124,G125,A126,L127,T129,N130,-,-,S131,Y132,R133,W134,W149,G172,L173,A174,G175,Y176,L177,A178,L179,L180,W181,F182,G183,Y184,P185,I186,V187,W188,G189,L190,A191,S198,V199,L209,D210,I211,A212,A213,K214,V215
Ct_RB_A,I97,Y98,L99,A102,R103,I104,T105,A106,I107,M108,S115,L116,G117,H118,L119,Y120,-,L121,Y122,P123,D124,G147,W148,S149,A150,M151,L152,V153,I154,A155,L156,I157,E158,V159,I160,S161,F162,T199,G200,Y201,L202,L203,M204,Y222,G223,V224,R225,Y226,M227,V228,W229,-,-,-,-,-,-,-,-,-,-,-,-,-,-,-,-,-,-,F230,V231,D232,A233,C234,G235,L236,I237,V263,A264,S265,G266,L267,L268,A269,A270,L271,A272,V273,-,-,K274,W275,V277,H278,W279,L280,L281,L282,L283,I284,S285,V286,L287,C326,W327,G328,L329,Y330,G331,L332,I333,W345,L349,L350,F351,T352,G353,L354,D355,L356,S357,M358,K359,I360
ESR_A,F13,W14,-,-,V15,G16,F17,V18,G19,M20,A21,A22,G23,T24,L25,Y26,F27,L28,V29,P36,E37,Y38,R39,S40,T41,A42,T43,V44,A45,A46,L47,V48,T49,F50,V51,A52,A53,I54,H55,Y56,Y57,F58,M59,K60,D61,A62,R80,Y81,I82,D83,W84,L85,V86,T87,T88,P89,L90,L91,L92,V93,K94,L102,G103,R104,P105,L106,L107,T108,K109,L110,V111,I112,A113,D114,V115,I116,M117,I118,V119,G120,G121,I130,A131,G132,G133,F134,T135,Q136,-,-,L137,G138,L139,W140,W149,L156,F157,T158,N159,V160,T161,L183,I184,G185,W186,A187,I188,Y189,P190,I191,G192,Y193,L210,I211,Y212,N213,F214,A215,D216,L217,T218,N219,K220,V221
ErNaR_A,F12,W13,F22,A23,F24,S25,T26,A27,V28,F29,L30,A31,G32,L33,V34,Y35,F36,A37,M38,P45,N46,-,-,-,-,Y47,R48,L49,S50,A51,N52,I53,S54,A55,V56,V57,M58,A62,L63,E64,L65,G66,Q67,L68,W69,L70,R98,Y99,M100,N101,W102,L103,I104,D105,V106,P107,M108,L109,A110,T111,Q112,L113,V114,-,-,V115,V116,C117,G118,F119,V120,G121,A134,G135,V136,L137,M138,I139,L140,T141,G142,Y143,V144,G145,Q146,Y147,T172,A173,-,-,F174,F175,V176,W177,W206,F207,L208,-,-,-,-,L209,A210,T211,W212,S213,I214,Y215,P216,F217,A218,Y219,V236,I237,Y238,T239,V240,A241,D242,V243,S244,S245,L246,V247
FR_A,V18,S19,L20,T21,V22,G23,Q24,Y25,T26,M27,G28,A41,F42,V43,L44,Y45,F46,L47,M48,T49,S50,L51,Q52,P55,R56,Y57,R58,I59,V60,P61,I62,M63,S64,A65,I66,V67,M68,S70,A71,G72,L73,S74,L75,L76,W82,E83,R107,Y108,G109,N110,W111,T112,I113,T114,V115,P116,I117,L118,L119,T120,Q121,L122,A138,R139,M140,C141,I142,P143,A144,L145,-,-,-,-,-,L146,M147,I148,W149,T150,G151,L152,V153,G154,A199,A200,W201,P202,-,-,K203,N204,I205,W206,W207,F208,F209,-,-,-,-,L210,A211,F212,W213,G214,L215,Y216,P217,I218,A219,Y220,L237,L238,Y239,S240,I241,A242,D243,V244,F245,S246,K247,L248
GPR_A18L_A,F10,W11,L12,V13,-,-,T14,A15,A16,L17,L18,A19,S20,T21,V22,F23,F24,F25,V26,E27,S32,A33,K34,W35,K36,T37,S38,L39,T40,V41,L44,V45,T46,G47,I48,A49,F50,Y53,M54,Y55,M56,R57,G58,V59,W60,I61,R71,Y72,I73,D74,W75,L76,L77,T78,V79,P80,L81,L82,I83,C84,E85,L104,L105,V106,G107,S108,L109,V110,M111,L112,V113,G118,E119,A120,G121,I122,M123,A124,A125,A128,F129,I130,I131,G132,C133,L134,-,-,-,-,-,-,A135,W136,W144,A145,M166,M167,Y168,I169,I170,I171,F172,G173,W174,A175,I176,Y177,P178,V179,G180,Y181,L190,I191,Y192,N193,L194,A195,D196,F197,V198,N199,K200,I201
GR_A,V11,Y12,N13,A14,F15,S16,F17,A18,I19,M22,F23,A24,S25,A26,L27,F28,F29,F30,S31,A32,Q33,A34,G37,Q38,R39,Y40,R41,L42,A43,L44,L45,V46,S47,A48,I49,V50,F59,R60,I61,F62,N63,S64,-,-,W65,Y87,R88,Y89,V90,D91,W92,L93,L94,T95,V96,P97,L98,L99,L100,V101,E102,T103,A114,R115,P116,L117,L118,I119,K120,L121,T122,V123,A124,S125,V126,L127,M128,I129,A130,T131,G132,Y133,P134,G135,E136,I141,T142,T143,-,-,R144,I145,I146,W147,G148,T149,V150,S151,T152,I153,L188,L189,L190,S191,W192,G193,V194,Y195,P196,I197,A198,Y199,L200,L201,P202,T220,I221,A222,D223,V224,L225,A226,K227,P228
GpRGC2_A,T6,W7,K8,V19,V20,N21,T22,A23,-,-,S24,L25,N26,T27,I28,W35,F36,M37,I38,I39,G40,V41,L42,A43,F44,Y45,A46,V47,T48,K49,R50,Q51,P52,C78,I79,A80,Y81,S91,L92,A93,M94,V95,L96,F97,W98,A129,R130,Y131,V132,E133,W134,L135,S136,T137,C138,P139,V140,L141,I142,L143,-,-,-,-,-,-,-,-,-,L144,I145,G146,E147,D162,Y163,I164,M165,L166,I167,L168,G169,F170,I171,G172,A173,V174,T175,R176,-,-,E177,P178,I179,S180,F181,F182,F183,Q184,M185,V186,T226,L227,L228,S229,W230,N231,A232,F233,A234,L235,N236,W237,F238,T249,G250,E251,M252,L253,D258,I259,C260,A261,K262,V263
GtACR1_A,K30,Y31,V32,Q33,L34,V35,M36,A37,V38,V39,S40,A41,C42,Q43,V44,F45,F46,M47,V48,T49,R50,A51,P52,K53,I59,Y60,L61,P62,T63,T64,I67,T68,Y69,S70,L71,A72,F73,T74,K85,Y86,L87,P88,-,-,W89,A90,R91,M92,A93,S94,W95,L96,C97,T98,C99,P100,I101,M102,L103,-,-,-,-,-,G104,L105,V106,M109,A110,L111,V112,K113,Y114,K115,S116,I117,P118,L119,N120,P121,M122,M123,I124,A125,A126,L141,D142,P143,-,-,L144,H145,V146,W147,F165,A166,I167,F168,A169,I170,T171,I172,V199,S200,W201,M202,A203,Y204,P205,I206,L207,W208,L228,L229,G230,D231,A232,L233,D275,L276,E277,-,-,-
GtACR2_A,V34,W35,-,-,-,-,A36,V37,V38,S39,G40,C41,Q42,T43,I44,-,F45,M46,I47,S48,R49,A50,P51,K52,V53,P54,W55,E56,S57,V58,Y59,L60,P61,F62,V63,E64,S65,I66,T67,Y68,L78,Q79,M80,R81,W88,S89,R90,M91,A92,S93,W94,L95,C96,T97,C98,P99,I100,M101,-,-,-,L102,G103,Q104,I105,S106,N107,M108,A109,L110,V111,G152,A153,T154,C155,L156,V157,V177,G178,T179,P180,L181,A182,Q183,K184,V185,V186,V187,-,-,R188,I189,K190,M191,L192,R193,L194,-,-,I195,F196,F197,I198,A199,W200,T201,M202,F203,P204,I205,V206,W207,L208,I209,S210,P211,T212,E219,N220,V221,S222,A223,I224,L225
GtCCR1_A,L57,W58,C59,A60,L61,A62,-,-,-,-,-,-,-,-,-,Y63,F64,F77,V78,P79,-,-,-,-,-,-,-,-,L80,T81,K82,I83,P84,-,-,-,-,-,-,-,-,-,-,-,-,-,-,Y85,L86,D87,Y88,A89,T90,T91,C92,P93,L94,L95,T96,L97,D98,L99,A105,P106,Y107,K108,I109,T110,S111,A112,V113,L114,V115,F116,T117,V118,M119,I120,-,T121,G122,V123,A124,C125,S126,L127,A128,Y132,-,-,S133,F134,Y135,W136,F137,A138,M139,G140,M141,V142,L143,F144,I145,I188,W189,P190,I191,F192,A193,I194,L195,W196,L197,L198,S199,C216,I217,L218,D219,V220,I221,A222,K223,S224
GtCCR2_A,L55,W56,C57,A58,L59,A60,-,-,-,-,-,-,-,-,-,Y61,F62,-,-,-,-,A63,K64,V65,L66,F75,A76,P77,L78,T79,V80,I81,P82,-,-,-,-,-,-,-,-,-,-,-,-,-,-,Y83,V84,D85,Y86,C87,T88,T89,C90,P91,L92,L93,T94,L95,D96,L97,A103,P104,Y105,K106,I107,-,-,-,-,-,S108,S109,A110,V111,L112,V113,F114,T115,C116,L117,V118,I119,A120,V121,A122,F130,-,-,S131,Y132,C133,W134,F135,A136,M137,G138,M139,V140,T178,A179,V180,I186,W187,L188,L189,F190,P191,L192,L193,W194,L195,L196,S197,C214,I215,L216,D217,V218,I219,A220,K221,S222
GtCCR3_A,D22,W23,I24,G25,F26,-,I27,A28,L29,F30,G31,L34,A35,V36,A37,Y38,K39,L40,V41,P46,D47,Q48,D49,D50,V51,Y52,V64,F65,V66,N67,L68,F69,A70,A71,L72,A73,Y74,-,-,-,-,-,-,-,W75,A76,K96,Y97,L98,D99,Y100,L101,F102,T103,C104,P105,L106,L107,T108,I109,D110,L111,T122,F123,G124,A125,I126,V127,A128,-,-,-,-,-,-,V129,C130,I131,L132,C133,A134,F135,M136,A137,S138,V139,P143,A144,-,-,R145,Y146,M147,W148,F149,G150,M151,-,G152,I153,T154,V155,F195,I196,W197,L198,G199,Y200,P201,T202,L203,W204,V205,L206,G207,G210,V211,L212,D213,V216,S217,A218,L219,L220
GtCCR4_A,D35,W36,L37,G38,F39,-,L40,C41,L42,L43,G44,L47,A48,L49,M50,Y51,K52,L53,M54,P59,D60,G61,D62,Q63,E64,F65,F66,V67,V79,N80,L81,I82,A83,A84,I85,T86,Y87,G100,L101,S102,L103,S104,V105,N106,Y107,F108,K109,Y110,L111,D112,Y113,I114,F115,T116,C117,P118,I119,L120,T121,L122,D123,L124,L125,W126,S127,T135,Y136,S137,L138,F139,V140,-,-,-,G141,L142,T143,I144,A145,C146,G147,M163,F164,G165,C166,F167,I168,F169,-,-,A170,F171,T172,W173,-,-,I174,S175,I176,I177,R178,L179,V180,I205,W206,C207,G208,Y209,P210,A211,L212,W213,L214,L215,T216,E217,I232,M233,D234,V235,A236,A237,K238,S239
GtCCR5_A,D39,W40,L41,G42,F43,-,L44,C45,L46,L47,G48,L51,A52,L53,M54,Y55,K56,L57,M58,P63,D64,G65,D66,Q67,E68,F69,F70,V71,V83,N84,L85,I86,A87,A88,I89,T90,Y91,G104,L105,S106,L107,S108,V109,N110,Y111,F112,K113,Y114,L115,D116,Y117,I118,F119,T120,C121,P122,I123,L124,T125,L126,D127,L128,L129,W130,S131,T139,Y140,S141,L142,F143,V144,-,-,-,G145,L146,T147,I148,A149,C150,G151,M167,F168,G169,C170,F171,I172,F173,-,-,A174,F175,T176,W177,-,-,I178,S179,I180,I181,R182,L183,V184,I213,W214,C215,G216,Y217,P218,A219,L220,W221,L222,L223,T224,E225,I240,M241,D242,V243,A244,A245,K246,S247
H75BPR_D97N_A,F13,W14,L15,V16,-,-,T17,A18,G19,L20,A21,A22,T23,V24,F25,F26,F27,V28,E29,R30,D31,Q32,K38,T39,S40,L41,T42,V43,S44,G45,L46,I47,T48,G49,I50,A51,F52,W53,H54,Y55,L56,Y57,R58,V60,W61,I62,R72,Y73,I74,N75,W76,L77,L78,T79,V80,P81,L82,Q83,V84,V85,E86,L91,A92,A93,C94,T95,S96,V97,A98,L106,A107,G108,S109,-,-,L110,V111,L112,G113,A114,G115,I130,I131,G132,A133,-,-,-,-,-,-,-,-,G134,W135,A159,Y160,N161,A162,I163,I164,V165,V166,G167,W168,A169,I170,Y171,P172,A173,G174,Y175,L188,I189,Y190,N191,L192,A193,D194,F195,V196,N197,K198,I199
HKR1_A,T44,W45,V48,A49,F50,G51,T52,A53,-,F54,G55,L56,N57,T60,L61,L62,F63,E64,R65,E66,S67,A68,K69,N80,F81,L82,A83,-,-,-,-,-,-,-,-,G84,F85,S86,D87,Y88,M89,S90,-,-,W91,K92,G93,Y94,A95,P96,W114,L115,L116,T117,T118,P119,A120,I127,I128,S129,D130,F131,S132,R133,L134,K135,V136,Y137,S138,V139,M140,L141,A142,D143,V144,L145,M146,I147,T148,F149,G150,I151,L152,A153,F154,L155,A156,Y157,-,-,N158,K159,V160,W170,W181,S182,M183,F184,H185,A186,S187,I188,A189,L210,W211,F212,T213,F214,P215,V216,I217,W218,I219,V220,G242,K243,V244,M245,F246,S247,S248,S249,L250,L251
HKR2_A,S74,W75,L76,S77,-,-,-,-,-,-,G78,L79,-,-,-,-,W80,Y81,T82,T83,D84,P85,L86,A87,Y88,A89,A90,L91,R92,A93,Q94,V95,P96,T97,L98,V99,Y100,Q101,M102,L115,T116,S117,L118,L119,F120,Q166,R167,Y168,V169,Q170,W171,L172,V173,T174,T175,P176,T177,M178,I185,S186,D187,F188,T189,P190,R191,Q192,T193,A194,T195,A196,I197,G198,L199,D200,V201,L202,M203,V204,L205,S206,G207,L208,V209,N211,F212,L213,R214,S215,-,-,P216,Y217,L218,W219,V220,A221,I259,Y260,M261,C262,T263,L264,F265,I266,W267,N268,L269,F270,P271,L272,A273,W274,I275,L276,H277,V278,V279,L289,N290,V291,M296,A297,K298,V299
HcCCR_A,A25,W26,M27,-,-,-,-,-,-,-,-,-,-,-,L28,Y29,R30,L31,A47,P48,E49,A50,N51,S52,F53,S54,A55,L56,S57,C58,L59,V60,S61,G62,-,-,-,T63,I64,Y65,F80,S81,F82,N83,W84,Y85,W86,Y87,L88,D89,Y90,V91,F92,T93,C94,P95,L96,I97,L98,L99,D100,V101,L102,Y103,-,T104,L105,L111,R112,F113,V114,F115,A116,V117,I118,I119,T120,L121,W122,C123,G124,V125,A126,A127,F128,V129,T130,P131,-,-,R135,F136,G137,Y138,Y139,A140,V141,G142,C143,V144,W145,F146,V147,F182,W183,P184,L185,F186,P187,I188,L189,W194,L195,I208,H209,A210,F211,L212,D213,L214,F215,C216,K217,T218
HcKCR1_A,I36,W37,L42,D43,L44,G45,-,-,-,M46,G47,Y48,S49,C50,K51,P52,Y53,K54,S55,G56,R57,A58,P59,E60,V61,N62,S63,L64,S65,G66,I67,I68,C69,L70,L71,C72,G73,T74,M75,Y76,F91,S92,L93,N94,W95,Y96,W97,Y98,L99,D100,Y101,V102,F103,T104,C105,P106,L107,L108,I109,L110,D111,F112,A113,F126,A127,V128,F129,L130,T131,L132,-,-,-,-,-,-,-,-,W133,C134,G135,V136,A137,A138,F139,V140,T141,Q180,-,-,R181,W182,L183,F184,W185,A186,-,-,-,-,C187,V188,I189,F193,W194,P195,M196,F197,P198,I199,L200,W205,L206,I219,H220,A221,F222,L223,D224,L225,T226,C227,K228,S229
HcKCR2_A,I40,W41,L46,D47,L48,G49,-,-,-,M50,G51,Y52,S53,C54,K55,P56,Y57,K58,S59,G60,R61,A62,P63,E64,V65,N66,S67,I68,S69,G70,I71,V72,C73,L74,L75,C76,G77,T78,M79,Y80,F95,S96,L97,N98,W99,Y100,W101,Y102,L103,D104,Y105,V106,F107,T108,C109,P110,L111,L112,I113,V114,D115,F116,A117,R127,Y128,S129,I130,A131,V132,F133,V134,A135,A155,L156,G157,I162,P163,L164,S165,L166,F167,L168,I169,R170,D171,V172,K173,K174,-,-,R175,Y176,L187,F188,W189,A190,-,-,-,-,C191,V192,V193,F197,W198,P199,L200,F201,P202,L203,L204,Y221,I222,I223,H224,A225,F226,L227,D228,L229,V230,C231,K232,S233
HmBRII_A,I16,W17,L18,A19,L20,G21,T22,V23,G24,M25,L26,L27,G28,M29,V30,Y31,F32,M33,A34,P42,E43,Q44,E45,E46,F47,Y48,V49,I50,T51,I52,L53,I54,A55,G56,I57,A58,A59,S60,S61,Y62,L63,S64,M65,F66,W86,A87,R88,Y89,A90,D91,W92,L93,F94,T95,T96,P97,L98,L99,L100,L101,D102,I103,G104,-,-,-,L105,L106,A107,L117,I118,T119,I120,D121,A122,F123,M124,I125,V126,T127,G128,L129,A130,A131,T132,L133,M134,K135,-,-,R140,Y141,A142,F143,W144,T145,I146,S147,N182,I183,I184,L185,V186,A187,W188,A189,I190,Y191,P192,V193,A194,W195,L196,V197,G198,T199,I216,L217,D218,L219,T220,A221,K222,I223
HmBRI_D94N_A,I7,W8,L9,W10,L11,G12,T13,A14,G15,M16,F17,L18,G19,M20,L21,Y22,F23,I24,A25,T31,D32,G33,R34,K37,F38,Y39,I40,A41,T42,I43,L44,I45,T46,A47,I48,A49,F50,V51,N52,Y53,L54,A55,M56,Y75,W76,A77,R78,Y79,T80,D81,W82,L83,F84,T85,T86,P87,L88,L89,L90,Y91,N92,L93,G94,R101,N102,T103,I104,Y105,S106,L107,V108,S109,L110,D111,V112,L113,M114,I115,G116,T117,G118,V119,V120,A121,T122,L123,S124,E135,-,-,R136,L137,V138,W139,W140,G141,I142,S143,N178,L179,V180,T181,V182,V183,W184,L185,V186,Y187,P188,V189,W190,W191,L192,V193,G194,S195,V212,I213,D214,L215,V216,A217,K218,V219
HmHR_A,I33,W34,V35,N36,I37,-,-,A38,L39,A40,G41,V42,V43,I44,L45,L46,F47,V48,A49,P57,R58,A59,K60,L61,I62,W63,V64,A65,T66,M67,L68,V69,P70,L71,V72,S73,I74,S75,S76,Y77,A78,G79,L80,A81,W106,G107,R108,Y109,L110,T111,W112,T113,F114,S115,T116,P117,M118,I119,L120,L121,A122,L126,A127,D128,T129,D130,I131,A132,S133,L134,F135,T136,A137,I138,T139,M140,D141,I142,G143,T147,G148,L149,A150,A151,A152,L153,I154,T155,-,-,R161,W162,V163,F164,Y165,G166,I167,S168,I201,L202,T203,V204,V205,L206,W207,L208,G209,Y210,P211,I212,L213,W214,A215,L216,G217,S218,E219,L236,D237,I238,L239,A240,K241,Y242
HmSRIII_A,V6,W7,Y8,G9,A10,G11,A12,G13,A14,F15,F16,V17,S18,A19,V20,V21,F22,V23,W24,F25,A26,A27,T28,R29,F36,Y37,Y38,L39,P40,P41,I42,H43,T44,S45,V46,A47,G48,A49,A50,Y51,V52,A53,M54,T69,T70,L71,R72,F73,A74,D75,W76,I77,V78,S79,T80,P81,I82,I83,T84,Y85,Y86,L87,A88,R89,-,-,-,-,-,L90,A91,G92,V93,D94,T95,V107,M108,I109,G110,V111,G112,M118,S119,G120,S121,L122,-,-,-,-,R123,W124,I125,A126,F127,A128,V129,S130,T131,V132,T167,V168,V169,T170,W171,S172,L173,Y174,P175,V176,V177,Y178,F179,L180,G181,A198,V199,L200,D201,T202,I203,A204,K205,V206
HmSRII_A,T6,W7,F8,T9,L17,G18,T19,A20,V21,L22,A23,Y24,G25,-,-,Y26,T27,L28,V29,P30,E32,T33,R34,K35,R36,Y37,L38,L39,L40,I41,A42,I43,P44,G45,I46,A47,I48,V49,A50,Y51,A52,L53,M54,A55,L56,V71,R72,Y73,V74,D75,W76,L77,L78,T79,T80,P81,L82,L89,L90,A91,G92,A93,S94,R95,E96,D97,T98,V99,K100,L101,V102,V103,L104,Q105,A106,L107,T108,I109,V110,F111,G112,F113,A114,G115,A116,V117,T118,P119,-,-,S120,P121,V122,S123,Y124,A125,L164,R165,N166,F167,V168,V169,V170,L171,W172,L173,V174,Y175,P176,V177,V178,W179,L180,L181,G182,A183,A184,L201,D202,V203,V204,T205,K206,V207
HmSRI_A,A13,G14,F15,A16,V17,G18,V19,A20,I21,V22,G23,-,-,-,-,-,F24,L25,Y26,S32,D33,E34,R35,P36,I37,L38,A39,A40,L41,A42,L43,I44,P45,G46,V47,A48,G49,I50,S51,Y52,V53,A54,M55,V56,F57,G58,R73,Y74,L75,D76,W77,V78,V79,T80,T81,P82,L83,L84,V85,A92,G93,A94,S95,R96,R97,A98,I99,F100,G101,V102,M103,A104,A105,D106,A107,L108,M109,I110,L111,A112,G113,V114,G115,A116,V117,V118,A119,A120,-,-,G121,T122,L123,K124,W125,A126,L127,F128,G129,V130,S131,A132,V133,L170,W171,I172,A173,Y174,P175,L176,V177,W178,L179,A180,G181,A198,F199,L200,D201,L202,L203,A204,K205,V206
HsBR_A,I7,W8,L9,A10,L11,G12,T13,A14,L15,M16,G17,L18,G19,T20,L21,Y22,F23,L24,V25,P33,D34,A35,K36,K37,F38,Y39,A40,I41,T42,T43,L44,V45,P46,A47,I48,A49,F50,T51,M52,Y53,L54,S55,M56,L57,W76,A77,R78,Y79,A80,D81,W82,L83,F84,T85,T86,P87,L88,L89,L90,L91,D92,L93,A94,Q101,G102,T103,I104,L105,A106,L107,V108,G109,A110,D111,G112,I113,M114,I115,G116,T117,G118,L119,V120,G121,A122,L123,T124,K125,-,-,R130,F131,V132,W133,W134,A135,I136,S137,N167,V168,T169,V170,V171,L172,W173,S174,A175,Y176,P177,V178,V179,W180,L181,I182,G183,S184,V201,L202,D203,V204,S205,A206,K207,V208
HsHR_A,L10,W11,-,-,V12,N13,V14,A15,L16,A17,G18,I19,A20,I21,L22,V23,F24,V25,Y26,P36,-,-,R37,L38,I39,W40,G41,A42,T43,L44,M45,I46,P47,L48,V49,S50,I51,S52,S53,Y54,L55,G56,L57,L58,W83,G84,R85,Y86,L87,T88,W89,A90,L91,S92,T93,P94,M95,I96,L97,L98,D105,V106,D107,L108,G109,S110,L111,F112,T113,V114,I115,A116,A117,D118,I119,G120,M121,C122,V123,T124,G125,L126,A127,A128,A129,M130,T131,T132,-,-,S133,F137,R138,W139,W160,A161,A162,S163,A164,L179,T180,V181,V182,L183,W184,L185,G186,Y187,P188,I189,V190,W191,A192,V193,G194,S212,V213,L214,D215,V216,F217,A218,K219,Y220
HsSRI_A,V22,W23,L24,-,-,-,-,-,-,-,-,-,-,-,L25,Y26,A37,L38,A39,P40,L41,A42,-,-,-,-,-,-,-,-,I43,I44,P45,V46,F47,A48,G49,L50,S51,Y52,V53,G54,M55,A56,Y57,L72,R73,Y74,I75,D76,W77,L78,V79,T80,T81,P82,I83,L84,V85,V88,G89,Y90,A91,A92,G93,S98,I99,I100,G101,V102,M103,V104,A105,D106,A107,L108,M109,I110,A111,V112,G113,A114,G115,A116,V117,V118,T119,D120,-,-,G121,T122,L123,K124,W125,A126,L127,F128,G129,V130,S131,S132,I133,L170,W171,L172,A173,Y174,P175,L176,V177,W178,L179,F180,G181,P182,A183,L200,D201,V202,L203,A204,K205,V206
HulaCCR1_A,C89,W90,I103,V104,F105,Q106,T107,A108,F109,A110,A111,L112,G120,T121,G122,W123,Y124,G125,H126,P127,F128,D129,E130,K131,Y143,V144,Q145,I146,A147,T148,I149,V150,-,-,-,-,-,N151,Y152,C153,L154,Q155,F156,V157,Y158,F172,R173,Y174,F175,E176,Y177,C178,F179,T180,C181,P182,F183,I184,V185,L186,D187,V188,C189,Y190,S191,V192,E193,L194,P195,H196,K197,G198,L199,N200,G212,V213,M214,-,-,-,-,-,-,-,A215,L216,S217,N218,-,-,K219,Y225,L226,L227,F228,M229,L230,S231,A232,I233,A234,M235,V236,I271,W272,P273,I274,F275,P276,I277,F278,Y279,A280,L295,H296,L297,I298,L299,D300,I301,A302,C303,K304,G305
HwBR_A,I18,W19,L20,A21,L22,G23,T24,I25,G26,M27,L28,L29,G30,M31,L32,Y33,F34,I35,A36,P44,R45,Q46,K47,E48,F49,Y50,V51,I52,T53,I54,L55,I56,P57,A58,I59,A60,A61,A62,S63,Y64,L65,S66,M67,F68,W88,A89,R90,Y91,A92,D93,W94,L95,F96,T97,T98,P99,L100,L101,L102,L103,D104,I105,S112,Q113,R114,D115,I116,G117,A118,L119,V120,G121,I122,D123,A124,F125,M126,I127,V128,T129,G130,L131,V132,A133,T134,L135,T136,K137,-,-,R142,Y143,A144,F145,W146,T147,I148,S149,N184,I185,I186,L187,V188,T189,W190,A191,I192,Y193,P194,V195,A196,W197,L198,V199,G200,T201,V218,L219,D220,L221,V222,A223,K224,V225
HwMR_A,T7,W8,L9,W10,I11,G12,T13,I14,G15,M16,V17,L18,G19,T20,V21,Y22,F23,A24,V25,P33,E34,Q35,Q36,T37,Y38,Y39,I40,I41,T42,T43,L44,I45,P46,A47,I48,A49,A50,A51,A52,Y53,L54,A55,M56,Y76,W77,A78,R79,Y80,A81,D82,W83,L84,L85,T86,T87,P88,L89,L90,I91,I92,D93,L94,A95,K102,Q103,T104,L105,Y106,K107,L108,I109,I110,I111,D112,A113,I114,M115,I116,L117,G118,G119,L120,A121,G122,S123,M124,M125,Q126,-,-,R132,I133,V134,W135,W136,A137,V138,S139,N174,I175,T176,L177,G178,L179,W180,A181,L182,Y183,P184,I185,V186,W187,I188,L189,G190,T191,M209,L210,D211,I212,G213,T214,K215,I216
HxAR_A,L21,W22,L23,G24,I25,G26,T27,L28,L29,M30,L31,I32,G33,T34,F35,Y36,F37,I38,V39,K47,E48,A49,R50,E51,Y52,Y53,S54,I55,T56,I57,L58,V59,P60,G61,I62,A63,S64,A65,A66,Y67,L68,S69,M70,F71,Y90,A91,R92,Y93,A94,D95,W96,L97,F98,T99,T100,P101,L102,L103,L104,L105,D106,L107,A108,-,-,-,L109,L110,A111,L121,V122,G123,V124,D125,A126,L127,M128,I129,V130,T131,G132,L133,I134,G135,A136,L137,S138,A143,-,-,R144,Y145,T146,W147,W148,L149,F150,S151,T152,I153,V188,L189,V190,L191,W192,T193,A194,Y195,P196,I197,L198,W199,I200,V201,G202,T203,V220,L221,D222,V223,T224,A225,K226,V227
IaNaR_A,H24,V25,L26,T27,L28,G29,Y30,A31,V32,M33,L34,A35,G36,L37,F38,Y39,F40,V41,L42,-,-,-,-,-,-,-,T43,I44,K45,T46,V47,A48,P49,R50,F51,R52,T53,S54,S55,V56,L57,S58,V59,V60,W76,T77,R103,Y104,L105,N106,W107,L108,I109,D110,V111,P112,M113,L114,L115,F116,Q117,I118,I138,S139,G140,T141,-,-,-,-,-,-,-,-,G142,-,M143,I144,V145,T146,G147,Y148,I149,G150,Q151,L158,T159,M160,-,-,F161,A162,I163,W164,G165,A166,I167,S168,T169,V170,F205,L206,V207,S208,W209,M210,L211,Y212,P213,G214,A215,Y216,L217,I232,G233,T242,I243,A244,D245,V246,S247,S248,K249,V250
Jaws_A,I33,W34,V35,N36,I37,-,-,A38,L39,A40,G41,V42,V43,I44,L45,L46,F47,V48,A49,P57,R58,A59,K60,L61,I62,W63,V64,A65,T66,M67,L68,V69,P70,L71,V72,S73,I74,S75,S76,Y77,A78,G79,L80,A81,W106,G107,R108,Y109,L110,T111,W112,T113,F114,S115,T116,P117,M118,I119,L120,L121,A122,L126,A127,D128,T129,D130,I131,A132,S133,L134,F135,T136,A137,I138,T139,M140,D141,I142,G143,T147,G148,L149,A150,A151,A152,L153,I154,T155,-,-,R161,W162,V163,F164,Y165,G166,I167,S168,I201,L202,T203,V204,V205,L206,W207,L208,G209,Y210,P211,I212,L213,F214,A215,L216,G217,S218,E219,L236,D237,I238,L239,A240,K241,Y242
JsNaR_A,Y12,W13,F22,A23,F24,T25,A26,A27,V28,F29,A30,A31,A32,F33,V34,Y35,F36,A37,V43,A44,E45,R46,Y47,R48,L49,A50,S51,I52,I53,S54,C55,V56,V57,M58,I59,S60,A61,T62,L63,E64,L65,F66,L67,L68,W69,L70,R98,Y99,A100,N101,W102,M103,I104,D105,V106,P107,M108,L109,M110,T111,Q112,L113,L114,-,-,V115,V116,L117,G118,F119,A120,G121,R122,D123,G135,V136,M138,I139,L140,T141,A142,Y143,I144,G145,Q146,Y147,Y148,E149,-,-,G162,F163,W164,F165,W166,G167,I168,K183,N184,V185,E186,E187,I209,T210,W211,T212,I213,Y214,G215,L216,V217,Y218,L219,V220,P221,G222,I223,A243,D244,V245,T246,S247,K248,A249
KR1_A,L6,L7,L8,A9,D10,P11,T12,A30,M31,M32,A33,A34,S35,A36,F37,F38,F39,L40,S41,L42,N43,Q44,K47,K48,W49,S56,G57,L58,I59,T60,F61,I62,A63,A64,V65,H66,Y67,-,W68,Y69,M70,R71,D72,Y73,W74,F84,R85,Y86,V87,D88,W89,V90,L91,T92,V93,P94,L95,M96,C97,V98,E99,F100,Y101,-,-,L102,I103,L104,K105,V106,A107,G108,A109,S121,V122,I123,M124,L125,V126,T127,G128,Y129,F130,G131,A140,L141,-,-,-,-,-,-,-,W142,G143,A144,I145,S146,G147,A148,V184,L185,V186,G187,W188,A189,I190,Y191,P192,L193,G194,Y195,M196,L197,G198,S205,I206,L207,D213,V214,A215,Y216,N217,I218
KR2_A,H26,I27,L28,T29,L30,G31,Y32,A33,V34,M35,L36,A37,G38,L39,L40,Y41,F42,I43,I46,K47,N48,V49,D50,K51,K52,F53,Q54,M55,S56,N57,I58,L59,S60,A61,V62,V63,M64,V65,S66,A67,F68,L69,L70,L71,Y72,A73,R105,Y106,L107,N108,W109,L110,I111,D112,V113,P114,M115,L116,L117,F118,Q119,-,-,-,-,-,I120,L121,F122,V123,V124,S125,S141,G142,A143,M144,M145,I146,I147,T148,G149,Y150,I151,G152,Q153,L160,T161,A162,-,-,F163,L164,V165,W166,G167,A168,I169,S170,S171,L206,F207,L208,I209,S210,W211,T212,L213,Y214,P215,G216,A217,Y218,L241,V242,Y243,T244,I245,A246,D247,V248,S249,S250,K251,V252
Kin4B8_A,N15,M16,L17,S18,F19,A20,V21,A22,S23,M24,-,L25,G26,A27,F28,A29,F30,F31,V32,P40,K41,Y42,R43,L44,A45,L46,V47,V48,S49,S50,L51,V52,V53,L54,I55,A56,G57,Y58,H59,Y60,W61,R62,I63,M64,W67,T68,R90,Y91,V92,D93,W94,L95,L96,T97,V98,P99,L100,L101,L102,T103,E104,L105,V106,S115,G116,S117,V118,L119,A120,L122,I123,L124,A125,A126,I127,A128,M129,I130,A131,L132,G133,Y134,P135,G136,E137,I138,S139,N140,-,-,R148,L149,M150,W151,G152,V153,L154,S155,T156,V157,I192,L193,L194,T195,W196,G197,F198,Y199,P200,I201,V202,Y203,A204,M205,G206,S225,I226,A227,D228,V229,T230,A231,K232,A233
MacR_A,L8,F9,M10,-,V11,A12,T13,V14,G15,M16,L17,A18,G19,T20,V21,F22,L23,L24,A25,P32,E33,H34,R35,R36,G37,V38,Y39,I40,S41,A42,L43,V44,C45,G46,I47,A48,W49,Y50,H51,Y52,Q53,K54,M55,S58,W59,L68,R69,Y70,V71,D72,W73,V74,L75,T76,V77,P78,L79,M80,F81,V82,E83,-,-,-,-,-,V84,L85,A86,V87,T88,R89,A104,A105,T106,V107,M108,I109,G110,A111,G112,Y113,Y114,G115,E116,T117,S118,A134,-,-,T135,Y136,V137,W138,L139,M140,I161,K162,N163,L164,I165,L166,V167,G168,W169,I170,I171,Y172,P173,V190,L191,Y192,T193,I194,A195,D196,I197,I198,N199,V200,G201,L202,G203,V204
Mac_A,L14,W15,V16,A26,A27,F28,T29,A30,L31,S32,-,-,-,-,-,-,W33,K34,I35,P36,V37,N38,R39,R40,L41,Y42,T47,I48,I49,T50,L51,T52,A53,A54,L55,S56,Y57,T86,V87,Y88,R89,Q90,V91,Y92,Y93,A94,R95,Y96,I97,D98,W99,A100,I101,T102,T103,P104,L105,L106,L107,L108,D109,L110,-,-,G111,L112,L113,A114,G115,M116,S117,G118,A127,D128,L129,I130,M131,V132,L133,T134,G135,L136,F137,A138,A139,F140,G141,S142,-,-,E143,F161,V162,V163,W164,A187,I188,G189,A190,Y191,T192,L193,I194,L195,W196,T197,A198,Y199,P200,I201,V202,W203,K211,I212,G213,A222,V223,L224,D225,V226,L227,A228,G229,V230
Med12BPR_A,F7,W8,L9,A10,-,-,A11,A12,I13,M14,L15,A16,S17,T18,V19,F20,F21,F22,V23,E24,R25,S26,K33,T34,S35,L36,T37,V38,A39,G40,L41,V42,T43,G44,V45,A46,F47,W48,H49,Y50,L51,Y52,M53,V56,W57,I58,R68,Y69,I70,D71,W72,L73,I74,T75,V76,P77,L78,Q79,I80,I81,E82,I87,A88,A89,A90,V91,F92,W93,K94,L95,L96,I97,A98,S99,L100,V101,M102,L103,I104,G105,G106,F107,I108,G109,G112,L113,G114,D115,-,-,V116,V117,V118,W119,W120,T146,I147,K148,W149,I150,V151,T152,V153,G154,W155,A156,I157,Y158,P159,I160,A163,W164,I178,V179,Y180,N181,L182,A183,D184,L185,I186,N187,K188,A189
MerMAID1_A,-,-,-,-,-,-,-,-,-,-,-,-,-,-,-,-,-,M1,V2,P3,I4,Y5,A6,T7,F8,Q9,L10,F11,A12,V13,L14,I15,T16,A17,A18,T19,L20,V21,F22,Y23,V24,S25,Q26,L27,W35,E36,R76,Y77,V78,S79,W80,L81,A82,T83,C84,P85,I86,I87,L88,K89,N100,I101,D102,Q103,D104,V105,I106,L107,R108,L109,M110,-,-,-,-,L111,L112,I113,G123,S124,M125,Y126,V127,G128,M129,L130,K167,E168,-,-,R169,F170,E171,L172,M173,A174,L175,-,-,-,L176,M177,V178,S179,W180,I181,V182,F183,P184,I185,L186,Y187,I188,V189,G190,S202,I203,I204,D210,V211,I212,S213,K214,N215
MrHR_A,A4,W5,L6,W7,I8,G9,V10,I11,S12,M13,A14,L15,G16,S17,V18,F19,F22,G23,A24,H25,N26,A27,K28,N29,L35,Y36,T37,L38,N39,F40,F41,I42,C43,L44,I45,A46,A47,G48,L49,Y50,L51,A52,M53,Y68,W69,V70,R71,F72,V73,T74,W75,F76,C77,S78,T79,P80,L81,L82,L83,L84,D85,L86,-,-,-,T87,F88,L89,S99,L100,L101,G102,A103,N104,A105,Y106,M107,L108,V109,T110,G111,F112,V113,A114,T115,V116,T117,P118,-,-,K119,Y123,I124,W125,Y126,I127,V128,S129,T164,V165,H166,L167,V168,L169,W170,T171,L172,Y173,P174,I175,V176,W177,I178,L179,S180,T197,L198,L199,D200,I201,A202,S203,K204,V205
MsSzR_A,I6,V7,F8,Q9,I10,G11,A12,M13,I14,F15,A16,A17,S18,S19,V20,V21,F22,L23,V24,G25,G26,T27,K28,K29,L30,Y46,V47,V48,M49,S50,L51,-,-,A52,I53,A54,T55,T56,V57,A58,L59,T63,I64,Y65,W66,S67,R68,-,-,-,W69,L70,F71,A75,C76,P77,L78,L79,M80,Y81,D82,V83,-,-,-,-,-,-,-,-,-,-,-,-,-,V84,R85,I86,S87,T88,G89,L99,L100,T101,C102,L103,T104,K150,-,-,P151,F152,V153,Y154,-,-,-,-,-,-,-,-,I155,G156,W157,S158,L159,F160,P161,V162,V163,F164,L165,L166,A167,P168,L185,L186,D187,L188,V189,T190,K191,L192
MtSzR_A,F9,W10,-,-,A11,G12,A13,V14,I15,F16,G17,L18,A19,T20,L21,L22,F23,V24,V25,P31,E32,Y33,G34,I35,F36,Y37,G38,S39,D40,I41,F42,V43,C44,F45,I46,T47,T48,I49,S50,Y51,V52,T53,M54,Y70,W71,T72,R73,W74,L75,Y76,Y77,I78,A79,S80,C81,S82,I83,L84,T85,L86,D87,V88,A89,Y90,-,-,-,-,-,L91,A92,G93,R94,P95,E101,V102,A103,L104,F105,T106,G107,L108,V109,S117,F118,L119,T120,G121,-,-,P122,E123,R124,W125,W126,A129,F130,S131,S132,A133,A134,L161,L162,F163,W164,T165,L166,F167,P168,V169,V170,W171,V172,L173,A174,A191,I192,L193,D194,I195,I196,T197,K198,I199
NR_A,L47,W48,V49,T50,F51,A52,L53,M54,V55,L56,S57,S58,G59,I60,F61,A62,L63,L64,V68,P69,T70,S71,K72,R73,F75,H76,V77,I78,T79,T80,L81,I82,T83,V84,V85,A86,S87,L88,S89,Y90,F91,A92,M93,F125,W126,G127,R128,Y129,V130,D131,W132,A133,L134,T135,T136,P137,L138,L139,L140,L141,E142,L143,G151,A152,H153,T154,L155,M156,A157,I158,V159,-,A160,D161,V162,I163,M164,V165,L166,C167,G168,L169,I188,G189,C190,F191,S192,Y193,-,-,L194,F195,V196,I197,W198,H199,V200,A201,T207,V208,T209,L227,L228,L229,W230,T231,A232,Y233,P234,I235,I236,W237,L253,I254,Y255,T256,V257,L258,D259,L260,L261,A262,K263,P264
NdR1_A,F37,F38,L39,S40,L41,S42,T50,S51,V52,L53,V54,S55,G56,L57,I58,Y66,F67,Y68,M69,R70,D71,-,-,-,Y72,Y73,A74,A75,T76,D77,S78,S79,P80,T81,-,-,-,-,-,-,-,-,-,-,F82,F83,R84,Y85,V86,D87,W88,T89,L90,T91,V92,P93,L94,M95,C96,V97,E98,F99,Y100,-,-,L101,I102,L103,K104,V105,A106,G107,A108,S120,V121,V122,M123,L124,V125,T126,G127,Y128,F129,G130,E131,V132,T139,M140,-,-,Q141,W142,V143,W144,G145,L146,V147,S148,G149,I150,V186,L187,V188,G189,W190,A191,I192,Y193,P194,L195,G196,Y197,I198,L199,G200,T201,A220,M221,D222,V223,S248,K249,K250,V251
NdR2_A,H30,V31,L32,T33,L34,G35,Y36,A37,V38,M39,F40,A41,G42,L43,L44,Y45,F46,I47,I50,K51,N52,V53,D54,K55,K56,Y57,R58,M59,S60,N61,I62,L63,S64,A65,V66,V67,M68,V69,S70,A71,A72,L73,L74,L75,Y76,A77,R109,Y110,L111,N112,W113,L114,I115,D116,V117,P118,M119,L120,L121,F122,Q123,-,-,-,-,-,I124,L125,F126,V127,V128,G146,A147,-,-,M148,M149,I150,I151,T152,G153,Y154,I155,G156,Q157,L164,S165,A166,-,-,F167,F168,I169,W170,G171,A172,I173,S174,T175,V176,F211,L212,V213,S214,W215,F216,L217,Y218,P219,G220,A221,Y222,L223,V241,G242,T248,I249,A250,D251,V252,C253,S254,K255,V256
NeoR_A,V29,W30,L31,N32,F33,G34,M35,W36,L37,A38,A39,V40,G41,T70,F71,V72,F73,I74,V75,-,-,-,-,-,-,-,-,-,-,-,-,-,-,A76,V77,C78,F79,T80,-,Y81,L82,G83,Y84,I85,G86,T87,K88,S89,A90,S109,W110,-,-,-,-,-,-,F111,L112,L113,Y114,L115,R116,A117,G118,I119,T120,L121,-,-,-,-,-,-,-,-,L122,D123,G124,A125,G126,F147,L148,G149,L150,L151,T152,S153,-,-,A154,D155,Q156,W157,W221,T222,L223,R227,D228,I229,T230,I231,F232,A233,W234,S235,Y236,I237,T238,L239,A240,W241,A259,L260,G261,-,-,-,E262,F263,C264,A265,K266,V267
NmClR_A,H19,L20,L21,T22,M23,G24,V25,G26,V27,H28,F29,A30,A31,L32,I33,F34,F35,L36,V37,V38,S39,A43,P44,K45,Y46,R47,I48,A49,T50,A51,L52,S53,C54,I55,V56,M57,V58,S59,A60,G61,L62,A68,V69,M70,W71,T72,R94,Y95,V96,N97,W98,M99,A100,T101,I102,P103,C104,L105,L106,L107,Q108,L109,A124,T125,W126,L127,I128,L129,A130,A131,W132,G133,-,-,-,-,M134,I135,I136,T137,G138,Y139,V140,G141,Q142,L143,A150,Q151,-,-,L152,M153,I154,W155,G156,A157,V158,S159,T160,A161,F162,F163,V164,V165,W200,T201,L202,Y203,P204,I205,A206,Y207,L208,V209,G218,V219,V220,L221,D230,I231,S232,S233,K234,V235
NmNaR_A,H29,V30,L31,T32,L33,G34,Y35,A36,V37,M38,L39,A40,G41,L42,L43,Y44,F45,I46,L47,T48,I49,K50,K51,K54,R55,F56,Q57,M58,S59,N60,I61,L62,S63,A64,V65,V66,M67,V68,S69,A70,F71,L72,L73,L74,Y75,A76,R108,Y109,L110,N111,W112,L113,I114,D115,V116,P117,M118,L119,L120,F121,Q122,I123,L124,S144,G145,T146,-,-,-,-,-,-,-,-,-,M147,M148,I149,I150,T151,G152,Y153,I154,G155,Q156,I163,T164,W165,-,-,F166,L167,I168,W169,G170,A171,I172,S173,T174,V175,F210,L211,I212,S213,W214,F215,L216,Y217,P218,G219,A220,Y221,L222,V240,G241,T247,I248,A249,D250,V251,C252,S253,K254,V255
NmPR_A,L6,L7,L8,A9,D10,P11,T12,A30,M31,M32,A33,A34,S35,A36,F37,F38,F39,L40,S41,L42,N43,Q44,K47,K48,W49,S56,G57,L58,I59,T60,F61,I62,A63,A64,V65,H66,Y67,-,W68,Y69,M70,R71,D72,Y73,W74,F84,R85,Y86,V87,D88,W89,V90,L91,T92,V93,P94,L95,M96,C97,V98,E99,F100,Y101,-,-,L102,I103,L104,K105,V106,A107,G108,A109,S121,V122,I123,M124,L125,V126,T127,G128,Y129,F130,G131,A140,L141,-,-,-,-,-,-,-,W142,G143,A144,I145,S146,G147,A148,V184,L185,V186,G187,W188,A189,I190,Y191,P192,L193,G194,Y195,M196,L197,G198,S205,I206,L207,D213,V214,A215,Y216,N217,I218
NpHR_A,S18,S19,L20,Y21,I22,N23,I24,A25,L26,A27,G28,L29,S30,I31,L32,L33,F34,V35,F36,P44,R45,A46,K47,L48,I49,A50,V51,S52,T53,I54,L55,V56,P57,V58,V59,S60,I61,A62,S63,Y64,T65,G66,L67,M102,W103,G104,R105,Y106,L107,T108,W109,A110,L111,S112,T113,P114,M115,I116,L117,L118,A119,L120,-,-,-,-,-,-,-,-,-,-,-,-,G121,L122,L123,A124,G125,T144,G145,L146,A147,A148,A149,L150,T151,M157,-,-,R158,W159,F160,W161,Y162,A163,I164,S165,L198,L199,T200,V201,V202,M203,W204,L205,G206,Y207,P208,I209,V210,W211,A212,L213,G214,S231,A232,L233,D234,I235,V236,A237,K238,Y239
NpSRII_A,-,-,-,-,-,-,-,-,M1,V2,G3,L4,T5,T6,L7,F8,W9,L10,-,-,-,-,-,-,-,G11,A12,I13,G14,M15,L16,V17,G18,T19,L20,A21,F22,V53,M54,A55,L56,G57,V58,G59,W60,V61,R72,Y73,I74,D75,W76,I77,L78,T79,T80,P81,L82,I83,V84,L87,G88,L89,L90,A91,G92,T106,V107,V108,M109,L110,A111,G112,F113,A114,G115,A116,M117,V118,G128,M129,G130,L141,V142,G143,P144,M145,T146,E147,-,-,K157,S158,L159,Y160,V161,R162,L163,R164,N165,L166,T167,V168,V169,L170,W171,A172,I173,Y174,P175,F176,I177,W178,L179,L180,G181,P182,Y199,L200,D201,L202,V203,T204,K205,V206
NsXeR_A,V2,Y3,E4,A5,I6,T7,A8,G9,-,-,G10,F11,G12,S13,Q14,P15,F16,I17,L18,A19,-,-,-,-,-,Y20,I21,I22,T23,A24,M25,I26,S27,G28,L29,L30,F31,L57,M58,Y59,T60,N61,F62,L63,Y71,A72,W73,Y74,M75,D76,W77,M78,V79,S80,T81,P82,L83,I84,L85,L86,D102,L103,-,-,-,-,L104,G105,A106,L107,L108,G109,A110,E111,F112,T113,L114,V115,I116,T117,G118,L119,L120,G125,S126,I127,T128,P129,-,-,Y130,Y131,V132,Y163,K164,I165,L166,A167,G168,Y169,I170,G171,I172,F173,F174,L175,S176,Y177,P178,T179,V180,W181,Y182,I183,S184,G185,I186,L189,P190,G191,S192,L193,N194,I195
O1O2_A,I12,F13,V14,Q15,I16,I17,T18,A19,I20,I21,S22,V23,Y24,G25,L26,F27,-,-,I28,P29,I36,L37,R38,E39,I40,L41,I42,L43,E44,L45,I46,V47,Q48,I49,I50,E51,F52,I53,F54,Y55,I56,W57,L58,I59,Y71,V72,R73,Y74,F75,D76,W77,V78,L79,T80,T81,P82,V83,M84,L85,L86,D98,-,-,-,-,-,-,-,-,-,-,-,-,D99,G100,I101,M124,L125,L126,I127,G128,Y129,L130,G131,E132,-,T133,K134,-,-,Q135,Y157,V158,W165,Y168,L169,V170,F171,G172,A173,M174,F175,L176,L177,W178,A179,L180,Y181,G182,F183,A184,F185,M186,M195,Y196,N197,I198,L199,D200,I201,F202,S203,K204,N205
OLPVR1_A,I11,F12,V13,Q14,I15,I16,T17,A18,I19,I20,S21,V22,Y23,G24,L25,F26,-,-,I27,P28,I35,L36,R37,E38,I39,L40,I41,L42,E43,L44,I45,V46,Q47,I48,I49,E50,F51,I52,F53,Y54,I55,W56,L57,I58,Y70,V71,R72,Y73,F74,D75,W76,V77,L78,T79,T80,P81,V82,M83,L84,L85,D97,-,-,-,-,-,-,-,-,-,-,-,-,D98,G99,I100,M123,L124,L125,I126,G127,Y128,L129,G130,E131,-,T132,K133,-,-,Q134,Y156,V157,K158,Y159,T160,K161,E162,N163,-,-,-,-,-,W164,M165,N166,Y167,I168,V169,V176,W177,L179,Y180,G181,N196,I197,L198,D199,I200,V201,S202,N203,I204
OLPVRII_A,F9,Y10,L11,T12,Y13,-,A14,F15,L16,M17,T18,T19,G20,T21,I22,T23,F24,I25,E26,E33,S34,V35,R36,H37,I38,L39,N40,L41,E42,T43,C44,I45,S46,V47,V48,A49,A50,F51,F52,Y53,S54,N55,F56,I57,G58,K59,R72,Y73,V74,D75,W76,A77,I78,T79,T80,P81,I82,M83,L84,L85,V86,L87,-,-,-,-,V88,L89,A90,I109,L110,G111,M112,N113,Y114,G115,M116,L117,G118,T119,G120,Y121,L122,G123,D124,I125,T150,L151,-,-,R152,F166,V167,L168,W169,A170,L171,Y172,G173,V198,G199,I200,Y201,F202,W203,A204,F205,Y206,A207,K208,I209,F210,T211,L212,-,-,-,-,-,-,-,-,-,-
OcHeR_A,L71,W72,L78,A79,I80,A81,T82,-,F83,L84,A85,L86,S87,A88,L89,F90,H91,V92,I93,V94,A95,S96,P97,P98,F99,-,-,-,-,-,-,-,-,-,-,-,F100,D101,R102,Y103,R104,R105,G106,L107,Y113,F114,R115,W116,V117,E118,Y119,S120,L121,S122,S123,S124,L125,M126,I127,V128,I129,I130,A131,Q132,S137,D138,V139,V140,A141,L142,L143,G144,L145,F146,G147,V148,N149,A150,S151,M152,I153,L154,F155,G156,W157,L158,Q159,E160,-,-,K161,Y162,V182,P183,W184,-,-,-,-,V185,G186,I187,V188,L189,Y190,T191,I192,A193,P194,V223,Q224,W225,L238,L239,G240,E241,R242,L243,Y244,I245,T246,L247,S248,L249
OtHKR_A,L115,T116,V117,F118,A119,V120,C121,A122,S123,I124,G125,L126,N127,D128,I129,M130,W131,T132,P133,S134,R135,S136,R137,R138,S139,V140,S141,S142,T143,V144,L145,Y146,I147,T148,I149,C152,Y153,T154,H155,Y156,L157,S175,L176,L177,-,-,R178,Y179,L180,E181,W182,M183,M184,T185,T186,P187,V188,L189,L190,I191,L192,V193,F194,Q195,L196,H197,A198,L199,C200,-,V201,G202,A218,D219,E220,I221,M222,L223,I224,T225,G226,L267,V268,A269,G270,D271,R272,M273,-,-,R274,F275,I276,I277,L278,A279,C280,A281,K282,-,-,T283,I284,C285,W286,T287,S288,F289,P290,I291,V292,Y293,M294,A295,K296,E297,M298,I301,D302,T303,S304,A305,E306,H307
PhaeoRD1_A,V9,F10,L11,L12,L13,A14,T15,A17,C18,L19,G20,L21,D60,T61,L62,Y87,F88,M89,I90,P96,D97,T98,R99,K100,F108,V109,A110,L111,S112,T113,L114,V115,T116,F117,F118,A119,D120,T121,F122,W123,C124,S129,V130,N131,W132,S133,M134,K135,G136,N151,W152,I162,F163,V164,L165,P166,L167,L184,L185,I186,L187,F188,T189,L190,G191,A192,I193,T194,I195,A196,V197,S198,A199,-,-,-,-,-,-,-,-,-,-,-,-,-,A200,R201,-,-,F202,F203,A204,M205,L206,I207,V208,S209,N210,I214,Y215,I216,L217,A218,T219,T220,E221,F222,T223,V224,S225,I226,M227,I228,P229,S230,L231,I232,S233,L234,R235,P236,L237,L238
PhaeoRD2_A,-,-,-,-,-,-,-,-,-,M1,L2,A3,G4,I5,L6,F7,Y8,I9,-,-,-,A10,E11,Y12,F13,Y14,A15,V16,S17,T50,V51,I52,A53,A54,L55,V56,F57,V58,V59,G60,I61,A62,T70,L71,W72,G73,M74,A75,V87,S88,L89,F90,F91,S92,A93,I94,E95,I96,L97,T98,D99,F100,S101,L102,S103,L104,L105,P106,A107,V108,L109,G145,S146,V147,A148,V149,M150,L151,G180,T181,G182,K183,I184,G185,-,-,-,-,-,-,-,-,-,F186,W187,S188,L189,T190,E191,E192,G193,I194,G195,I196,-,-,-,-,-,-,-,-,I197,A198,G199,S200,L207,L208,N209,L210,R211,I212,R213,I214
PoClR_A,V24,L25,L26,M27,V28,G29,Y30,G31,A32,H33,F34,A35,F36,T37,L38,F39,F40,L41,-,-,-,-,-,-,-,-,S42,T43,S44,T45,L46,I47,E72,S73,M74,V75,F76,T77,S81,F82,V83,G84,G85,L86,W87,M88,R100,Y101,A102,N103,W104,T105,I106,T107,I108,P109,L110,L111,I112,A113,Q114,L115,A123,K124,T125,T126,F130,Y131,A132,L133,T134,A135,A136,A137,I138,A139,M140,I141,W142,T143,G144,L145,I146,G147,A154,V155,G156,T157,-,-,M158,L159,L160,W161,G162,F163,I164,S165,T166,I167,P168,F169,V170,F205,W206,G207,L208,Y209,A210,L211,A212,Y213,M214,V215,P216,T233,V234,A235,D236,I237,F238,S239,K240,L241
PoXeR_A,F5,W6,L7,W8,L9,Y10,V11,A12,V13,M14,A15,A16,G17,A18,C19,L20,F21,L22,V31,P32,G33,Y34,E35,-,-,Y36,T37,I38,A39,A40,V41,I42,P43,I44,W45,S46,G47,L48,A49,Y50,L51,A52,M53,Y68,Y69,A70,R71,Y72,L73,D74,W75,L76,V77,T78,T79,P80,L81,L82,L83,W84,L85,L86,A95,N96,D97,T98,R99,L100,S103,L104,M105,F106,A107,D108,V109,V110,M111,I112,L113,S114,G115,L116,F117,A118,D119,L120,T121,A122,-,-,R127,W128,L129,W130,Y131,T132,I133,G134,C135,V136,S137,T172,V173,F174,W175,V176,S177,Y178,P179,L180,V181,W182,L183,I184,S185,S213,I214,L215,D216,L217,S229,P230,K231,A232
PsACR_A,L44,F45,M46,A47,S48,Q49,Y50,P51,K52,V53,G54,W55,E56,A57,I58,Y59,-,-,L60,P61,S62,C63,E64,C65,F66,Y68,G69,L70,A71,S72,L85,I86,P87,-,-,-,-,-,-,-,-,-,-,-,W88,A89,R90,Y91,A92,A93,W94,I95,C96,T97,C98,P99,S100,I101,L102,L103,Q104,I105,-,-,N106,T107,I108,T120,F121,I122,V123,Q124,A125,D126,L127,I128,M129,N130,I131,M132,G133,V134,T135,G136,A137,L138,T139,T140,-,-,N141,F144,K145,W146,W194,-,-,-,-,I195,F196,I197,V198,S199,W200,C201,V202,Y203,P204,L205,L206,W207,I208,L209,S210,P211,I228,C229,D230,A231,F232,A233,K234,N235
PsChR2_A,Q13,W14,L16,A17,A18,G19,F20,S21,I22,L23,L24,L25,-,-,-,-,-,-,-,-,-,-,-,M26,F27,Y28,A29,Y30,Q31,T32,Y43,V44,C45,A46,I47,E48,M49,V50,L66,Y67,L68,A69,V74,Q75,W76,L77,R78,Y79,A80,E81,W82,L83,L84,T85,C86,P87,V88,I89,L90,I91,H92,L93,S94,N95,L96,T97,G98,L99,S100,T107,M108,G109,L110,L111,A112,C113,S114,I115,G116,T117,-,-,-,-,-,-,-,-,-,-,-,I118,V119,W120,G121,A122,T123,S124,A125,M126,T158,V159,V177,S178,W179,G180,M181,F182,P183,I184,L185,F186,I187,L188,G189,T206,I207,I208,D209,P210,M211,S212,K213,N214
PspR_A,T4,P5,L6,L7,I8,G9,F10,I11,V12,M13,A14,L15,A16,S17,L18,A19,I20,Y21,I22,K23,G24,A25,-,-,H26,Y27,G28,I36,H37,A38,A39,V40,P41,F42,I43,A44,A45,T46,A47,Y48,L49,C50,M51,Y67,L68,A69,R70,Y71,V72,D73,W74,A75,F76,T77,T78,P79,L80,L81,L82,A83,G84,V85,V86,S100,G101,Y102,I103,T104,A105,I106,V107,T108,L109,D110,V111,I112,M113,I114,V115,T116,G117,L118,I119,A120,S121,L122,A123,P124,-,-,Y145,L146,L147,W148,K149,P150,V151,A152,S153,I154,A155,T173,V174,L175,W176,L177,I178,Y179,P180,V181,V182,F183,A184,V185,G186,P187,V204,L205,D206,V207,L208,A209,K210,V211
PsuACR_353_A,L53,W54,F55,A74,V75,G76,Y77,G78,L79,M80,A81,N82,G83,F84,G85,Y86,A87,E88,L89,F90,E91,G92,E93,R94,H95,-,-,-,-,-,-,V96,P97,-,-,-,-,-,-,-,-,-,-,-,W98,L99,R100,Y101,S102,I103,W104,V105,L106,S107,T108,P109,V110,L111,L112,W113,D114,I115,Q116,R124,G125,T126,R127,L128,A129,P130,V131,Q132,A135,N136,L137,F138,L139,L140,C141,F142,G143,F144,I145,G146,A147,I148,A173,Y174,-,-,N175,I176,V177,G178,Q179,A180,V181,A182,N183,I205,F206,M207,T208,S209,F210,S211,G212,Y213,P214,I215,L216,W217,I218,L219,S220,N221,P238,L239,D240,L241,I242,A243,K244,N245
RgRGC1_A,V77,W78,S79,V80,L81,G85,F86,Y87,L88,L89,G90,T91,G92,-,-,-,Y93,R94,G95,P96,T97,A103,D104,E105,F106,Y107,A108,Y109,T110,A111,I142,V143,N144,F145,I146,A147,M148,S149,S150,Y151,I152,M153,Q154,Y155,T156,S173,R174,F175,Y176,E177,W178,L179,A180,T181,C182,P183,I184,L185,I186,Y187,L188,I189,A190,E191,I192,T193,I211,L212,-,-,-,-,-,-,-,-,-,-,-,-,G213,F214,I215,A216,C217,F218,L219,K220,-,-,Q221,S224,E225,W226,F227,A228,C229,G230,S231,V269,T270,F271,L272,A273,W274,N275,S276,F277,A278,T279,V280,W281,Y282,I283,G294,E295,V296,L297,D302,I303,F304,A305,K306,V307
RgRGC2_A,A78,W79,M80,V81,V82,G102,F103,A104,I105,F115,G116,I117,A118,V119,I120,Y121,S122,F123,I124,A125,D136,L137,G138,K139,V140,L141,C142,V143,V144,N145,F146,I147,S148,M149,V150,S151,Y152,L153,L154,Q155,-,-,-,-,W156,A174,R175,F176,Y177,E178,W179,I180,S181,T182,C183,P184,I185,L186,I187,Y188,H198,L199,A200,D201,N202,T203,-,-,-,-,A204,S205,A206,D207,Y208,V209,L210,L211,V212,L213,G214,Y215,A261,G262,S263,L264,-,-,-,-,-,-,-,-,W265,N266,A267,K268,W269,V270,T271,I272,L273,A274,W275,A276,S277,F278,P279,L280,S281,F282,M297,M298,F299,C300,V301,A302,D303,I304,W305,S306,K307,V308
RmHR_A,T4,W5,Y6,W7,I8,G9,L10,V11,A12,M13,A14,V15,G16,T37,L38,Y39,F40,F41,I42,-,-,-,C43,L44,I45,A46,A47,V48,L49,Y50,L51,V52,M53,A54,T55,G56,F57,G58,S59,Y60,V61,S62,T68,T69,W70,V71,R72,Y73,V74,T75,W76,F77,T78,S79,T80,P81,L82,L83,L84,L85,A86,L87,S94,M95,P96,L97,V98,A99,S100,L101,L102,G103,A104,N105,A106,F107,M108,I109,A110,T111,G112,F113,V114,A115,T116,I117,L118,P119,-,-,E120,L125,T126,W127,W128,A129,I130,S131,T132,V167,H168,L169,I170,L171,W172,T173,A174,Y175,P176,V177,V178,W179,M180,L181,S182,T199,I200,L201,D202,I203,A204,A205,K206,V207
RxR_A,L4,W5,L6,W7,I8,G9,F10,V11,G12,M13,L14,L15,G16,T17,L18,Y19,F22,L23,L24,T25,N26,A27,R32,Y33,F34,F35,V36,I37,T38,A39,T40,I41,T42,G43,I44,A45,A46,I47,A48,Y49,L50,V51,M52,Y68,W69,A70,R71,Y72,I73,D74,W75,V76,I77,T78,T79,P80,L81,L82,L83,L84,D85,L86,C87,-,-,-,L88,L89,A90,L104,I105,A106,L107,D108,V109,V110,M111,I112,L113,T114,G115,L116,-,-,-,-,-,-,-,-,-,-,-,-,W117,A118,L167,A168,V169,L170,T171,I172,V173,L174,W175,I176,C177,Y178,P179,I180,V181,W182,L183,I184,G185,T186,V203,L204,D205,L206,L207,A208,K209,V210
S13_Bin138_Proteo_SR_A,-,Y1,R2,I3,L4,-,-,A5,Y6,M7,N8,I9,G10,V11,C12,G13,F14,-,-,-,-,-,-,-,-,-,-,-,-,-,-,-,S15,A16,L17,L18,H19,F20,Y21,Y22,F23,N24,V25,L31,E32,I33,R34,Y35,F36,Y37,W38,L39,V40,C41,T42,V43,L44,L45,V46,-,-,-,-,-,-,T47,M48,F49,P50,L51,L52,A64,A65,D66,A67,G68,M69,I70,I71,C72,G73,F74,F75,G76,A91,L92,-,-,-,-,-,-,-,-,W93,I94,Y95,M96,V97,V98,T99,I100,F101,L102,W116,S117,I118,Y119,P120,I121,G122,Y123,Y124,F125,V126,S127,H128,F129,E130,E131,T132,A133,G134,V135
SpaR_A,D1,W2,M3,A4,I7,G8,F9,T10,I11,M12,S13,L14,A15,S16,L17,A18,I19,Y20,A21,K22,G23,S24,K25,T26,S27,P28,A29,L30,T33,L34,L35,V39,P40,F41,I42,A43,A44,T45,A46,Y47,L48,A49,M50,T51,F52,A68,R69,Y70,A71,D72,W73,S74,V75,T76,T77,P78,I79,L80,L81,A82,S83,L84,V98,G99,G100,Y101,L102,T103,A104,I105,I106,V107,L108,D109,V110,L111,M112,I113,V114,T115,G116,L117,I118,S119,S120,L121,A126,L127,-,-,K128,W129,V130,W131,W134,S135,C136,A137,N168,V169,A170,T173,V174,I175,W176,F177,L178,Y179,P180,I181,V182,F183,L184,I185,G186,P187,I204,M205,D206,V207,L208,A209,V210,V211
SrRhPDE_A,V16,W17,L18,C19,V20,-,-,-,-,-,-,M21,G22,S23,L24,F26,F27,A28,N29,P30,E31,A32,S33,R34,F46,Y47,G48,A49,T50,S51,V52,V83,D84,G85,V86,A87,C88,I89,S90,Y91,L92,S93,M94,V111,W112,M114,R115,Y116,A117,E118,W119,I120,I121,T122,C123,P124,T125,L126,L127,Y128,D143,I144,A145,T146,A147,D148,A149,L150,L151,L152,A153,G154,-,-,-,-,-,-,-,-,-,-,-,G155,A156,L157,S158,S159,-,-,I160,L161,P162,S163,W164,A171,G172,S173,F174,A175,T176,V215,M216,S217,W218,S219,I220,F221,P222,L223,V224,F235,Q236,V237,G238,E239,V244,A245,D246,Y247,A248,A249,K250,V251
SrSRI_A,I6,V7,Y8,I9,I10,G11,T12,-,-,-,-,L13,G14,M15,L16,V17,G18,I19,P20,P21,D33,F34,D35,Y36,L37,W38,A39,I40,-,-,-,-,P41,G42,I43,A44,A45,L46,M47,Y48,L49,L50,M51,T52,F53,P68,R69,Y70,I71,D72,W73,A74,L75,T76,T77,P78,L79,L80,I87,A88,G89,A90,S91,R92,G93,M94,I95,A96,G97,T98,A99,L100,A101,D102,F103,M104,M105,I106,V107,F108,G109,L110,-,G111,A112,V113,T118,A119,-,-,Q120,W121,V122,F123,F124,G125,L126,S127,N162,Y163,V164,G165,L166,L167,W168,L169,A170,Y171,P172,M173,V174,W175,L176,F177,G178,S194,Y195,L196,D197,V198,T199,A200,K201,V202
SsGHR_A,A12,W13,L14,W15,V16,G17,V18,A19,G20,M21,A22,L23,A24,A25,I26,V27,M28,L29,V32,K33,R34,A35,R36,Q47,F48,F49,V50,L51,-,-,-,-,-,L52,I53,A54,F55,G56,T57,Y58,L59,A60,M61,F77,V78,S79,R80,Y81,I82,T83,W84,T85,F86,T87,T88,P89,L90,L91,L92,L93,G94,L95,A96,K108,P109,V110,V111,A112,G113,L114,I115,G116,A117,D118,I119,I120,M121,I122,L123,T124,G125,L126,V127,A128,A129,L130,S131,E137,-,-,K138,W139,I140,W141,Y142,G143,V144,S145,S146,V181,L182,S183,V184,I185,W186,F187,L188,Y189,P190,V191,N192,F193,L194,L195,G196,T213,L214,L215,D216,L217,A218,S219,K220,A221
SyHR_A,I3,W4,L5,W6,I7,G8,V9,I10,G11,M12,A13,L14,G15,S16,I17,F18,F19,G20,I21,H24,N25,A26,K27,N28,L34,F35,T36,I37,N38,F39,F40,I41,C42,A43,I44,A45,T46,G47,L48,Y49,L50,S51,M52,V67,W68,V69,R70,Y71,I72,T73,W74,F75,L76,S77,T78,P79,L80,L81,I82,L83,D84,L85,-,-,-,T86,F87,L88,S98,L99,L100,G101,A102,N103,A104,Y105,M106,I107,A108,T109,G110,F111,V112,A113,T114,I115,T120,I121,-,-,G122,H123,I124,W125,Y126,V127,V128,S129,S164,V165,H166,L167,V168,L169,W170,T171,L172,Y173,P174,I175,V176,W177,L178,L179,G180,T197,I198,L199,D200,I201,T202,S203,V204,G205
SzR1_A,I4,I5,F6,Y7,I8,G9,A10,G11,V12,F13,T14,L15,T16,S17,I18,T19,F20,F21,L22,L23,K24,K25,K26,E29,V30,A31,S32,L33,N34,M35,I36,V37,N38,F39,V40,T41,I42,A43,S44,Y45,L46,L47,M48,V49,W68,A69,F70,Y71,A72,S76,F77,L78,M79,V80,E81,I82,S83,M84,L85,L86,S87,I88,D89,K90,S91,I92,K93,L94,E95,I96,I97,V98,F99,N100,C101,L102,V103,M104,I105,T106,G107,L108,L109,A110,S111,V112,S113,E114,-,-,G115,I116,I117,K118,W119,T123,L124,S125,S126,V127,V150,A151,I152,F153,W154,S155,G156,F157,P158,I159,I160,W161,I162,L163,S164,P165,V182,L183,D184,L185,I186,T187,K188,V189
SzR4_A,F6,Y7,L8,G9,I10,G11,M12,F13,I14,L15,S16,T17,I18,M19,F20,F21,F22,L23,K24,K25,K26,N27,A28,K29,L30,A31,S32,I33,N34,I35,I36,V37,S38,F39,V40,T41,I42,V43,S44,Y45,I46,L47,M48,L49,W65,T66,R67,W68,A69,F70,Y71,A72,V73,S74,C75,S76,F77,L78,M79,V80,E81,I82,S83,N90,T91,T92,R93,L94,E95,I96,L97,V98,F99,N100,S101,M102,V103,M104,I105,T106,G107,L108,F109,A110,S111,I112,S113,E114,-,-,K118,W119,L120,F121,F122,I123,I124,S125,S126,V127,V150,A151,I152,F153,W154,S155,G156,F157,P158,I159,V160,W161,I162,L163,S164,P165,V182,L183,D184,F185,I186,T187,K188,I189
TATLA_A,-,-,-,-,-,-,-,-,-,-,-,-,-,-,-,-,-,-,-,-,-,-,M1,N2,I3,F4,A5,V6,T7,T8,L16,I17,T18,M19,I20,A21,A22,T23,I24,Y25,L43,A44,I45,L46,T47,T48,R79,Y80,I81,T82,W83,L84,I85,A86,T87,P88,I89,M90,L91,F100,N101,K102,T103,Q104,K105,P106,I107,V108,I109,L110,I112,S113,L114,N115,F116,L117,M118,I119,A144,T145,G146,-,-,-,-,-,-,-,-,-,-,F147,A148,S149,W150,V182,V183,Q184,K185,L186,V187,T188,Y189,G190,W191,A192,I193,Y194,P195,V196,G197,L198,F199,I200,-,T201,F202,F203,D204,S205,S206,V207,E208,T209
TAT_A,-,-,-,-,-,-,M1,N2,V3,L4,G5,L6,A22,T23,I24,Y25,F26,L27,L28,E29,N57,M58,R59,E60,F61,F62,T63,I64,E65,N66,L67,K69,P70,D71,L72,N73,F74,T76,E77,Y78,-,-,-,-,-,-,R79,Y80,I81,T82,W83,L84,I85,A86,T87,P88,I89,M90,L91,Y92,T93,Y103,A104,K105,P106,I107,V108,I109,L110,T111,I112,S113,L114,N115,F116,L117,M118,I119,V120,S121,G122,Y123,F124,S125,E126,S127,A128,Y129,-,-,S130,N131,G132,W133,M134,P135,M136,V137,S138,G139,T140,Y141,V142,F143,W197,A198,I199,Y200,P201,L202,F208,W209,M221,I222,Y223,N224,F225,G226,D227,L228,F229,N230,K231,V232
TR_A,Y10,W11,L12,V13,L17,S18,L19,T20,I21,A22,G23,M24,A27,F28,V29,F30,F31,L32,L33,-,-,A34,R35,S36,Y37,V38,A39,-,-,-,-,-,P40,R41,Y42,H43,I44,A45,L46,Y47,L48,S49,A50,L51,W67,V68,R90,Y91,A92,D93,W94,L95,L96,T97,V98,P99,L100,L101,L102,L103,E104,L105,-,-,-,-,I106,L107,V108,L123,V124,V125,A126,S127,V128,L129,M130,L131,A132,L133,G134,Y135,V136,G137,E138,V139,N140,P145,-,-,R146,T147,L148,W149,G150,A151,L152,S153,S154,V191,L192,L193,M194,S195,W196,G197,F198,Y199,P200,I201,A202,Y203,A204,L205,G206,S224,L225,A226,D227,L228,I229,A230,P231,I232
TaHeR_A,I11,F12,-,-,-,-,N13,G14,I15,M16,G17,V18,I19,H20,L21,V24,F25,L26,V27,P54,V55,A56,E57,T58,L59,F60,S61,I62,-,E63,I64,G65,P66,L67,V68,A69,M70,F71,L72,F73,I74,S75,V85,L86,Y87,Y88,R89,Y90,V91,Q92,W103,M119,L120,T121,T122,-,-,-,I123,Y124,D125,L126,-,-,G127,T128,L129,L130,A131,L132,F133,T134,L135,T136,A137,V138,M139,N140,L141,M142,G143,L144,M145,M146,E147,L148,H149,N150,-,-,Q151,F169,V170,P171,W172,I173,V174,I175,F176,I177,P178,L179,I180,K216,W217,K218,N219,Y220,E224,K225,V226,Y227,I228,I229,L230,S231,L232,V233,A234,K235,S236,A237,L238,A239
Tara_RRB_2_retinals_A,L176,W177,A178,A179,L180,A181,S182,T183,W184,M185,G199,L200,G240,V241,L242,F243,F247,Q248,A249,P250,D251,S321,R322,V323,Y324,Y325,A337,G338,L339,C340,L341,V342,L343,C344,L345,A346,F347,V348,V349,A350,L351,L352,H353,L354,-,P355,V356,Y357,S358,E359,W360,F361,W383,T384,T385,P408,R409,L410,A411,E412,N413,V414,A415,Q416,G423,V424,L425,I426,A427,V431,V432,G433,A434,T435,Y436,V437,I438,L439,G440,Y441,N442,L443,M444,G453,V454,A455,S456,R457,-,-,R458,L474,I475,W476,W496,T497,V498,A499,Y500,M501,L502,F503,G504,L505,W506,S507,A508,L509,A510,S511,T512,W513,I561,I562,G563,T592,G593,M594,D595,V596,V597,M598,K599,L600
Tara_RRB_A,L176,W177,A178,A179,L180,A181,S182,T183,W184,M185,G199,L200,G240,V241,L242,F243,F247,Q248,A249,P250,D251,S321,R322,V323,Y324,Y325,A337,G338,L339,C340,L341,V342,L343,C344,L345,A346,F347,V348,V349,A350,L351,L352,H353,L354,-,P355,V356,Y357,S358,E359,W360,F361,W383,T384,T385,P408,R409,L410,A411,E412,N413,V414,A415,Q416,G423,V424,L425,I426,A427,V431,V432,G433,A434,T435,Y436,V437,I438,L439,G440,Y441,N442,L443,M444,G453,V454,A455,S456,R457,-,-,R458,L474,I475,W476,W496,T497,V498,A499,Y500,M501,L502,F503,G504,L505,W506,S507,A508,L509,A510,S511,T512,W513,I561,I562,G563,T592,G593,M594,D595,V596,V597,M598,K599,L600
V2HeR3_A,V20,A21,L22,A23,I24,V25,C26,A27,L28,L29,G30,S59,G60,T65,V66,I67,F68,V69,V70,-,-,-,-,-,Y71,F72,S73,V74,T75,A76,L77,-,-,-,-,-,F78,H79,M80,G81,N82,A83,F84,L85,W86,I101,R102,W103,T104,E105,Y106,S107,I108,T109,A110,P111,L112,M113,T114,-,-,-,-,-,-,A115,I116,L117,A118,F119,I120,A121,G122,S123,R124,A138,S139,I140,S141,V142,G143,F144,V145,L146,D147,E148,I149,R150,-,-,K151,Y152,S153,F154,F155,V156,L157,G158,M159,I160,P161,F162,L163,L194,W195,I196,L197,F198,P199,F200,V201,-,-,-,-,S202,L203,L204,E205,L206,S207,G208,K212,I213
VbACR2_A,A76,W77,I78,A79,M80,G81,N82,S86,T87,T88,G89,-,-,-,-,-,-,-,-,-,D90,V91,S92,K93,-,-,-,-,-,-,-,-,-,-,-,-,-,-,-,-,-,-,-,-,-,-,-,Y94,V95,E96,W97,L98,L99,T100,C101,P102,V103,M104,-,-,-,-,-,Q105,Y106,Q107,M108,V109,V110,L111,A112,G113,A142,N143,R144,I145,M152,V153,G154,V155,G156,-,-,-,-,-,-,-,-,-,-,F157,L158,V159,W160,L161,I162,T163,I164,I165,N166,V194,T195,S196,W197,F198,P199,F200,P201,L202,F203,W204,L205,V206,S207,T224,I225,L226,N227,A228,S229,A230,K231,I232
VcChR1_A,V53,V54,F55,A56,L57,S58,V59,A60,C61,L62,G63,-,-,-,-,-,-,-,-,-,-,-,-,-,W64,Y65,A82,L83,I84,E85,M86,M87,K88,S89,I90,A93,F94,T102,L103,W104,L105,S106,V111,V112,W113,M114,R115,Y116,G117,E118,W119,L120,L121,T122,C123,P124,V125,L126,L127,I128,H129,L130,S131,N132,-,-,-,-,-,-,-,-,-,-,-,-,-,-,L133,T134,G135,L136,K137,D138,D139,Y140,S141,K142,-,-,R143,T144,M145,G146,L147,L148,V149,S150,D151,V152,G153,C154,I155,V156,W157,G158,A159,F221,P222,V223,L224,F225,L226,L227,G228,S245,I246,L247,D248,L249,I250,A251,K252,N253
VcChR2_A,K33,W34,L35,A49,L50,Q51,W52,A53,A54,F55,A56,L57,S58,V59,I60,I61,L62,I63,-,-,-,-,-,-,Y64,Y65,A66,Y67,A68,T69,Y80,V81,C82,C83,V84,E85,L86,T87,L103,Y104,L105,A106,V111,L112,W113,L114,R115,Y116,G117,E118,W119,L120,L121,T122,C123,P124,V125,I126,L127,I128,H129,L130,S131,N132,G153,T154,I155,-,-,V156,W157,G158,A159,T160,G176,C177,M178,Y179,G180,A181,G201,L202,C203,R204,Q205,L206,V207,R208,-,-,A209,M210,A211,W212,-,-,-,-,-,L213,F214,F215,V216,S217,W218,G219,M220,F221,P222,V223,L224,F225,L226,L227,G228,T245,I246,I247,D248,L249,L250,S251,K252,N253
VirR_A,F14,L15,I16,Q17,I18,I19,T20,L21,I22,I23,G24,I25,F26,A27,Q28,F29,I30,K31,V32,P33,D41,A42,L43,L44,L45,E46,N47,I48,V49,Q50,F51,I52,E53,A54,I55,F56,Y57,-,-,-,-,-,-,L58,W59,Y76,R77,Y78,Y79,D80,W81,F82,L83,T84,T85,P86,T87,M88,I89,L90,S91,L136,Q137,E138,I139,N140,I141,I142,S143,-,-,-,-,-,-,I144,L145,L146,S147,T148,-,L149,I150,G151,L158,F159,Y160,K161,-,-,M162,F163,K164,Y165,Y166,V167,V168,Q169,N170,L179,M180,F181,F182,I183,W184,G185,L186,Y187,G188,I189,A190,A191,L192,F193,N194,N203,I204,L205,D206,I207,F208,S209,K210,N211
WiChR_A,N39,Y40,T41,L42,L43,A44,T45,I53,L54,L55,G56,S57,G58,V59,V60,F61,W62,-,-,-,-,-,-,-,Y63,Y64,S65,L84,N85,T86,L87,S88,A89,A90,I91,A92,F93,L97,M98,Y99,L116,N117,R118,Y119,W120,-,-,Y121,S122,D123,Y124,I125,V126,T127,C128,P129,L130,I131,V132,M133,D134,L135,C136,-,F137,T138,V139,L145,A146,F147,T148,G149,S150,T151,A152,V153,L154,L155,V156,I157,A158,L159,A160,S161,F162,I163,V164,R165,-,-,K169,Y170,I171,Y172,F173,A174,I175,K193,R194,I195,R196,Y197,V198,F216,W217,P218,M219,F220,P221,V222,L223,W224,L225,L226,G227,A244,F245,L246,D247,I248,T249,C250,K251,T252
XR_A,-,-,-,-,-,-,-,-,-,-,-,-,-,-,-,-,-,-,-,-,-,-,-,-,-,-,E1,L2,P3,T4,L5,T6,P7,S11,L12,V13,F14,N15,M16,F17,I44,S45,M46,M47,W67,E68,R90,Y91,V92,D93,W94,L95,L96,T97,V98,P99,L100,L101,T102,V103,E104,L105,V106,R116,G117,P118,L119,A120,A121,K122,L123,G124,E141,N142,A143,A144,L145,F146,G147,T148,G150,L151,W152,G153,F154,L155,T157,I158,-,-,P159,F160,V161,W162,T184,L185,L186,G187,N188,A189,R190,L191,L192,L193,W197,G198,F199,Y200,P201,I202,A203,Y204,M205,I206,G214,T215,I216,V217,D227,V228,L229,A230,K231,A232
ZipACR_A,-,M1,A2,A3,L4,H5,Q6,A7,L8,E9,E10,L11,G12,Q53,L54,C55,F56,A57,V58,V59,C60,A61,C62,Q63,V64,I65,F66,M67,F68,T69,R70,A71,P72,N73,V74,G75,W76,A78,I79,Y80,L81,P82,L83,A84,F109,A110,K111,L112,A113,G114,W115,A116,V117,C118,C119,P120,I121,M122,L123,I124,Q125,M129,A130,Q131,G154,M155,A156,S157,A158,I159,T160,A161,S162,D163,G182,I183,T184,L202,G203,Q204,W205,V206,V207,G208,R209,I210,T212,M213,-,-,R214,I215,I216,F217,-,-,-,-,-,-,-,L218,V219,A220,W221,T222,S223,F224,P225,V226,V227,W228,V229,L230,G231,A244,L245,L246,Y247,L248,F249,A250,D251,L252
ZipACR__A,-,M1,A2,A3,L4,H5,Q6,A7,L8,E9,E10,L11,G12,Q53,L54,C55,F56,A57,V58,V59,C60,A61,C62,Q63,V64,I65,F66,M67,F68,T69,R70,A71,P72,N73,V74,G75,W76,A78,I79,Y80,L81,P82,L83,A84,F109,A110,K111,L112,A113,G114,W115,A116,V117,C118,C119,P120,I121,M122,L123,I124,Q125,M129,A130,Q131,G154,M155,A156,S157,A158,I159,T160,A161,S162,D163,G182,I183,T184,L202,G203,Q204,W205,V206,V207,G208,R209,I210,T212,M213,-,-,R214,I215,I216,F217,-,-,-,-,-,-,-,L218,V219,A220,W221,T222,S223,F224,P225,V226,V227,W228,V229,L230,G231,A244,L245,L246,Y247,L248,F249,A250,D251,L252
cR3_A,I6,W7,L8,W9,L10,G11,T12,A13,G14,M15,F16,L17,G18,M19,L20,Y21,F22,I23,A24,T30,D31,S32,R33,K36,F37,Y38,I39,A40,T41,I42,L43,I44,T45,A46,I47,A48,F49,V50,N51,Y52,L53,A54,M55,Y74,W75,A76,R77,Y78,S79,D80,W81,L82,F83,T84,T85,P86,L87,L88,L89,Y90,D91,L92,G93,R100,N101,T102,I103,S104,S105,L106,V107,S108,L109,D110,V111,L112,M113,I114,G115,T116,G117,L118,V119,A120,T121,L122,S123,E134,-,-,R135,L136,V137,W138,W139,G140,I141,S142,N177,L178,V179,T180,V181,V182,W183,L184,V185,Y186,P187,V188,W189,W190,L191,V192,G193,T194,V211,I212,D213,L214,V215,A216,K217,V218
cyR2_P7104R_A,F9,W10,L16,A17,F18,G19,S20,I21,V22,F23,G24,L25,G26,A27,W28,-,-,-,-,-,N29,A30,K31,R32,F38,Y39,I40,V41,H42,F43,T44,V45,T46,T47,V48,A49,A50,C51,A52,Y53,L54,A55,M56,Y79,W80,A81,R82,Y83,C84,D85,W86,I87,V88,T89,T90,P91,L92,I93,L94,L100,S101,K102,V103,R104,G105,T106,M107,I108,A109,I111,I112,M113,S114,D115,V116,L117,M118,I119,I120,T121,G122,A123,I124,A125,A126,F127,S128,E132,-,-,R133,Y134,V135,W136,Y137,I138,V139,S140,N171,L172,V173,F174,T175,V176,F177,S178,A183,Y184,P185,I186,V187,W188,I189,L190,G191,Q192,L209,L210,D211,I212,T213,A214,K215,V216
cyR_N2098R_A,F6,W7,L8,W9,V10,G11,F12,I13,G14,M15,V16,I17,G18,C19,I20,Y21,F22,G23,M24,K25,E33,G34,M35,E36,F37,F42,F43,I44,T45,L46,W47,A48,A49,A50,L51,Y52,L53,T54,M55,I56,L57,T68,V69,F70,W71,G72,R73,Y74,I75,D76,W77,V78,V79,T80,T81,P82,L83,L84,L85,M86,E87,L88,-,-,G89,V90,I91,A92,G93,L94,M103,G104,A105,D106,I107,F108,M109,I110,V111,T112,G113,F114,I115,G116,A117,V118,E119,A120,-,-,N124,Y125,L126,W127,W128,L129,I130,S131,N166,I167,L168,I169,V170,L171,W172,I173,C174,Y175,P176,I177,V178,W179,I180,L181,G182,S199,V200,L201,D202,V203,C204,A205,K206,V207
cyR_N4075R_A,L10,W11,M17,V18,I19,G20,A21,V22,I23,F24,G25,A50,G51,A52,L53,Y54,L55,-,-,-,-,-,-,-,-,-,-,-,-,T56,M57,I58,L59,G60,E61,T62,V63,T64,P65,V66,Q67,T68,V69,F70,W71,G72,R73,Y74,V75,D76,W77,V78,V79,T80,T81,P82,V83,L84,L85,L86,D87,L88,G89,-,-,-,V90,L91,A92,V102,I103,A104,A105,D106,I107,F108,M109,I110,L111,T112,G113,L114,V115,A116,T117,L118,P122,T123,-,-,S124,Y125,L126,W127,Y128,I129,I130,S131,N166,Y167,L168,I169,V170,L171,W172,I173,C174,Y175,P176,I177,V178,W179,L180,L181,G182,A199,I200,I201,D202,I203,A204,A205,K206,V207
dR3_A,I10,W11,L12,W13,I14,G15,T16,I17,G18,M19,T20,L21,G22,T23,L24,Y25,F26,V27,V33,R34,D35,R36,K37,E40,F41,Y42,I43,I44,T45,T46,F47,I48,T49,T50,I51,A52,A53,A54,M55,Y56,L75,T76,I77,Y78,W79,A80,R81,Y82,A83,D84,W85,L86,F87,T88,T89,P90,L91,L92,L93,L94,D95,L96,G97,R104,N105,T106,I107,A108,T109,L110,I111,G112,L113,D114,V115,F116,M117,I118,G119,T120,G121,M122,I123,A124,A125,F126,A127,T132,-,-,R133,I134,A135,W136,W137,G138,I139,S140,N175,L176,V177,I178,V179,L180,W181,L182,L183,Y184,P185,V186,V187,W188,I189,L190,G191,T192,V210,L211,D212,L213,S214,A215,K216,V217
iC___A,A27,W28,L29,S31,N32,G33,T34,-,-,-,-,-,-,-,-,-,-,-,-,-,N35,A36,E37,K38,L39,A40,A41,I47,S48,F49,A50,L51,S52,A53,L54,C55,L56,M57,F58,Y59,I73,Q74,M75,I76,W102,L103,R104,Y105,A106,S107,W108,L109,L110,T111,C112,P113,V114,I115,L116,I117,H118,L119,S120,N121,L122,T123,G124,L125,A126,L136,L137,V138,S139,D140,-,-,-,I141,G142,T143,G147,T148,T149,A150,A151,L152,S153,K154,-,-,G155,Y156,V157,W201,-,-,-,-,-,L202,F203,F204,V205,S206,W207,G208,M209,F210,P211,I212,L213,F214,I215,L216,G217,T234,I235,I236,D237,L238,M239,S240,K241,Q242
vPyACR_21821_A,I14,D15,L16,L17,L18,S19,I20,I21,L22,F23,G45,V46,G47,S48,L49,T50,D51,L52,V53,K54,-,-,-,-,-,L55,T56,I57,T58,N59,E60,L61,P62,A63,V72,L73,F74,N75,-,-,-,-,-,-,W76,S77,Q78,F79,L80,G81,W82,M83,I84,T85,C86,P87,V88,L89,L90,I91,H92,L93,S94,N95,-,-,-,-,-,L96,A97,G98,K99,D100,W133,L134,F135,F136,G137,V138,S139,L140,I141,-,S142,L143,L144,K145,-,-,I146,Y147,I148,Y149,W171,-,I172,S173,F174,V175,F176,Y177,V178,S179,W180,S181,G182,F183,G184,V185,S186,W187,F188,F189,G273,C274,T275,V276,D277,V278,S279,K280,N281,I282
