,n.60,n.59,n.58,n.57,n.56,n.55,n.54,n.53,n.52,n.51,n.50,n.49,n.48,n.47,n.46,n.45,n.44,n.43,n.42,n.41,n.40,n.39,n.38,n.37,n.36,n.35,n.34,n.33,n.32,n.31,n.30,n.29,n.28,n.27,n.26,n.25,n.24,n.23,n.22,n.21,n.20,n.19,n.18,n.17,n.16,n.15,n.14,n.13,n.12,n.11,n.10,n.9,n.8,n.7,n.6,n.5,n.4,n.3,n.2,n.1,1.36,1.37,1.38,1.39,1.40,1.41,1.42,1.43,1.44,1.45,1.46,1.47,1.48,1.49,1.50,1.51,1.52,1.53,1.54,1.55,1.56,1.57,1.58,1.59,1.60,1.61,12.001,12.002,12.003,12.004,12.005,12.006,12.007,12.008,12.009,12.010,12.011,12.012,12.013,12.014,12.015,12.016,12.017,12.018,12.019,12.020,12.021,12.022,12.023,12.024,12.025,12.026,12.027,12.028,21.028,21.027,21.026,21.025,21.024,21.023,21.022,21.021,21.020,21.019,21.018,21.017,21.016,21.015,21.014,21.013,21.012,21.011,21.010,21.009,21.008,21.007,21.006,21.005,21.004,21.003,21.002,21.001,2.39,2.40,2.41,2.42,2.43,2.44,2.45,2.46,2.47,2.48,2.49,2.50,2.51,2.52,2.53,2.54,2.55,2.56,2.57,2.58,2.59,2.60,2.61,2.62,2.63,2.64,2.65,2.66,2.67,23.001,23.002,23.003,23.004,23.005,23.006,23.007,23.008,23.009,23.010,23.011,23.012,23.013,23.014,23.015,23.016,23.017,23.018,32.017,32.016,32.015,32.014,32.013,32.012,32.011,32.010,32.009,32.008,32.007,32.006,32.005,32.004,32.003,32.002,32.001,3.41,3.42,3.43,3.44,3.45,3.46,3.47,3.48,3.49,3.50,3.51,3.52,3.53,3.54,3.55,3.56,3.57,3.58,3.59,3.60,3.61,3.62,34.001,34.002,34.003,34.004,34.005,34.006,34.007,34.008,34.009,34.010,34.011,34.012,34.013,34.014,34.015,34.016,34.017,34.018,34.019,34.020,34.021,34.022,34.023,34.024,34.025,34.026,34.027,34.028,34.029,34.030,43.029,43.028,43.027,43.026,43.025,43.024,43.023,43.022,43.021,43.020,43.019,43.018,43.017,43.016,43.015,43.014,43.013,43.012,43.011,43.010,43.009,43.008,43.007,43.006,43.005,43.004,43.003,43.002,43.001,4.35,4.36,4.37,4.38,4.39,4.40,4.41,4.42,4.43,4.44,4.45,4.46,4.47,4.48,4.49,4.50,4.51,4.52,4.53,4.54,4.55,4.56,4.57,4.58,4.59,4.60,4.61,45.001,45.002,45.003,45.004,45.005,45.006,45.007,45.008,45.009,45.010,45.011,45.012,45.013,45.014,45.015,54.015,54.014,54.013,54.012,54.011,54.010,54.009,54.008,54.007,54.006,54.005,54.004,54.003,54.002,54.001,5.39,5.40,5.41,5.42,5.43,5.44,5.45,5.46,5.47,5.48,5.49,5.50,5.51,5.52,5.53,5.54,5.55,5.56,5.57,5.58,5.59,5.60,5.61,5.62,5.63,5.64,5.65,5.66,5.67,5.68,56.001,56.002,56.003,56.004,56.005,56.006,56.007,56.008,56.009,56.010,56.011,56.012,56.013,56.014,56.015,56.016,56.017,56.018,56.019,56.020,56.021,56.022,56.023,56.024,56.025,56.026,56.027,56.028,56.029,56.030,56.031,56.032,56.033,65.033,65.032,65.031,65.030,65.029,65.028,65.027,65.026,65.025,65.024,65.023,65.022,65.021,65.020,65.019,65.018,65.017,65.016,65.015,65.014,65.013,65.012,65.011,65.010,65.009,65.008,65.007,65.006,65.005,65.004,65.003,65.002,65.001,6.33,6.34,6.35,6.36,6.37,6.38,6.39,6.40,6.41,6.42,6.43,6.44,6.45,6.46,6.47,6.48,6.49,6.50,6.51,6.52,6.53,6.54,6.55,6.56,6.57,6.58,6.59,67.001,67.002,67.003,67.004,67.005,67.006,67.007,67.008,67.009,67.010,67.011,67.012,67.013,67.014,67.015,67.016,67.017,67.018,67.019,67.020,67.021,67.022,76.022,76.021,76.020,76.019,76.018,76.017,76.016,76.015,76.014,76.013,76.012,76.011,76.010,76.009,76.008,76.007,76.006,76.005,76.004,76.003,76.002,76.001,7.33,7.34,7.35,7.36,7.37,7.38,7.39,7.40,7.41,7.42,7.43,7.44,7.45,7.46,7.47,7.48,7.49,7.50,7.51,7.52,7.53,7.54,7.55,7.56,7.57,7.58,7.59,7.60,7.61,7.62,c.1,c.2,c.3,c.4,c.5,c.6,c.7,c.8,c.9,c.10,c.11,c.12,c.13,c.14,c.15,c.16,c.17,c.18,c.19,c.20,c.21,c.22,c.23,c.24,c.25,c.26,c.27,c.28,c.29,c.30,c.31,c.32,c.33
MO_024,-,-,-,-,-,-,-,-,-,-,-,-,-,-,-,-,-,-,-,-,-,-,-,-,-,-,-,-,-,-,-,-,-,-,-,-,-,-,-,-,-,-,-,-,-,-,-,-,-,-,-,-,-,-,-,-,-,-,-,-,-,-,-,-,-,-,-,-,-,-,-,-,-,-,-,V67,L79,H80,W81,-,-,-,-,-,-,-,-,-,-,-,-,-,-,-,-,-,-,-,-,-,-,-,-,-,-,-,-,-,-,-,-,-,-,-,-,-,-,-,-,-,-,-,-,-,-,-,-,-,-,-,-,-,-,-,-,-,-,-,-,-,-,-,-,-,-,-,-,-,-,L82,I83,V84,A85,F86,H87,A88,L89,S90,F91,L92,F93,Q94,-,-,-,-,-,-,-,-,-,-,-,-,-,-,-,-,-,-,-,-,-,-,-,-,-,-,-,-,-,-,-,-,-,-,-,-,-,-,-,-,-,-,-,-,-,R117,F118,I119,E120,Y121,S122,I123,S124,A125,S126,I127,M128,L129,V130,-,-,-,-,-,-,-,-,-,-,-,-,-,-,-,-,-,-,-,-,-,-,-,-,-,-,-,-,-,-,-,-,-,-,-,-,-,-,-,-,-,-,-,-,-,-,-,-,-,-,-,-,-,-,-,-,-,-,-,-,-,-,-,-,-,-,-,-,-,-,-,-,-,-,-,-,-,-,-,-,-,-,-,-,-,-,-,-,-,-,-,-,-,-,-,-,-,-,-,-,-,-,-,-,-,-,-,-,-,-,-,-,-,-,-,-,-,-,-,-,-,-,-,-,-,-,-,-,-,-,-,-,-,-,-,-,I135,S136,G137,I138,-,-,-,-,-,-,-,-,-,-,-,-,-,-,-,-,-,-,-,-,-,-,-,-,-,-,-,-,-,-,-,-,-,-,-,-,-,-,-,-,-,-,-,-,-,-,-,-,-,-,-,-,-,-,-,-,-,-,-,-,-,-,-,-,-,-,-,-,-,-,-,-,-,-,-,-,-,-,-,-,-,-,-,-,-,-,-,-,-,-,S232,M233,L234,F235,L236,M237,F238,N239,S240,F241,G242,V243,V244,Q245,-,-,-,-,-,-,-,-,-,-,-,-,-,-,-,-,-,-,-,-,-,-,-,-,-,-,-,-,-,-,-,-,-,-,-,-,-,-,-,-,-,-,-,-,-,-,-,-,-,-,-,-,-,-,-,Y276,T277,V278,L279,S280,L281,V282,A283,K284,A293,N294,V295,-,-,-,-,-,-,-,-,-,-,-,-,-,-,-,-,-,-,-,-,-,-,-,-,-,-,-,-,-,-,-,-,-,-,-,-,-,-,-,-,-,-
MO_006,-,-,-,-,-,-,-,-,-,-,-,-,-,-,-,-,-,-,-,-,-,-,-,-,-,-,-,-,-,-,-,-,-,-,-,-,-,-,-,-,-,-,-,-,-,-,-,-,-,-,-,-,-,-,-,-,-,-,T1,R2,A3,Q4,W5,I6,W7,F8,A9,N10,F11,V12,C13,L14,I15,L16,H17,T18,F19,M20,A21,V22,L23,T24,F25,E26,R27,G28,G29,R30,N31,P32,E33,G34,M35,K36,V37,S38,V39,W40,R41,L42,Q43,Q44,T45,-,-,-,-,-,-,-,-,-,-,-,-,-,-,-,-,-,-,-,-,-,-,W46,D47,N48,T49,T50,K51,L52,G53,Y54,N55,V56,A57,V58,V59,D60,N61,G62,S63,P64,I65,R66,L67,D68,L69,L70,T71,G72,A73,F74,F75,T76,L77,S78,A79,V80,A81,H82,L83,F84,A85,V86,A87,V88,G89,P90,W91,D92,R93,W94,I95,S96,I97,Y98,W99,R100,-,-,-,-,-,-,-,-,-,-,-,-,-,-,-,-,-,-,Q101,L102,D103,L104,A105,F106,V107,W108,W109,R110,W111,L112,E113,Y114,S115,V116,S117,A118,S119,V120,M121,M122,L123,A124,I125,A126,L127,I128,T129,G130,-,-,-,-,-,-,-,-,-,-,-,-,-,-,-,-,-,-,-,-,-,-,-,-,-,-,-,-,-,-,-,-,-,-,-,-,-,-,-,-,-,-,-,-,-,-,-,-,-,-,-,-,-,-,-,-,-,-,-,-,-,-,-,-,-,-,-,-,-,-,-,L131,R132,E133,A134,N135,A136,L137,A138,V142,L143,M144,W145,V146,T147,-,T139,-,-,-,-,-,-,-,-,-,-,-,-,-,-,-,-,-,-,-,-,-,-,-,-,-,-,-,-,-,I140,F141,-,-,-,-,-,-,Q148,L149,F150,G151,L152,L153,I252,G253,V254,F255,P256,Y257,V258,T259,A260,W261,V262,I263,L264,L265,N266,H267,F268,F269,T270,Q271,L272,E273,D274,-,-,-,-,-,-,-,-,-,-,-,-,-,-,-,-,-,-,-,-,-,-,-,-,-,-,-,-,-,-,-,-,-,-,-,-,-,-,-,-,-,-,-,-,-,-,-,-,-,-,-,-,-,L275,K276,K277,L278,E279,P280,H281,I282,Y283,D284,L285,I286,P287,E288,W289,I290,T291,I292,A293,T297,A298,I299,V300,F301,T302,L303,F304,T305,F306,K321,T322,E323,L324,P307,I308,A309,W310,Y311,-,-,-,-,-,-,-,-,-,-,-,-,-,-,-,-,-,-,-,-,-,-,-,-,-,-,-,-,-,-,-,-,-,-,Q312,W313,Q314,P315,P316,M317,H318,Y319,W320,-,-,-,-,W325,Y326,C327,L328,L329,S330,A331,T332,S333,K334,M335,I336,L337,G338,L339,L340,L341,Y342,T343,N344,V345,I346,-,-,-,-,-,-,-,-,-,-,-,-,-,-,-,-,-,-,-,-,-,-,-,-,-,-,-,-,-,-,-,-,-
MO_011,-,-,-,-,-,-,-,M1,S2,L3,R4,P5,L6,A7,V8,P9,L10,F11,T12,P13,P14,T15,G16,G17,K18,K19,H20,Q21,P22,S23,A24,A25,P26,I27,Q28,A29,S30,Y31,V32,P33,P34,Q35,L36,S37,D38,D39,K40,V41,D42,E43,K44,E45,L46,K47,R48,R49,S50,D51,V52,L53,I54,R55,L56,N57,K58,W59,A60,C61,F62,L63,H64,S65,A66,S67,F68,V69,A70,A71,L72,V73,V74,T75,I76,-,-,-,-,-,-,-,-,-,-,-,-,-,-,-,-,-,-,-,-,-,-,-,-,-,-,-,-,-,-,-,-,-,-,-,-,-,-,-,-,-,-,-,-,-,-,-,-,-,-,-,-,-,-,-,-,-,-,-,-,-,-,-,-,-,-,V77,F78,A79,P119,F120,P121,F122,I123,T124,A125,L126,F127,H128,G129,L130,I131,A132,F133,Q134,P135,T136,V137,R138,A139,Q140,Y141,L142,K143,N144,V145,-,-,-,-,-,-,-,-,-,-,-,-,-,-,-,-,-,-,-,-,L146,G147,E148,R149,G150,N151,Q152,L153,R154,W155,Q156,E157,Y158,A159,I160,T161,A162,S163,H164,M165,W167,V168,I169,L170,Q171,L172,S173,G174,V175,T176,N177,V178,V179,L180,L181,V182,L183,A184,G185,P186,V187,A188,N189,V190,A191,L192,Q193,A194,M195,G196,H197,L198,Q199,E200,R201,E202,L203,Y204,H205,A206,R207,L208,R209,L210,E211,R212,K213,V214,P215,P216,G217,T218,D219,Y220,D221,G222,M223,S224,W225,V226,P227,T228,L229,V230,G231,W232,L233,I234,F235,A236,G237,Q238,W239,G240,G241,V242,I243,L244,P245,Y246,F247,F248,A249,A250,V251,T252,S253,G254,Q255,A256,A257,V258,P259,W260,-,-,-,-,-,-,-,-,-,-,-,-,-,-,-,-,-,-,-,-,-,-,-,-,-,-,-,-,-,-,-,-,-,-,-,-,-,-,-,F261,V262,Y263,T264,I265,I266,I267,G268,L269,L270,L271,F272,-,-,-,-,-,-,V279,Q280,L281,L282,H283,L284,L285,G286,-,-,-,-,-,-,-,-,-,-,-,-,-,-,-,-,-,-,-,-,-,-,-,-,-,-,-,-,-,-,-,-,-,-,-,-,-,-,-,-,-,-,-,-,-,-,-,-,-,-,-,-,-,-,-,-,-,-,-,R287,P288,R289,-,-,-,-,-,-,-,-,-,-,-,F273,A274,C275,F276,G277,L278,W290,L291,R292,S293,A294,Y295,H296,Q297,D298,V299,-,-,-,-,-,-,-,-,-,-,-,-,-,-,-,-,-,-,-,-,-,-,-,-,-,-,-,-,-,-,-,-,-,-,-,-,-,-,-,-,-,-,-,-,-,-,-,-,-,-,-,-,A300,Y301,L302,I303,L304,S305,F306,T307,S308,K309,L310,F311,L312,T313,W314,N315,L316,L317,I318,G319,M320,A321,L322,N323,T324,A325,Q326,P327,-,-,-,-,-,-,-,-,-,-,-,-,-,-,-,-,-,-,-,-,-,-,-,-,-,-,-
MO_025,-,-,-,-,-,-,-,-,-,-,-,-,-,-,-,-,-,-,-,-,-,-,-,-,-,-,-,-,-,-,-,-,-,-,-,-,-,-,-,-,-,-,-,-,-,-,-,-,-,-,-,-,-,-,-,-,-,-,-,-,-,-,-,-,-,A1,T2,Y3,Y4,V5,M6,M7,V8,A9,F10,F11,C12,F13,V14,A15,S16,F17,F18,F19,S20,W21,F22,T23,R24,T25,H26,V27,A28,P29,-,-,-,-,-,-,-,-,-,-,-,-,-,-,-,-,-,-,-,-,-,-,-,-,-,-,-,-,-,-,-,-,-,-,-,-,-,-,-,-,-,E30,H31,N32,T33,S34,R35,V36,F37,T38,A39,I40,I41,C42,V43,V44,A45,G46,I47,S48,Y49,F50,I51,I52,S53,D54,Y55,Y56,K57,D58,F59,L60,Q61,E62,L63,Q64,T65,I66,T67,D68,E69,T70,T71,R72,N73,E74,F75,-,-,-,-,-,-,-,-,-,-,-,-,-,-,-,K76,R77,N78,G79,Y80,N81,A82,I83,G84,Q85,L86,R87,Y88,M89,D90,W91,M92,V93,T94,T95,P96,L97,L98,L99,I100,K101,M102,I103,S104,V105,L106,R107,I108,K109,-,-,-,-,-,-,-,-,-,-,-,-,-,-,-,-,-,-,-,-,-,-,-,-,-,-,-,-,-,-,-,-,-,-,-,-,-,-,-,-,-,-,-,-,-,-,-,-,-,-,-,-,-,-,-,Y110,S111,R112,I113,A114,V115,I116,V117,A118,L119,V120,V121,L122,G123,D124,I125,F126,M127,I128,A129,T130,G131,F132,I133,G134,Q135,Q136,Q137,L138,D139,A140,D141,-,-,-,-,-,-,-,-,-,-,-,-,-,-,-,-,-,-,-,-,-,-,-,-,G142,S143,I144,M145,V146,Q147,S148,R149,M150,I151,W152,G153,A154,I155,S156,T157,V158,G159,Y160,T161,M162,V163,L164,V165,G166,M167,Y168,Q169,I170,W171,N172,K173,Y174,R175,H176,E177,-,-,-,-,-,-,-,-,-,-,-,-,-,-,-,-,-,-,-,-,-,-,-,-,-,-,-,-,-,-,-,-,-,-,-,-,-,-,-,-,-,-,-,-,-,-,-,-,-,-,-,-,-,-,-,-,-,-,-,-,-,A178,K179,T180,L181,E182,R183,R184,A185,Y186,K187,Y188,M189,S190,L191,T192,V193,V194,T195,L196,W197,G198,V199,Y200,P201,I202,G203,Y204,I205,L206,V207,A208,L209,-,-,-,-,-,-,-,-,-,-,-,-,-,-,-,-,-,-,-,-,-,-,-,-,-,-,-,-,-,-,-,-,-,-,-,-,-,-,F210,P211,E212,M213,D214,N215,S216,W217,I218,H219,I220,T221,F222,S223,I224,A225,D226,V227,V228,N229,K230,A231,G232,V233,G234,I235,I236,A237,Y238,L239,M240,A241,S242,R243,-,-,-,-,-,-,-,-,-,-,-,-,-,-,-,-,-,-,-,-,-,-,-,-,-,-,-,-,-,-,-,-
MO_010,-,-,-,-,-,-,-,-,-,-,-,-,-,-,-,-,-,-,-,-,-,-,-,-,-,-,-,-,-,-,-,-,-,-,-,-,-,-,-,-,-,-,-,-,-,-,-,-,-,-,-,-,-,-,-,-,-,-,-,-,-,-,-,-,-,-,-,-,-,-,-,-,-,-,-,L19,F20,F21,F22,G23,L24,-,-,-,-,-,-,-,-,-,-,-,-,-,-,-,-,-,-,-,-,-,-,-,-,-,-,-,-,-,-,-,-,-,-,-,-,-,-,-,-,-,-,-,-,-,-,-,-,-,-,-,-,-,-,-,-,-,-,-,-,-,-,-,-,-,-,-,-,G27,I70,I71,F72,F73,V74,L75,L76,A77,A78,I79,D80,H81,-,-,-,-,-,-,-,-,-,-,-,-,-,-,-,-,-,-,-,-,-,-,-,-,-,-,-,-,-,-,-,-,-,-,-,-,-,-,-,-,-,-,-,-,-,R108,W109,I110,E111,Y112,S113,V114,S115,S116,T117,L118,M119,L120,L121,-,-,-,-,-,-,-,-,-,-,-,-,-,-,-,-,-,-,-,-,-,-,-,-,-,-,-,-,-,-,-,-,-,-,-,-,-,-,-,-,-,-,-,-,-,-,-,-,-,-,-,-,-,-,-,-,-,-,-,-,-,-,-,-,-,-,-,-,-,-,-,-,-,-,-,-,-,-,-,-,-,E168,V169,I170,I171,K172,W173,V174,-,-,-,-,-,-,-,-,-,-,-,-,-,-,-,-,-,-,-,-,-,-,-,-,-,-,-,-,-,-,-,-,-,-,-,-,-,-,-,-,-,-,-,-,-,-,-,-,-,-,-,-,-,-,-,-,-,-,-,-,-,-,-,-,-,-,-,-,-,-,-,-,-,-,-,-,-,-,-,-,-,-,-,-,-,-,-,-,-,-,-,-,-,-,-,-,-,-,-,-,-,-,-,-,-,-,-,-,-,-,-,-,-,-,-,-,-,-,-,-,-,-,-,-,-,-,-,-,-,-,-,-,-,-,-,-,-,-,-,-,-,-,L218,G219,T220,L221,V222,C223,F224,T225,T226,F227,G228,V229,Q244,T245,-,-,-,-,-,-,-,-,-,-,-,-,-,-,-,-,-,-,-,-,-,-,-,-,-,-,-,-,-,-,-,-,-,-,-,-,-,-,-,-,-,-,-,-,-,-,-,-,-,-,-,-,-,-,-,Y249,V250,I251,L252,S253,F254,T255,A256,K257,F258,-,-,-,-,-,-,-,-,-,-,-,-,-,-,-,-,-,-,-,-,-,-,-,-,-,-,-,-,-,-,-,-,-,-,-,-,-,-,-,-,-,-,-,-
MO_019,-,-,-,-,-,-,-,-,-,-,-,-,-,-,-,-,-,-,-,-,-,-,-,-,-,-,-,-,-,-,-,-,-,-,-,-,-,-,-,-,-,-,-,-,-,-,-,-,-,-,-,-,-,-,-,-,-,-,-,-,-,-,-,-,-,-,-,D1,R2,I3,K4,L5,C6,Y7,L8,L9,-,-,N10,V11,A12,M13,C14,-,-,-,-,-,-,-,-,-,-,-,-,-,-,-,-,-,-,-,-,-,-,-,-,-,-,-,-,-,-,-,-,-,-,-,-,-,-,-,-,-,-,-,-,-,-,-,-,-,-,-,-,-,-,-,-,-,-,-,-,-,-,-,-,-,-,L15,A16,Q17,A18,A19,A20,C21,F22,F23,T24,V25,F26,R27,W28,L29,H30,V31,N32,N33,V34,N35,G36,-,-,-,-,-,-,-,-,-,-,-,-,-,-,-,-,-,-,-,-,-,-,-,-,-,-,-,-,-,-,-,-,-,-,-,M37,R38,Y39,L40,G41,Y42,A43,F44,T45,C46,A47,L48,M49,Q50,A51,E52,L53,V54,V55,-,-,-,-,-,-,-,-,-,-,-,-,-,-,-,-,-,-,-,-,-,-,-,-,-,-,-,-,-,-,-,-,-,-,-,-,-,-,-,-,-,-,-,-,-,-,-,-,-,-,-,-,-,-,-,-,-,-,-,-,-,-,-,-,-,-,-,-,-,-,-,-,-,-,-,-,-,L56,I57,A58,P59,Y60,V61,P62,C63,Y64,K65,L66,-,-,-,-,-,-,-,-,-,-,-,-,-,-,-,-,-,-,-,-,-,-,-,-,-,-,-,-,-,-,-,-,-,-,-,-,-,-,-,N67,M68,I69,A70,V71,M72,V73,F74,T75,H76,V77,W78,L79,L80,T81,G82,W83,I84,G85,S86,L87,Q88,S89,G90,F91,L92,F93,E94,D95,S96,S97,W98,N99,S100,F101,V102,E103,N104,Y105,D106,A107,S108,-,-,-,-,-,-,-,-,-,-,-,-,-,-,-,-,-,-,-,-,-,-,-,-,-,-,-,V109,L110,I111,V112,T113,D114,K115,G116,L117,L118,I119,G120,A121,T122,A123,T124,G125,L126,S127,I128,M129,M130,F131,I132,Q133,M134,P135,M136,L137,L138,I139,M140,L161,F162,T163,V164,W165,L166,T167,W168,P169,A170,F171,W175,L176,V177,-,-,-,-,-,-,-,-,-,-,-,-,-,-,-,-,-,-,-,-,-,-,-,-,-,-,-,-,-,-,-,-,-,-,-,-,-,-,-,-,-,-,-,-,-,-,P172,C173,W174,-,-,-,S178,A179,E180,G181,L182,G183,L184,L185,A186,D187,A188,K189,S190,N191,A192,L193,G194,F195,G196,V197,L198,N199,C200,I201,S202,K203,G204,S205,F206,T207,Y208,V209,M210,L211,-,-,-,-,-,-,-,-,-,-,-,-,-,-,-,-,-,-,-,-,-
MO_007,-,-,-,-,-,-,-,-,-,-,-,-,-,-,-,-,-,-,-,-,-,-,-,-,-,-,-,-,-,-,-,-,-,-,-,-,-,-,-,-,-,-,-,-,-,-,-,-,-,-,-,-,-,-,-,-,N1,K2,S3,L4,A5,K6,L7,L8,L9,A10,L11,N12,L13,A14,G15,A16,A17,A18,H19,R35,I36,A37,V38,F39,S40,V41,I42,P43,A44,A45,N46,E47,T48,G49,S50,P51,T52,-,-,-,-,-,-,-,-,-,-,-,-,-,-,-,-,-,-,-,-,-,-,-,-,-,-,-,-,-,-,-,-,-,-,-,-,-,-,-,-,-,-,-,A53,E54,L55,A56,F57,A58,G59,H60,L61,Y62,P63,S64,A65,I66,V67,A68,A69,F70,F71,G72,L73,S74,L75,A76,F77,H78,L79,V80,V81,S82,L83,T84,L85,V86,A87,H88,L89,T90,S91,G92,P93,S94,P95,F96,T97,N98,W99,-,-,-,-,-,-,-,-,-,-,-,-,Y100,L101,H102,N103,L104,Y105,F106,C107,L108,A109,P110,H111,R112,W113,L114,E115,Y116,A117,F118,S119,A120,S121,L122,M123,I124,L129,L130,L131,G132,L133,H134,L135,L136,-,-,-,-,-,-,-,-,-,-,-,-,-,-,-,-,-,-,-,-,-,-,-,-,-,-,-,-,-,-,-,-,-,-,-,-,-,-,-,-,-,-,-,-,-,-,-,-,-,-,-,-,-,-,-,-,-,-,-,L125,L126,T127,C128,-,-,-,-,-,-,-,-,H137,V138,I139,W140,T141,V142,V143,G144,L145,M146,F147,V148,T149,M150,L151,F152,G153,W154,A155,T156,E157,L158,H159,S160,S161,N162,L163,I164,M165,A166,G167,A168,E169,P170,F171,E172,F173,C174,G175,W176,K177,L178,T179,R180,R181,W182,L183,P184,G185,S186,W187,R188,T189,R190,L191,Q192,I193,H194,F195,L196,G197,Y198,I199,P200,Y201,G202,L203,L204,W205,-,-,-,-,-,-,-,-,-,-,-,-,-,-,-,-,-,-,-,-,-,-,-,-,-,-,-,-,-,-,-,-,-,-,-,-,-,-,-,-,-,-,-,-,-,-,-,-,-,-,-,-,-,-,-,-,-,-,-,-,-,-,-,-,-,-,-,-,-,-,-,-,-,-,-,-,-,-,-,-,-,-,-,-,-,-,G206,I207,I208,F209,D210,Q211,F212,R213,L214,N215,M216,E217,K218,V219,G220,D221,T222,L223,P224,G225,F226,V227,N228,F229,V230,V231,I232,S233,S234,F235,V236,V237,-,-,-,-,-,-,-,F238,T239,M240,F241,G242,L243,V244,Q245,L246,A247,N248,Q249,L250,F251,P252,F253,G254,P255,S256,L257,Y258,W259,A260,G261,E262,A263,T264,Y265,I266,F267,L268,S269,F270,A271,A272,K273,A274,N275,L276,G277,F278,V279,V280,I281,F282,Q283,A284,L285,-,-,-,-,-,-,-,-,-,-,-,-,-,-,-,-,-,-,-,-,-,-,-,-,-,-,-,-,-,-,-,-,-
MO_005,-,-,-,-,-,-,-,-,-,-,-,-,-,-,-,-,-,-,-,-,-,-,-,-,-,-,-,-,-,-,-,-,-,-,-,-,-,-,-,-,-,-,-,-,-,-,-,-,-,-,-,-,-,-,-,-,-,-,-,-,-,-,-,-,-,-,-,-,-,-,-,-,-,-,-,L45,V46,M47,A48,I49,M50,-,-,-,-,-,-,-,-,-,-,-,-,-,-,-,-,-,-,-,-,-,-,-,-,-,-,-,-,-,-,-,-,-,-,-,-,-,-,-,-,-,-,-,-,-,-,-,-,-,-,-,-,-,-,-,-,-,-,-,-,-,-,-,-,-,-,-,-,V53,P54,P55,A56,A57,A58,L59,Y60,V61,A62,R63,P64,E65,-,-,-,-,-,-,-,-,-,-,-,-,-,-,-,-,-,-,-,-,-,-,-,-,-,-,-,-,-,-,-,-,-,-,-,-,-,-,-,-,-,-,-,-,-,H69,F70,L71,E72,D73,F74,V75,M76,S77,P78,L79,L80,I99,Y100,-,-,-,-,-,-,-,-,-,-,-,-,-,-,-,-,-,-,-,-,-,-,-,-,-,-,-,-,-,-,-,-,-,-,-,-,-,-,-,-,-,-,-,-,-,-,-,-,-,-,-,-,-,-,-,-,-,-,-,-,-,-,-,-,-,-,-,-,-,-,-,-,-,-,-,-,-,-,-,-,-,-,-,-,-,-,-,-,-,-,-,-,-,-,-,-,-,-,-,-,-,-,-,-,-,-,-,-,-,-,-,-,-,-,-,-,-,-,-,-,-,-,-,-,-,-,-,-,-,-,-,A112,A113,V114,A115,P116,A117,G118,L119,Q120,-,-,-,-,-,-,-,-,-,-,-,-,-,-,-,-,-,-,-,-,-,-,-,-,-,-,-,-,-,-,-,-,-,-,-,-,-,-,-,-,-,-,-,-,-,-,-,-,-,-,-,-,-,-,-,-,-,-,-,-,-,-,-,-,-,-,-,-,-,-,-,-,-,-,-,-,-,-,-,-,-,-,-,-,-,-,-,-,-,-,D162,L163,V164,V165,F166,T167,W168,T169,L170,Y171,P172,V173,V174,Q175,-,-,-,-,-,-,-,-,-,-,-,-,-,-,-,-,-,-,-,-,-,-,-,-,-,-,-,-,-,-,-,-,-,-,-,-,-,-,-,-,-,-,-,-,-,-,-,-,-,-,-,-,-,-,-,F192,A193,L194,L195,D196,V197,L198,S199,K200,L201,G202,A203,-,-,-,-,-,-,-,-,-,-,-,-,-,-,-,-,-,-,-,-,-,-,-,-,-,-,-,-,-,-,-,-,-,-,-,-,-,-,-,-,-,-
MO_023,-,-,-,-,-,-,-,-,-,-,-,-,-,-,-,-,-,-,-,-,-,-,-,-,-,-,-,-,-,-,-,-,-,-,-,-,-,-,-,-,-,-,-,-,-,-,-,-,-,-,-,-,-,-,-,-,-,-,-,-,-,-,-,-,-,-,-,-,-,-,-,-,-,-,-,I40,I41,G42,L43,I44,R45,-,-,-,-,-,-,-,-,-,-,-,-,-,-,-,-,-,-,-,-,-,-,-,-,-,-,-,-,-,-,-,-,-,-,-,-,-,-,-,-,-,-,-,-,-,-,-,-,-,-,-,-,-,-,-,-,-,-,-,-,-,-,-,-,-,-,-,-,E48,A49,T50,F51,V52,P53,P54,R90,S91,G92,R93,S94,V95,-,-,-,-,-,-,-,-,-,-,-,-,-,-,-,-,-,-,-,-,-,-,-,-,-,-,-,-,-,-,-,-,-,-,-,-,-,-,-,-,-,-,-,-,-,F99,Y100,A101,E102,W103,L104,I105,T106,V107,P108,I109,L110,L111,I112,-,-,-,-,-,-,-,-,-,-,-,-,-,-,-,-,-,-,-,-,-,-,-,-,-,-,-,-,-,-,-,-,-,-,-,-,-,-,-,-,-,-,-,-,-,-,-,-,-,-,-,-,-,-,-,-,-,-,-,-,-,-,-,-,-,-,-,-,-,-,-,-,-,-,-,-,-,-,-,-,-,V131,V132,T133,N134,G135,Y136,I137,-,-,-,-,-,-,-,-,-,-,-,-,-,-,-,-,-,-,-,-,-,-,-,-,-,-,-,-,-,-,-,-,-,-,-,-,-,-,-,-,-,-,-,Y142,V207,V208,Y209,V210,C211,A212,F235,I236,-,-,-,-,-,-,-,-,-,-,-,-,-,-,-,-,-,-,-,-,-,-,-,-,-,-,-,-,-,-,-,-,-,-,-,-,-,-,-,-,-,-,-,-,-,-,-,-,-,-,-,-,-,-,-,-,-,-,-,-,-,-,-,-,-,-,-,-,-,-,-,-,-,-,-,-,-,-,-,-,-,-,-,-,-,-,-,-,-,-,-,-,-,-,-,-,-,-,-,-,-,-,-,-,-,-,-,-,-,-,-,-,-,-,-,-,-,-,-,-,-,-,-,-,-,-,-,-,-,-,-,-,-,-,-,-,-,-,-,-,-,-,-,-,-,-,-,-,-,-,-,-,-,-,-,-,-,-,-,-,-,-,-,-,-,-,-,-,-,-,-,-,-,-,-,-,-,-,-,-,-,-,-,-,-,-,-,-,-,-,-,-,-,-,-,-,-,-,-,-,-,-,-,-,-,-,-,-,-,-,-,-,-
MO_014,-,-,-,-,-,-,-,-,-,-,-,-,-,-,-,-,-,-,-,-,-,-,-,-,-,-,-,-,-,-,-,-,-,-,-,-,-,-,-,-,-,-,-,-,-,-,-,-,-,-,-,-,-,-,-,-,-,-,-,-,D15,Y16,V17,S18,E19,W20,K21,A22,S23,F24,D25,A26,N27,G28,E29,Q30,R31,L32,Y33,Q34,P35,A36,L37,Q38,E39,V40,-,-,-,-,-,-,-,-,-,-,-,-,-,-,-,-,-,-,-,-,-,-,-,-,-,-,-,-,-,-,-,-,-,-,-,-,-,-,-,-,-,-,-,-,-,-,-,-,-,-,-,-,-,-,-,-,T41,T42,W43,R44,M45,W46,V47,L48,L49,L50,I51,F52,E53,A54,I55,T56,C57,F58,C59,H60,W61,L62,C63,W64,Y65,K66,H67,D68,T69,Y70,M71,T72,L73,L74,D75,-,-,-,-,-,-,-,-,-,-,-,-,-,-,-,-,-,-,-,-,-,-,-,-,S76,D77,M78,Q79,P80,V81,R82,W83,V84,E85,Y86,H87,I88,T89,A90,S91,I92,M93,T94,V95,C96,V97,C98,A99,L100,N101,R102,I103,-,-,-,-,-,-,-,-,-,-,-,-,-,-,-,-,-,-,-,-,-,-,-,-,-,-,-,-,-,-,-,-,-,-,-,-,-,-,-,-,-,-,-,-,-,-,-,-,-,-,-,-,-,-,-,-,-,-,T104,D105,V106,Y107,L108,L109,A110,A111,L112,F113,L114,I115,G116,M117,Y118,M119,N120,F121,T122,G123,G124,L125,G126,F127,E128,V129,L130,R131,Y132,A133,V134,R135,L136,E137,R138,-,-,-,-,-,-,-,-,-,-,-,-,-,-,L139,N140,G141,P142,I143,R144,T145,T146,L147,I148,F149,T150,Q151,W152,Y153,L154,F155,-,-,-,-,-,-,-,F156,L157,A158,W159,L160,A161,F162,I163,F164,Q165,F166,T167,A168,I169,M170,G171,A172,F173,Y174,W175,I176,I177,N178,P179,Y180,L181,Q182,L183,E184,-,-,-,-,-,-,-,-,-,-,-,-,-,-,-,-,-,-,-,-,-,-,-,-,-,-,-,-,-,-,-,-,-,-,-,-,-,S185,G186,E187,L188,W189,G190,Q191,L192,F193,G194,F195,V196,E197,I198,V199,N200,W201,G202,L203,F204,G205,S206,F207,L208,V209,F210,P211,I212,I213,H214,I215,Y216,Q217,T218,I219,A220,V221,Q222,S223,N224,W225,K226,-,-,-,-,-,-,-,-,-,-,-,-,-,-,-,-,-,-,-,-,-,-,-,-,-,-,-,-,-,-,-,-,-,-,-,-,-,-,-,-,-,-,-,G227,G228,Y229,Y230,K231,A232,E233,F234,C235,Y236,I237,V238,A239,S240,L241,F242,S243,K244,F245,L246,L247,V248,G249,S250,I251,F252,Y253,A254,A255,I256,-,-,-,-,-,-,-,-,-,-,-,-,-,-,-,-,-,-,-,-,-,-,-,-,-,-,-,-,-,-,-,-,-
MO_022,-,-,-,-,-,-,-,-,-,-,-,-,-,-,-,-,-,-,-,-,-,-,-,-,-,-,-,-,-,-,-,-,-,-,-,M1,C2,F3,L4,I5,S6,S7,S8,Q9,N10,V11,T12,L13,M14,G15,W16,N17,L18,S19,T20,Q21,L22,S23,L24,H25,G26,V27,G28,D29,H30,M31,L32,T33,L34,T35,S36,Y37,V38,I39,K40,A41,C42,T43,G44,L45,Y46,L47,W48,-,-,-,-,-,-,-,-,-,-,-,-,-,-,-,-,-,-,-,-,-,-,-,-,-,-,-,-,-,-,-,-,-,-,-,-,-,-,-,-,-,-,-,-,-,-,-,-,-,-,-,-,-,-,-,-,-,-,-,-,-,-,-,-,-,-,L49,A50,V51,G52,G53,V54,M55,H56,T57,D58,L59,P67,V68,Y69,M70,G71,-,-,-,-,-,-,-,-,-,-,-,-,-,-,-,-,-,-,-,-,-,-,-,-,-,-,-,-,-,-,-,-,-,-,-,-,-,-,-,-,-,-,R72,F73,A74,Q75,W76,S77,I78,A79,V80,P81,A82,L83,V84,A90,F91,M92,A93,K94,S95,S96,A97,L85,-,-,-,-,-,-,-,-,-,-,-,-,-,-,-,-,-,-,-,-,-,-,-,-,-,-,-,-,-,-,-,-,-,-,-,-,-,-,-,-,-,-,-,-,-,-,-,-,-,-,-,-,-,-,-,-,-,-,L86,T87,N88,R89,-,-,-,-,-,-,-,-,R98,D99,Q100,M101,T102,R103,T104,G105,P106,-,-,-,-,-,-,-,-,-,-,-,-,-,-,-,-,-,-,-,-,-,-,-,-,-,-,-,-,-,-,-,-,-,-,-,-,-,-,-,-,-,-,-,-,S107,M108,L109,A110,S111,F112,M113,F114,V115,W116,A117,A118,W119,V120,M121,E122,V123,T124,L125,S126,A127,P128,V129,Y130,W131,S132,M133,M134,L135,L136,S137,F138,S139,G140,A141,V142,I143,-,-,-,-,-,-,-,-,-,-,-,-,-,-,-,-,-,-,-,-,-,-,-,-,-,-,-,-,-,-,-,-,-,-,-,-,-,V144,S145,A146,D147,Q148,L149,Q150,L151,A152,Y153,H154,H155,R156,G157,D158,E159,L160,F161,S162,W163,K164,F165,A166,I167,V168,I169,Y170,E171,I172,F173,A174,F175,T176,L177,Y178,S192,I193,S194,E195,Q196,C197,G179,A180,F181,F182,L183,L184,-,-,-,-,-,-,-,-,-,-,-,-,-,-,-,-,-,-,-,-,-,-,-,-,-,-,-,-,-,-,-,-,-,G185,R186,F187,G188,L189,V190,D191,-,-,-,-,-,-,L198,Y199,A200,Y201,T202,D203,A204,T205,V206,K207,V208,F209,Q210,G211,A212,L213,I214,-,-,-,-,-,-,-,-,-,-,-,-,-,-,-,-,-,-,-,-,-,-,-,-,-,-,-,-,-,-,-,-,-,-,-,-,-,-
MO_002,-,-,-,-,-,-,-,-,-,-,-,-,-,-,-,-,-,-,-,-,-,-,-,-,-,-,-,-,-,-,-,-,-,-,-,-,-,-,-,-,-,-,-,-,-,-,-,-,-,-,V1,S2,V3,Y4,A5,F6,P7,L8,N9,L10,W11,Y12,V13,V14,L15,W16,I17,F18,A19,W20,S21,A22,I23,F24,Q25,F26,G27,R28,A29,-,-,-,-,-,-,-,-,-,-,-,-,-,-,-,-,-,-,-,-,-,-,-,-,-,-,-,-,-,-,-,-,-,-,-,-,-,-,-,-,-,-,-,-,-,-,-,-,-,-,-,-,-,-,-,-,-,-,-,-,-,-,-,-,-,-,-,-,-,-,L30,G31,F32,H33,K34,W35,Y36,F37,P38,E39,K40,G41,P42,E43,F44,S45,-,-,-,-,-,-,-,-,-,-,-,-,-,-,-,-,-,-,-,-,-,-,-,-,-,-,-,-,-,-,-,-,-,-,-,-,-,-,-,-,-,-,R46,W47,L48,E49,Y50,F51,F52,T53,A54,P55,F56,Q57,I58,L59,I60,V61,A62,L63,S64,F65,-,-,-,-,-,-,-,-,-,-,-,-,-,-,-,-,-,-,-,-,-,-,-,-,-,-,-,-,-,-,-,-,-,-,-,-,-,-,-,-,-,-,-,-,-,-,-,-,-,-,-,-,-,-,-,-,-,-,-,-,-,-,-,-,-,-,-,-,-,-,-,-,-,-,-,-,-,-,-,-,G66,F67,S68,-,-,-,-,-,-,-,-,-,-,-,-,-,-,-,-,-,-,-,-,-,-,-,-,-,-,-,-,-,-,-,-,-,-,-,-,-,-,-,-,-,-,N69,L70,D71,T72,L73,L74,G75,A76,M77,G78,M79,Q80,A81,G82,L83,V84,L85,L86,G87,Y88,D89,I90,E91,Q92,Q93,I94,K95,K96,I97,Y98,K99,R100,D101,L102,D103,A104,W105,A106,R107,T108,E109,M110,N111,E112,L113,T114,R115,T116,K117,K118,R119,F120,Q121,H122,V123,L124,R125,N126,W127,H128,I129,P130,D131,L132,R133,I134,W135,V136,Y137,L138,F139,V140,A141,W142,M143,L144,H145,T146,L147,I148,W149,G150,L151,P152,R153,L154,T155,E156,H157,L158,P159,F160,L161,Y162,L163,P164,W165,G166,I167,G168,V193,D194,F195,I196,F197,W198,S199,Q200,F201,F202,L203,F204,-,-,-,G169,K170,Y171,Q172,M173,Q174,K175,F176,H177,-,-,-,-,-,-,-,-,-,-,-,-,-,-,-,-,-,-,-,-,-,-,-,-,-,-,N178,E179,K180,C181,E182,K183,D184,P185,D186,F187,A188,I189,P190,G191,F192,-,-,-,-,-,-,-,-,-,-,-,-,T205,S206,F207,G208,V209,V210,C211,T212,W213,Q214,A215,A216,S217,A218,M219,Y220,L221,P222,S223,E224,K225,D226,Q227,N228,R229,K230,W231,R232,N233,I234,S235,I236,W237,Y238,S239,F240,L241,S242,I243,T244,A245,K246,T247,L248,L249
MO_009,-,-,-,-,-,-,-,-,-,-,-,-,-,-,-,-,-,-,-,-,-,-,-,-,-,-,-,-,-,-,-,-,-,-,-,-,-,-,-,-,-,-,-,-,-,-,-,-,-,-,-,-,-,-,-,-,-,-,D1,Y2,Q3,K4,Q5,L6,D7,R8,Y9,N10,L11,A12,A13,L14,L15,L16,H17,A18,T19,S20,A21,L22,I23,L24,V25,G26,L27,T28,I29,T30,N31,D32,Q33,W34,T35,V36,Y37,A38,T39,I40,N41,R42,P43,S44,W45,K46,P47,C48,D49,E50,N51,-,-,-,-,-,-,-,-,-,-,Q52,N53,L54,Q55,D56,P57,L58,R59,C60,D61,E62,T63,K64,C65,K66,I67,T68,S69,T70,T71,D72,V73,S74,G75,K76,F77,P78,I79,E80,W81,L82,V83,F84,T85,F86,H87,M88,L89,S90,V91,V92,A93,H94,A95,L96,N97,R98,F99,T100,L101,R102,D103,T104,Y105,F106,Y107,W108,L109,-,-,-,-,-,-,-,-,-,-,-,-,-,-,-,-,-,-,-,-,-,-,-,S110,R111,K112,M113,N114,P115,G116,R117,W118,L119,E120,Y121,F122,F123,S124,A125,S126,V127,M128,Q129,S130,V131,I132,M133,I134,L135,T136,G137,F138,-,-,-,-,-,-,-,-,-,-,-,-,-,-,-,-,-,-,-,-,-,-,-,-,-,-,-,-,-,-,-,-,-,-,-,-,-,-,-,-,-,-,-,-,-,-,-,-,-,-,-,-,-,-,-,-,-,-,F139,D140,V141,W142,T143,L144,S145,F146,S147,T148,V149,L150,I151,A152,V153,T154,Q155,I156,F157,G158,L176,D177,K178,W179,Q180,F181,-,H159,A160,T161,E162,Q163,Y164,L165,W166,-,-,-,-,-,-,-,-,-,-,-,-,-,-,-,R167,S168,R169,F170,V171,Q172,L173,T174,F175,-,-,-,-,-,-,F182,F183,Y184,G185,W186,V187,S188,F189,L190,P191,P192,W193,I194,S195,I196,Y197,Y198,T199,F200,Y201,W202,A203,V204,L205,H206,-,-,-,-,-,-,-,-,-,-,-,-,-,-,-,-,-,-,-,-,-,-,-,-,-,-,-,-,-,-,-,-,-,-,-,-,-,-,-,-,-,-,-,-,-,-,-,-,-,-,-,-,-,-,-,-,-,-,-,-,A207,D208,G209,S210,K211,P212,P213,D214,W215,V216,Q217,G218,I219,V220,W221,S222,L223,L224,V225,V226,F227,V228,S229,F230,A231,F232,V233,M234,I235,Y236,Y237,L238,R239,N240,-,-,-,-,-,-,-,-,-,-,-,-,-,-,-,-,-,-,-,-,-,-,-,-,-,-,-,-,-,-,-,-,-,-,-,-,H241,A242,N243,A244,N245,V246,S247,Y248,V249,S250,E251,K252,W253,Y254,C255,I256,L257,S258,L259,V260,S261,K262,T263,I264,L265,T266,W267,Q268,L269,Y270,F271,G272,A273,L274,-,-,-,-,-,-,-,-,-,-,-,-,-,-,-,-,-,-,-,-,-,-,-,-,-,-,-,-,-,-,-,-,-
MO_028,-,-,-,-,-,-,-,-,-,-,-,-,-,-,-,-,-,-,-,-,-,-,-,-,-,-,-,-,-,-,-,-,-,-,-,-,-,-,-,-,-,-,-,-,-,-,-,K1,M2,Q3,I4,S5,F6,L7,F8,V9,I10,C11,M12,L13,M14,D15,I16,G17,G18,I19,C20,F21,Q22,I23,S24,K25,K26,K27,R28,A29,L30,N31,S32,L33,V34,F35,F36,-,-,-,-,-,-,-,-,-,-,-,-,-,-,-,-,-,-,-,-,-,-,-,-,-,-,-,-,-,-,-,-,-,-,-,-,-,-,-,-,-,-,-,-,-,-,-,-,-,-,-,-,-,-,-,-,-,-,-,-,-,-,-,-,-,-,I37,N38,T39,V40,S41,F42,V43,V44,Y45,L46,S47,A48,C49,F50,G51,W52,I53,P54,A55,I56,Y57,S58,L59,D60,G61,K62,-,-,-,-,-,-,-,-,-,-,-,-,-,-,-,-,-,-,-,-,-,-,-,-,-,-,-,R63,V64,S65,V66,E67,R68,F69,F70,Q71,W72,M73,N74,T75,T76,P77,C78,M79,I80,F81,V82,L83,S84,A85,L86,G87,N88,T89,L90,Q91,K92,Y93,L94,I95,H96,-,-,-,-,-,-,-,-,-,-,-,-,-,-,-,-,-,-,-,-,-,-,-,-,-,-,-,-,-,-,-,-,-,-,-,-,-,-,-,-,-,-,-,D97,V98,K99,E100,L101,V102,K103,C104,V105,L106,W107,D108,E109,A110,M111,I112,F113,A114,G115,L116,L117,H118,A119,Y120,L121,G122,F123,S124,L125,L126,G127,W128,M129,F130,-,-,-,-,-,-,-,-,-,-,-,-,-,-,-,-,-,-,-,-,-,-,-,-,-,-,-,-,-,-,-,-,-,-,-,-,-,-,-,L131,L132,T133,A134,S152,I153,S154,K155,V156,A157,T158,V159,Y160,E161,V162,V163,S164,L165,R166,V167,L168,E169,-,-,-,-,-,-,-,-,-,-,-,-,-,-,-,-,-,-,-,-,-,-,-,-,-,-,-,-,-,-,-,-,-,-,-,-,-,-,-,-,-,-,-,-,-,-,-,-,-,-,-,-,-,-,-,-,-,-,-,-,-,-,-,-,-,-,-,-,-,-,-,-,-,-,-,-,-,I170,F171,T172,I173,V174,L175,W176,S177,L178,F179,P180,L181,V182,H183,V184,L185,Y186,F187,S188,-,-,-,-,-,-,-,-,-,-,-,-,-,-,-,-,-,-,-,-,-,-,-,-,-,-,-,-,-,-,-,-,-,-,-,-,-,-,-,G189,T190,I191,T192,F193,T194,Q195,Y196,D197,I198,A199,Q200,S201,F202,V203,D204,L205,A206,T207,K208,A209,I210,Y211,S212,V213,T214,L215,I216,-,-,-,-,-,-,-,-,-,-,-,-,-,-,-,-,-,-,-,-,-,-,-,-,-,-,-,-,-,-,-,-,-,-,-,-,-
MO_004,-,-,-,-,-,-,-,-,-,-,-,-,-,-,-,-,-,-,-,-,-,-,-,-,-,-,-,-,-,-,-,-,-,-,-,-,-,-,-,-,-,-,-,-,-,-,-,-,-,-,-,-,-,-,-,-,-,-,-,-,-,-,-,-,-,-,-,-,-,-,-,-,P1,I2,A3,G4,F5,G6,L7,L8,L9,I10,S11,-,-,-,-,-,-,-,-,-,-,-,-,-,-,-,-,-,-,-,-,-,-,-,-,-,-,-,-,-,-,-,-,-,-,-,-,-,-,-,-,-,-,-,-,-,-,-,-,-,-,-,-,-,-,-,-,-,-,-,-,-,-,-,-,-,-,E12,L13,A14,T15,W16,A17,F18,S19,S20,M21,G22,S23,Q24,L25,K26,F27,G28,Y29,V30,R31,H32,P33,V34,I35,A36,V37,H38,S39,I40,T41,L42,A43,Y44,Y45,V46,M47,E48,P49,I50,-,-,M51,G52,A53,P54,E55,M56,V57,D58,V59,F60,G61,R62,P63,L64,Y65,P66,L67,R68,Y69,V70,L71,W72,T73,S74,S75,V76,S77,C78,M79,S80,L81,S82,V83,Y84,Y85,V86,A87,E88,S89,M90,L91,R92,F93,A94,R95,-,-,-,-,-,-,-,-,-,-,-,-,-,-,-,-,-,-,-,-,-,-,-,-,-,-,-,-,-,-,-,-,-,-,-,-,-,-,-,-,-,-,-,-,-,K96,P97,H98,A99,D100,I101,E102,T103,L104,N105,G106,H107,L108,A109,V110,A111,L112,M113,S114,V115,L116,G117,M118,F119,T120,C121,G122,G123,L124,A125,S126,N127,L128,R129,V130,L131,T132,A133,-,-,-,-,-,-,-,-,-,-,-,-,-,-,-,-,-,-,-,-,-,-,D134,G135,V136,V137,R138,L139,Y140,V141,N142,G143,G144,F145,F146,A147,A148,S149,C150,A151,F152,F153,Y154,V155,T156,L157,H158,K159,L160,R161,V162,M163,L164,D165,V166,V167,P168,R169,L170,F171,-,-,-,-,-,-,-,-,-,-,-,-,-,-,-,-,-,-,-,-,-,-,-,-,-,-,-,-,-,-,-,-,-,-,-,-,-,-,-,-,-,-,-,-,-,-,-,-,-,-,-,-,-,-,-,-,-,-,-,G172,H173,V174,P175,G176,L177,R178,A179,Q180,F181,F182,L183,I184,K185,A186,S187,L188,F189,A190,A191,W192,H193,I194,F195,P196,A197,V198,W199,L200,L201,A202,A203,S204,-,-,-,-,-,-,-,-,-,-,-,-,-,-,-,-,-,-,-,-,-,-,-,-,-,-,-,-,-,-,-,-,-,-,-,-,-,-,-,M205,R206,L207,T208,P209,L210,R211,E212,H213,Q214,G215,Y216,V217,C218,A219,D220,V221,V222,V223,K224,Y225,W226,L227,L228,-,-,-,-,-,-,-,-,-,-,-,-,-,-,-,-,-,-,-,-,-,-,-,-,-,-,-,-,-,-,-,-,-,-,-,-,-,-,-,-,-
MO_020,-,-,-,-,-,-,-,-,-,-,-,-,-,-,-,-,-,-,-,-,-,-,-,-,-,-,-,-,-,-,-,-,-,-,-,-,-,-,-,-,-,-,-,N1,T2,N3,A4,L5,W6,D7,V8,T9,L10,T11,D12,G13,Q14,H15,S16,L17,V18,F19,Y20,A21,L22,S23,V24,A25,G26,L27,A28,L29,F30,A31,F32,A33,L34,R35,S36,F37,Y47,R48,P49,-,-,-,T38,T39,Q40,-,-,-,-,-,-,-,-,-,-,-,-,-,-,-,-,-,-,-,-,-,-,-,-,-,-,-,-,-,-,-,-,-,-,-,-,-,-,-,-,-,-,-,-,-,-,-,-,-,-,-,H41,E42,V43,S44,V45,R46,-,-,-,A50,I51,I52,A53,G54,M55,C56,V57,A58,A59,V60,A61,F62,L63,S64,Y65,V66,V67,L68,V69,L70,K71,F72,D73,A74,G75,Y76,T77,Q78,T79,S80,E81,G82,W83,-,-,-,-,-,-,-,-,-,-,-,-,V84,A85,T86,S87,N88,A89,V90,L91,S92,W93,A94,P95,R96,Y97,F98,D99,W100,T101,V102,T103,V104,P105,L106,L107,V108,T109,E110,L111,I112,A113,V114,S115,T116,L117,V118,-,-,-,-,-,-,-,-,-,-,-,-,-,-,-,-,-,-,-,-,-,-,-,-,-,-,-,-,-,-,-,-,-,-,-,-,-,-,-,-,-,-,-,-,-,-,-,-,-,-,-,-,-,-,-,G119,S120,T121,A122,S123,R124,Y125,R126,T127,I128,G129,V130,S131,L132,A133,V134,G135,M136,I137,V138,T139,G140,F141,I142,G143,G144,V145,A146,I147,D148,D149,-,-,-,-,-,-,-,-,-,-,-,-,-,-,-,-,-,-,-,-,-,-,-,-,-,-,G150,T151,N152,L153,G154,A155,L156,W157,I158,W159,G160,T161,L162,S163,A164,L165,C166,M167,V168,G169,L170,Y171,V172,M173,F174,I175,F176,M177,M178,M179,R180,A181,R182,R183,D184,-,-,-,-,-,-,-,-,-,-,-,-,-,-,-,-,-,-,-,-,-,-,-,-,-,-,-,-,-,-,-,-,-,-,-,-,-,-,-,-,-,-,-,-,-,-,-,-,-,-,-,-,-,-,-,-,-,-,-,-,M185,A186,G187,S188,S189,A190,L191,P192,T193,F194,N195,L196,T197,I198,A199,L200,L201,C202,V203,I204,W205,F206,A207,Y208,P209,I210,V211,F212,A213,L214,Q215,G216,F217,T218,-,-,-,-,-,-,-,-,-,-,-,-,-,-,-,-,-,-,-,-,-,-,-,-,-,-,-,-,-,-,-,-,-,-,-,-,-,V219,T220,S221,G222,S223,Y224,V225,T226,A227,Q228,V229,L230,L231,S232,V233,A234,D235,I236,I237,A238,K239,I240,G241,F242,G243,A244,L245,I246,H247,K248,I249,A250,K251,Q252,R253,T254,A255,E256,-,-,-,-,-,-,-,-,-,-,-,-,-,-,-,-,-,-,-,-,-,-,-,-,-,-,-,-
MO_001,-,-,-,-,-,-,-,-,-,-,-,-,-,-,-,-,-,-,-,-,-,-,-,-,-,-,-,-,-,-,-,-,-,-,-,-,-,-,-,-,-,-,-,-,-,-,-,-,-,E1,S2,K3,I4,T5,N6,K7,S8,F9,K10,N11,L12,D13,P14,L15,R16,K17,Y18,N19,L20,I21,L22,F23,V24,L25,H26,L27,G28,M29,A30,L31,F32,L33,L34,-,Y36,F37,N38,R39,Q40,R41,K42,K43,G44,S45,D46,V47,Q48,G49,I50,N51,L52,E53,L54,F55,E56,H57,A58,F59,R60,Q61,N62,-,-,-,-,-,-,-,P63,D64,T65,N66,F67,A68,E69,V70,F71,S72,E73,Q74,I75,A76,K77,I78,Q79,E80,G81,G82,V83,T84,S85,L86,-,-,-,-,-,-,-,A35,I87,V88,T89,F90,F91,M92,I93,T94,A95,A96,F97,H98,L99,I100,Y101,F102,L103,N104,P105,N106,N107,I108,Y109,L110,D111,S112,I113,-,-,-,-,-,-,-,-,-,-,-,-,-,-,-,-,-,-,-,-,-,-,-,K114,N115,G116,N117,N118,F119,L120,R121,W122,I123,E124,Y125,T126,G127,S128,A129,T130,I131,I132,I133,I134,V135,L136,A137,L138,L139,S140,G141,V142,K143,D144,-,-,-,-,-,-,-,-,-,-,-,-,-,-,-,-,-,-,-,-,-,-,-,-,-,-,-,-,-,-,-,-,-,-,-,-,-,-,-,-,-,-,-,-,-,-,-,-,-,-,-,-,-,-,I145,N146,N147,Y148,I149,L150,I151,T152,V153,A154,S155,I156,G157,V158,M159,S160,T161,G162,Q163,L164,F165,P171,K172,K173,K174,W175,L176,P177,-,E166,D167,-,-,-,-,-,-,-,-,-,-,-,-,-,-,-,-,-,-,-,-,-,-,-,-,-,-,Q168,R169,D170,-,-,-,-,-,-,-,I178,V179,V180,G181,F182,V183,L184,L185,M186,G187,I188,F189,T190,V191,I192,F193,R194,A195,F196,R197,K198,R199,L200,K201,E202,A203,-,-,-,-,-,-,-,-,-,-,-,-,-,-,-,-,-,-,-,-,-,-,-,-,-,-,-,-,-,-,-,-,-,-,-,-,-,-,-,-,-,-,-,-,-,-,-,-,-,-,-,-,-,-,-,-,-,-,E204,T205,A206,G207,F208,E209,V210,P211,S212,F213,L214,Y215,A216,I217,V218,Y219,V220,M221,F222,A223,F224,Y225,A226,S227,F228,G229,F230,V231,S245,E246,Y247,P232,V233,A234,Q235,-,-,-,-,-,-,-,-,-,-,-,-,-,-,-,-,-,-,-,-,-,-,-,-,-,-,-,-,-,-,-,-,-,-,-,-,M236,V237,F238,K239,K240,D241,Y242,R243,K244,-,-,-,A248,Y249,L250,T251,L252,S253,A254,V255,S256,K257,V258,S259,L260,G261,V262,L263,V264,A265,V266,G267,-,-,-,-,-,-,-,-,-,-,-,-,-,-,-,-,-,-,-,-,-,-,-,-,-,-,-,-,-,-,-,-,-,-,-
MO_026,-,-,-,-,-,-,-,-,-,-,-,-,-,-,-,-,-,-,-,-,-,-,-,-,-,-,-,-,-,-,-,-,-,-,-,-,-,-,-,-,-,-,-,-,-,-,-,-,-,-,-,-,-,-,-,-,-,-,-,-,-,-,-,T1,V2,S3,L4,N5,A6,A7,A8,A9,L10,F11,H12,A13,I14,Q15,A16,I17,V18,V19,L20,G21,L22,V23,S24,W25,L26,N27,T28,Q29,P30,A31,P32,S33,N34,K35,I36,G37,V38,F39,P40,L41,V42,K43,T44,V45,S46,I47,W48,H49,K50,K51,P52,E53,G54,A55,V56,G57,T58,E59,Y60,S61,E62,S63,G64,M65,V66,S67,D68,E69,F70,Y71,V72,E73,F74,K75,R76,I77,S78,S79,G80,E81,L82,D83,V84,R85,Y86,V87,I88,V89,A90,F91,F92,T93,L94,S95,A96,V97,F98,Q99,V100,I101,G102,G103,Y104,I105,L106,G107,G108,V109,W110,G111,-,-,-,-,-,-,-,-,-,-,-,-,-,-,-,-,-,-,-,-,-,-,-,-,-,-,-,-,-,-,S112,R113,L114,R115,F116,I117,E118,Y119,S120,F121,S122,A123,S124,I125,M126,I127,I128,A129,I130,A131,V132,E133,S134,G135,-,-,-,-,-,-,-,-,-,-,-,-,-,-,-,-,-,-,-,-,-,-,-,-,-,-,-,-,-,-,-,-,-,-,-,-,-,-,-,-,-,-,-,-,-,-,-,-,-,-,-,-,-,-,-,-,-,-,-,-,-,-,-,-,-,-,-,-,I136,R137,E138,L139,Y140,T141,L142,A143,M144,M145,F146,V147,L148,I149,W150,V151,T152,-,-,-,-,-,-,-,-,-,-,-,-,-,-,-,-,-,-,-,-,-,-,-,-,-,-,-,-,-,-,-,-,-,-,-,-,-,-,-,M153,M154,L155,G156,L157,L158,A159,D160,F161,I162,N163,A164,V165,T166,V167,V168,V169,D170,K171,Q172,V173,E174,W175,D176,P177,L178,L179,Y180,V181,M182,G183,P184,R185,V186,W187,L188,I189,P190,H191,I192,A193,A194,W195,V196,-,-,-,-,-,-,-,-,-,-,-,-,-,-,-,-,-,-,-,-,-,-,T197,C198,L199,A200,A201,Y202,G203,P204,I205,L206,D207,V208,F209,I210,Q211,G212,S213,S214,K215,S216,D217,V218,Q219,A220,P221,G222,F223,V224,H225,V226,I227,V228,F229,L230,Q231,F232,A233,L234,F235,S236,I237,F238,G239,L240,V241,Q242,M243,Y244,S245,L246,V247,R248,R249,T250,S251,L252,I253,T254,D255,T256,L257,R258,S259,G260,G261,K262,K263,Y264,S265,A266,V267,L268,A269,D270,D271,A272,G273,A274,T275,M276,Q277,F278,Q279,P280,E281,S282,N283,I284,Y285,R286,D287,L288,S289,D290,L291,N292,D293,F294,V295,E296,K297,A298,Y299,I300,T301,L302,S303,F304,V305,A306,K307,T308,L309,L310,S311,W312,L313,I314,L315,S316,P317,I318,L319,A320,-,-,-,-,-,-,-,-,-,-,-,-,-,-,-,-,-,-,-,-,-,-,-,-,-,-,-,-,-,-,-,-
MO_012,-,-,-,-,-,-,-,-,-,-,-,-,-,-,-,-,-,-,-,-,-,-,-,-,-,-,-,-,-,-,-,-,-,-,-,-,-,-,-,-,-,-,-,-,-,-,-,-,-,-,-,-,-,-,-,-,-,-,-,-,-,-,-,-,M1,L2,V3,E4,A5,V6,P7,L8,V9,A10,H11,L12,S13,Q14,G15,V16,A17,M18,L19,-,-,-,-,-,-,-,-,-,-,-,-,-,-,-,-,-,-,-,-,-,-,-,-,-,-,-,-,-,-,-,-,-,-,-,-,-,-,-,-,-,-,-,-,-,-,-,-,-,-,-,-,-,-,-,-,-,-,-,-,-,-,-,-,-,-,F20,L21,Q22,K23,N24,P56,M57,L58,S59,S60,L61,N62,H63,A64,I65,A66,I67,G68,E69,T70,I71,S72,G73,K74,Q75,V76,-,-,-,-,-,-,-,-,-,-,-,-,-,-,-,-,-,-,-,-,-,-,-,-,-,-,-,-,S77,K78,G79,V80,K81,W82,A83,E84,Y85,S86,A87,S88,A89,G90,L91,M92,L93,W94,I95,I96,S97,S98,L99,S100,G101,I102,L103,D104,L105,R106,T107,L108,V109,S110,I111,I112,I113,S114,N115,I116,-,-,-,-,-,-,-,-,-,-,-,-,-,-,-,-,-,-,-,-,-,-,-,-,-,-,-,-,-,-,L117,L118,Q119,Y120,I121,G122,Y123,K124,L125,E126,N127,V128,P129,S130,N131,N132,K133,K134,R135,D136,F137,G138,L139,L140,S141,V142,A143,W144,V145,L146,Q147,A148,T149,I150,W151,T152,Q153,I154,I155,T156,-,-,-,-,-,-,-,-,-,-,-,-,-,-,-,-,-,-,-,-,-,-,-,-,-,-,-,-,-,-,-,-,-,-,-,-,-,-,-,S157,F158,Y159,G160,A161,L162,S163,E164,A165,T166,K167,E168,V169,P170,A171,F172,V173,Y174,G175,V176,I177,-,-,-,-,-,-,-,-,-,-,-,-,-,-,-,-,-,-,-,-,-,-,-,-,-,-,-,-,-,-,-,-,-,-,-,-,-,-,-,-,-,-,-,-,-,-,-,-,-,-,-,-,-,-,-,-,-,-,-,-,-,-,-,-,-,-,-,-,-,-,-,-,-,-,-,-,-,-,W178,I179,M180,F181,S182,L183,F184,S185,G186,F187,G188,I207,L208,K209,D210,R211,I189,W190,F191,S192,I193,I194,Y195,F196,-,-,-,-,-,-,-,-,-,-,-,-,-,-,-,-,-,-,-,-,-,-,-,-,-,-,-,-,R197,D198,N199,N200,I201,S202,A203,D204,K205,H206,-,-,-,-,-,I212,G213,Y214,N215,I216,L217,S218,L219,V220,S221,K222,S223,T224,L225,L226,W227,M228,V229,Y230,F231,G232,L233,K234,N235,A236,D237,L238,P239,V240,A241,Q242,T243,-,-,-,-,-,-,-,-,-,-,-,-,-,-,-,-,-,-,-,-,-,-,-,-
MO_021,F1,R2,Q3,F4,L5,L6,L7,H8,I9,F10,A11,L12,L13,L14,H15,T16,T17,C18,T19,T20,Y21,A22,F23,S24,L25,S26,L27,S28,Y29,E30,T31,P32,I33,N34,T35,I36,V37,E38,R39,V40,N41,Y42,K43,N44,L45,S46,Y47,D48,T49,Y50,Y51,K52,V53,D54,S55,I56,Y57,K58,Y59,D60,I61,P62,S63,V64,I65,L66,I67,H68,G69,I70,V71,A72,F73,I74,T75,I76,V77,F78,H79,L80,L81,F82,Y83,-,-,-,-,-,-,-,-,-,-,-,-,-,-,-,-,-,-,-,-,-,-,-,-,-,-,-,-,-,-,-,-,-,-,-,-,-,-,-,-,-,-,-,-,-,-,-,-,-,-,-,-,-,-,-,-,-,-,-,-,-,-,-,-,-,-,I84,P85,I86,H87,Y88,K89,F90,G91,N92,T93,Q97,G98,Y99,F100,T101,L102,-,-,-,-,-,-,-,-,-,-,-,-,-,-,-,-,-,-,-,-,-,-,-,-,-,-,-,-,-,-,-,-,-,-,-,-,-,-,-,-,-,-,R103,W104,I105,E106,Y107,S108,F109,T110,C111,T112,L113,M114,S115,L116,S117,S118,I119,M120,S121,S122,G123,T124,D125,E126,L127,-,-,-,-,-,-,-,-,-,-,-,-,-,-,-,-,-,-,-,-,-,-,-,-,-,-,-,-,-,-,-,-,-,-,-,-,-,-,-,-,-,-,-,-,-,-,-,-,-,-,-,L128,T129,V130,F131,S132,I133,M134,I135,Y136,G137,I138,A139,L140,Q141,L142,I143,G144,C145,C146,I147,E148,R149,M150,R151,Y152,A153,C154,W155,F156,L157,-,-,-,-,-,-,-,-,-,-,-,-,-,-,-,-,-,-,-,-,-,-,-,-,-,-,-,-,-,-,-,-,-,-,-,-,-,-,-,F158,A159,I160,G161,S162,L163,I164,N165,L166,G167,T168,S169,L170,P171,S172,F173,-,-,-,A177,S178,A179,P180,S181,T182,S183,N184,I185,Q186,-,-,-,-,-,-,-,-,-,-,-,-,-,-,-,-,-,-,-,-,-,-,-,-,-,-,-,-,-,-,-,-,-,-,-,-,-,-,-,-,-,-,-,-,-,-,-,-,-,-,-,-,V187,I188,E189,Y190,V191,A192,F193,-,-,-,-,-,-,-,-,-,-,-,W174,Y175,V176,I194,F195,F196,Y197,A198,L199,F200,P201,L202,N203,C204,L205,A206,D207,A208,T209,N210,-,-,-,-,-,-,-,-,-,-,-,-,-,-,-,-,-,-,-,-,-,-,-,-,-,-,-,-,-,-,-,-,-,-,-,-,S211,S212,R213,K214,N215,K216,F217,Y218,K219,T220,D221,W222,I223,Y224,N225,V226,L227,S228,L229,S230,S231,K232,-,-,F233,G234,L235,F236,W237,L238,Q239,V240,G241,E242,-,-,-,-,-,-,-,-,-,-,-,-,-,-,-,-,-,-,-,-,-,-,-,-,-,-,-,-,-,-,-,-,-
MO_013,-,-,-,-,-,-,-,-,-,-,-,-,-,-,-,-,-,-,-,-,-,-,-,-,-,-,-,-,-,-,-,-,-,-,-,-,-,-,-,-,-,-,-,-,-,-,-,-,-,-,-,-,-,-,-,-,-,-,-,-,A54,V55,G56,S57,F58,L59,T60,A61,T62,A63,M64,L65,S66,V67,L68,A69,F70,F71,A72,A73,V74,S75,D76,G77,D78,K79,-,-,-,-,-,-,-,-,-,-,-,-,-,-,-,-,-,-,-,-,-,-,-,-,-,-,-,-,-,-,-,-,-,-,-,-,-,-,-,-,-,-,-,-,-,-,-,-,-,-,-,-,-,-,-,-,S80,K81,M82,F83,L84,T85,A86,L87,S88,V89,V90,I91,N92,A93,V94,A95,A96,I97,H98,Y99,S100,W101,I102,A103,K104,I105,R106,G107,F108,E109,G110,S111,R112,W113,K114,L115,L116,S117,D118,S119,G120,K121,K122,F123,S124,P125,L126,A127,A128,W129,N130,N131,E132,D133,A134,V135,G136,T137,E138,L139,M140,V141,D142,A143,I144,R145,H146,S147,D148,W149,A150,I151,T152,M153,P154,F155,L156,V157,F158,K159,V160,Y161,A162,L163,I164,N165,N166,P167,T168,-,-,-,-,-,-,-,-,-,-,-,-,-,-,-,-,-,-,-,-,-,-,-,-,-,-,-,-,-,-,-,-,-,-,-,-,-,-,-,-,-,-,-,-,-,-,-,-,-,-,-,-,-,-,D169,S170,P171,I172,F173,N174,S175,V176,D177,V178,A179,A180,A181,V182,S183,V184,L185,M186,V187,L188,L189,G190,A191,F192,A193,R194,L195,G196,T197,D198,D199,-,-,-,-,-,-,-,-,-,-,-,-,-,-,-,-,-,-,-,-,-,-,-,-,-,-,-,M200,H201,K202,D203,H204,P205,W206,A207,I208,R209,S210,L211,G212,L213,V214,A215,Y216,V217,G218,S219,L220,V221,C222,L223,V224,L225,L226,L227,V228,D229,L230,-,-,-,-,-,-,-,-,-,-,-,-,-,-,-,-,-,-,-,-,-,-,-,-,-,-,-,-,-,-,-,-,-,-,-,-,-,-,-,-,-,-,-,-,-,-,-,-,-,-,-,-,-,-,-,-,-,-,-,-,-,-,-,-,-,-,-,-,-,-,-,-,-,-,-,-,-,R231,V232,F246,F247,Y248,I249,W250,I251,G252,Y253,P254,V255,V256,A257,V258,V259,G260,V261,L262,H263,R264,L265,Y266,-,-,-,-,-,-,-,-,-,-,-,-,-,-,-,-,-,-,-,-,-,-,-,-,-,-,-,-,-,-,F267,S268,G269,G270,V271,T272,E273,T274,L275,S276,L277,F278,K279,D280,A281,G282,F283,G284,L285,L286,D287,C288,Y289,S290,K291,G292,G293,F294,A295,M296,W297,T298,A299,W300,T301,V302,F303,G304,Q305,S306,L307,F308,A309,A310,P311,A312,A313,T314,P315,F316,V317,A318,S319,-,-,-,-,-,-,-,-,-,-,-,-,-,-,-,-,-
MO_027,-,-,-,-,-,-,-,-,-,-,-,-,-,-,-,-,-,-,-,-,-,-,-,-,-,-,-,-,-,-,-,-,-,-,-,-,-,-,-,-,-,-,-,-,-,-,-,-,-,-,-,-,-,-,-,-,-,-,-,-,-,T1,L2,Q3,E4,T5,T6,F7,A8,I9,S10,M11,L12,F13,Q14,L15,T16,T17,L18,V19,L20,G21,V22,V23,A24,L25,G26,K27,E28,A29,-,-,-,-,-,-,-,-,-,-,-,-,-,-,-,-,-,-,-,-,-,-,-,-,-,-,-,-,-,-,-,-,-,-,-,-,-,-,-,-,-,-,-,-,-,-,-,-,-,V30,P31,E32,V33,L34,R35,L36,V37,L38,V39,L40,E41,V42,V43,V44,Q45,V46,V47,E48,L49,A50,W51,Y52,T53,L54,V55,G56,L57,N58,Y59,A60,F61,R62,Q63,G64,S65,-,-,-,-,-,-,-,-,-,-,-,-,-,-,-,-,-,-,-,-,-,-,-,-,-,-,-,I66,S67,I68,A69,Y70,R71,Y72,L73,D74,W75,A76,I77,T78,T79,P80,V81,M82,L83,V84,S85,I86,F87,L88,F89,V90,R91,W92,D93,S94,N95,Q96,E97,C98,T99,S100,-,-,-,-,-,-,-,-,-,-,-,-,-,-,-,-,-,-,-,-,-,-,-,-,-,-,-,-,-,-,-,-,-,-,-,-,-,-,-,-,-,-,I101,D102,K103,I104,F105,N106,D107,G108,S109,H110,V111,A112,A113,I114,V115,S116,I117,V118,L119,A120,D121,Y122,V123,M124,L125,A126,I127,G128,Y153,L154,G155,F156,I157,P158,-,A129,A130,Y131,E132,I133,R134,F135,E136,S137,V138,T139,-,-,-,-,-,-,-,-,R140,A141,L142,D143,R144,V145,A146,M147,C148,F149,S150,G151,L152,-,-,-,-,-,-,F159,L160,G161,A162,F163,A164,P165,L166,I167,V168,T169,V170,S171,A172,N173,F174,S175,T176,W177,-,-,-,-,-,-,-,-,-,-,-,-,-,-,-,-,-,-,-,-,-,-,-,-,-,-,-,-,-,-,-,-,-,-,-,-,-,-,-,-,-,-,-,-,-,-,-,-,-,-,-,-,-,-,-,-,-,-,-,-,-,-,-,-,-,-,-,-,-,-,-,-,-,-,-,-,-,-,-,-,G178,F179,T185,F186,V187,T188,W189,A190,F191,Y192,G193,A194,S208,R209,N210,S211,V195,A196,I197,L198,G199,-,-,-,-,-,-,-,-,-,-,-,-,-,-,-,-,-,-,-,-,-,-,-,-,-,-,-,-,-,-,-,-,-,-,-,E200,N201,S202,T203,L204,S205,E206,E207,-,-,-,-,A212,Y213,N214,L215,L216,D217,I218,V219,S220,K221,N222,V223,V224,G225,L226,V227,V228,-,-,-,-,-,-,-,-,-,-,-,-,-,-,-,-,-,-,-,-,-,-,-,-,-,-,-,-,-,-,-,-,-,-,-,-,-,-
MO_008,-,-,-,-,-,-,-,-,-,-,-,-,-,-,-,-,-,-,-,-,-,-,-,-,-,-,-,-,-,-,-,-,-,-,-,-,-,-,-,-,-,-,-,-,-,-,-,-,-,-,-,-,-,-,-,-,-,-,-,-,-,-,L1,L2,T3,A4,W5,N6,V7,A8,M9,T10,L11,F12,H13,V14,A15,L16,A17,T18,T19,T20,L21,-,L23,G24,T25,L26,D27,L28,T29,V30,P31,V32,Y33,R34,T35,I36,L37,T38,V39,N40,Q41,T42,R43,T44,-,-,-,-,-,-,-,-,-,-,-,-,-,-,-,-,P45,P46,L47,L48,L49,P50,E51,L52,V53,R54,D55,R56,V57,D58,L59,P60,L61,T62,A63,F64,-,-,-,-,-,-,-,A22,V65,A66,A67,F68,F69,A70,I71,T72,A73,I74,A75,H76,L77,L78,N79,A80,T81,L82,L83,R84,G85,F86,Y87,F88,R89,E90,L91,-,-,-,-,-,-,-,-,-,-,-,-,-,-,-,-,-,-,-,-,-,-,-,G92,R93,C94,R95,T96,P97,L98,R99,W100,V101,E102,Y103,S104,F105,S106,A107,P108,L109,M110,M111,T112,L113,I114,G115,Y116,L117,M118,G119,-,-,-,-,-,-,-,-,-,-,-,-,-,-,-,-,-,-,-,-,-,-,-,-,-,-,-,-,-,-,-,-,-,-,-,-,-,-,-,-,-,-,-,-,-,-,-,-,-,-,-,-,-,-,-,-,-,-,-,-,-,-,-,-,-,-,-,-,-,-,L120,R121,D122,R123,A124,V125,L126,F127,L141,W142,V143,E144,M145,I146,S147,R148,P149,L150,T151,P152,R153,-,-,-,-,-,-,-,-,-,-,-,-,-,-,-,-,-,-,-,-,-,T154,W155,T156,L157,P158,L159,H160,V161,R162,L163,F164,P165,W166,L167,L168,G169,H170,V171,P172,Q173,T174,A175,A176,W177,I178,V179,V180,I181,L182,Q183,L184,Y185,D186,G187,A188,A189,-,-,-,-,-,-,-,-,-,-,-,-,-,-,-,-,-,-,-,-,-,-,-,-,-,-,-,-,-,-,-,-,-,-,-,-,-,-,-,-,-,-,-,-,-,-,-,-,-,-,-,-,-,-,-,-,-,-,-,-,-,-,D190,S191,D192,L193,I194,P195,W196,F197,V198,Y199,V200,I201,L202,W203,T204,Q205,L206,A207,L208,F209,Y210,S211,F212,G213,L214,A215,T216,V217,V218,S219,Q220,C221,-,-,-,-,-,-,-,-,-,-,-,-,-,-,-,-,-,-,-,-,-,-,-,-,-,-,-,-,-,-,-,-,-,-,-,-,-,-,M222,P223,P224,D225,R226,F227,Y228,R229,G230,E231,L232,L233,F234,Q235,F236,L237,S238,L239,A240,S241,K242,G243,L244,L245,G246,G247,L248,L249,I250,A251,N252,V253,L254,M255,-,-,-,-,-,-,-,-,-,-,-,-,-,-,-,-,-,-,-,-,-,-,-,-,-,-,-,-,-,-,-,-
MO_015,-,-,-,-,-,-,-,-,-,-,-,-,-,-,-,-,-,-,-,-,-,-,-,-,-,-,-,-,-,-,-,-,-,-,-,-,-,-,-,-,-,-,-,-,-,-,-,-,-,-,-,-,-,-,-,-,-,-,-,-,-,-,-,-,-,-,-,-,-,-,-,-,-,-,-,I99,A100,A101,V102,I103,I118,-,-,-,-,-,-,-,-,-,-,-,-,-,-,-,-,-,-,-,-,-,-,-,-,-,-,-,-,-,-,-,-,-,-,-,-,-,-,-,-,-,-,-,-,-,-,-,-,-,-,-,-,-,-,-,-,-,-,-,-,-,-,-,-,-,-,-,-,L121,L122,T123,F124,L125,S126,-,-,-,-,-,-,-,-,-,-,-,-,-,-,-,-,-,-,-,-,-,-,-,-,-,-,-,-,-,-,-,-,-,-,-,-,-,-,-,-,-,-,-,-,-,-,-,-,-,-,-,-,-,-,-,-,-,-,-,-,-,-,-,-,-,-,-,-,-,-,-,-,-,-,-,-,-,-,-,-,-,-,-,-,-,-,-,-,-,-,-,-,-,-,-,-,-,-,-,-,-,-,-,-,-,-,-,-,-,-,-,-,-,-,-,-,-,-,-,-,-,-,-,-,-,-,-,-,-,-,-,-,-,-,-,-,-,-,-,-,-,-,-,-,-,-,-,-,-,-,-,-,I127,I128,-,-,-,-,-,-,-,-,-,-,-,-,-,-,-,-,-,-,-,-,-,-,-,-,-,-,-,-,-,-,-,-,-,-,-,-,-,-,-,-,-,-,-,W133,P134,L135,S136,R137,V138,A139,A140,S141,-,-,-,-,-,-,-,-,-,-,-,-,-,-,-,-,-,-,-,-,-,-,-,-,-,-,-,-,-,-,-,-,-,-,-,-,-,-,-,-,-,-,-,-,-,-,-,-,-,-,-,-,-,-,-,-,-,-,-,-,-,-,-,-,-,-,-,-,-,-,-,-,-,-,-,-,-,-,-,-,-,-,-,-,-,-,-,-,-,-,N155,L156,V157,I158,L159,V160,L161,V162,L163,Y164,F165,V166,T167,F181,-,-,-,-,-,-,-,-,-,-,-,-,-,-,-,-,-,-,-,-,-,-,-,-,-,-,-,-,-,-,-,-,-,-,-,-,-,-,-,-,-,-,-,-,-,-,-,-,-,-,-,-,-,-,-,F185,M186,A187,V188,D191,L192,V193,L194,I195,V196,G197,F198,-,-,-,-,-,-,-,-,-,-,-,-,-,-,-,-,-,-,-,-,-,-,-,-,-,-,-,-,-,-,-,-,-,-,-,-,-,-,-,-,-,-
MO_018,-,-,-,-,-,-,-,-,-,-,-,-,-,-,-,-,-,-,-,-,-,-,-,-,-,-,-,-,-,-,-,-,-,-,-,-,-,-,-,-,-,-,-,-,-,-,-,-,-,-,-,-,-,-,-,-,-,-,-,-,-,-,-,-,-,-,-,-,-,-,-,-,-,-,-,-,-,-,-,T1,A2,-,-,-,-,-,-,-,-,-,-,-,-,-,-,-,-,-,-,-,-,-,-,-,-,-,-,-,-,-,-,-,-,-,-,-,-,-,-,-,-,-,-,-,-,-,-,-,-,-,-,-,-,-,-,-,-,-,-,-,-,-,-,-,-,-,-,-,-,L5,-,-,-,-,-,-,-,T6,A7,A8,M9,Q10,-,-,-,-,-,-,-,-,-,-,-,-,-,-,-,-,-,-,-,-,-,-,-,-,-,-,-,-,-,-,-,-,-,-,-,-,-,-,-,-,-,-,-,-,-,R69,W70,S71,E72,W73,T74,V75,L76,A77,D91,I92,S93,T94,P95,-,-,-,-,-,-,-,-,-,-,-,-,-,-,-,-,-,-,-,-,-,-,-,-,-,-,-,-,-,-,-,-,-,-,-,-,-,-,-,-,-,-,-,-,-,-,-,-,-,-,-,-,-,-,-,-,-,-,-,-,-,-,-,-,-,-,-,-,-,-,-,-,-,-,-,-,-,-,-,-,-,T106,F107,C108,L126,S127,F128,T129,-,-,-,-,-,-,-,-,-,-,-,-,-,-,-,-,-,-,-,-,-,-,-,-,-,-,-,-,-,-,-,-,-,-,-,-,-,-,-,-,-,-,-,I134,V207,V208,D209,M210,L211,A212,K213,M214,-,-,-,-,-,-,-,-,-,-,-,-,-,-,-,-,-,-,-,-,-,-,-,-,-,-,-,-,-,-,-,-,-,-,-,-,-,-,-,-,-,-,-,-,-,-,-,-,-,-,-,-,-,-,-,-,-,-,-,-,-,-,-,-,-,-,-,-,-,-,-,-,-,-,-,-,-,-,-,-,-,-,-,-,-,-,-,-,-,-,-,-,-,-,-,-,-,-,-,-,-,-,-,-,-,-,-,-,-,-,-,-,-,-,-,-,-,-,-,-,-,-,-,-,-,-,-,-,-,-,-,-,-,-,-,-,-,-,-,-,-,-,-,-,-,-,-,-,-,-,-,-,-,-,-,-,-,-,-,-,-,-,-,-,-,-,-,-,-,-,-,-,-,-,-,-,-,-,-,-,-,-,-,-,-,-,-,-,-,-,-,-,-,-,-,-,-,-,-,-,-,-,-,-,-,-,-,-,-,-,-,-,-
MO_003,-,-,-,-,-,-,-,-,-,-,-,-,-,-,-,-,-,-,-,-,-,-,-,-,-,-,-,-,-,-,-,-,-,-,-,-,-,-,-,-,-,-,-,-,-,-,-,-,-,-,-,-,-,-,-,-,-,-,-,-,-,-,-,-,-,-,-,-,-,-,-,-,-,-,-,-,-,-,-,-,-,-,-,-,-,-,-,-,-,-,-,-,-,-,-,-,-,-,-,-,-,-,-,-,-,-,-,-,-,-,-,-,-,-,-,-,-,-,-,-,-,-,-,-,-,-,-,-,-,-,-,-,-,-,-,-,-,-,-,-,-,-,-,-,-,-,-,-,-,-,A1,A2,T3,I4,F5,A6,V7,Q8,A9,V10,A11,H72,-,-,-,-,-,-,-,-,-,-,-,-,-,-,-,-,-,-,-,-,-,-,-,-,-,-,-,-,-,-,-,-,-,-,-,-,-,-,-,-,-,-,-,-,-,R76,N77,L78,H79,W80,L81,L82,V83,T84,P85,L118,L119,M120,L121,-,-,-,-,-,-,-,-,-,-,-,-,-,-,-,-,-,-,-,-,-,-,-,-,-,-,-,-,-,-,-,-,-,-,-,-,-,-,-,-,-,-,-,-,-,-,-,-,-,-,-,-,-,-,-,-,-,-,-,-,-,-,-,-,-,-,-,-,-,-,-,-,-,-,-,-,-,-,-,-,-,Y132,F133,S134,I135,S136,T137,L138,-,-,-,-,-,-,-,-,-,-,-,-,-,-,-,-,-,-,-,-,-,-,-,-,-,-,-,-,-,-,-,-,-,-,-,-,-,-,-,-,-,-,-,M143,F144,G145,L146,V147,A148,S149,L150,P151,-,-,-,-,-,-,-,-,-,-,-,-,-,-,-,-,-,-,-,-,-,-,-,-,-,-,-,-,-,-,-,-,-,-,-,-,-,-,-,-,-,-,-,-,-,-,-,-,-,-,-,-,-,-,-,-,-,-,-,-,-,-,-,-,-,-,-,-,-,-,-,-,-,-,-,-,-,-,-,-,-,-,-,-,-,-,-,-,-,-,G165,L166,T167,F168,I169,L170,W171,S172,C173,Y174,P175,L176,V177,Q192,-,-,-,-,-,-,-,-,-,-,-,-,-,-,-,-,-,-,-,-,-,-,-,-,-,-,-,-,-,-,-,-,-,-,-,-,-,-,-,-,-,-,-,-,-,-,-,-,-,-,-,-,-,-,-,F196,S197,A198,L199,D200,V201,S202,T203,K204,A205,-,-,-,-,-,-,-,-,-,-,-,-,-,-,-,-,-,-,-,-,-,-,-,-,-,-,-,-,-,-,-,-,-,-,-,-,-,-,-,-,-,-,-,-
MO_017,-,-,-,-,-,-,-,-,-,-,-,-,-,-,-,-,-,-,-,-,-,-,-,-,-,-,-,-,-,-,-,-,-,-,-,-,-,-,-,-,-,-,-,-,-,-,-,-,-,-,-,-,-,-,-,-,-,-,-,-,-,-,-,-,-,-,-,-,-,-,-,-,-,-,-,-,-,-,-,-,-,-,-,-,-,-,-,-,-,-,-,-,-,-,-,-,-,-,-,-,-,-,-,-,-,-,-,-,-,-,-,-,-,-,-,-,-,-,-,-,-,-,-,-,-,-,-,-,-,-,-,-,-,-,-,-,-,-,-,-,-,-,-,-,-,-,-,-,-,-,-,-,-,-,-,-,-,-,-,-,-,-,-,-,-,-,-,-,-,-,-,-,-,-,-,-,-,-,-,-,-,-,-,-,-,-,-,-,-,-,-,-,-,-,-,-,-,-,-,-,-,-,-,-,-,-,-,-,-,-,-,-,A1,E2,T3,T4,Y5,L6,A7,A8,A9,-,-,-,-,-,-,-,-,-,-,-,-,-,-,-,-,-,-,-,-,-,-,-,-,-,-,-,-,-,-,-,-,-,-,-,-,-,-,-,-,-,-,-,-,-,-,-,-,-,-,-,-,-,-,-,-,-,-,-,-,-,-,-,-,-,-,-,-,-,-,-,-,-,-,-,-,-,-,-,-,-,A20,V21,W22,S28,H29,A30,R31,-,-,-,-,-,-,-,-,-,-,-,-,-,-,-,-,-,-,-,-,-,-,-,-,-,-,-,-,-,-,-,-,-,-,-,-,-,-,-,-,-,-,-,A36,F37,V38,G39,M40,I41,G42,L43,S44,-,-,-,-,-,-,-,-,-,-,-,-,-,-,-,-,-,-,-,-,-,-,-,-,-,-,-,-,-,-,-,-,-,-,-,-,-,-,-,-,-,-,-,-,-,-,-,-,-,-,-,-,-,-,-,-,-,-,-,-,-,-,-,-,-,-,-,-,-,-,-,-,-,-,-,-,-,-,-,-,-,-,-,-,-,-,-,-,-,-,R161,N162,L163,I164,G165,F166,-,-,-,-,-,-,-,-,-,-,-,-,-,-,-,-,-,-,-,-,-,-,-,-,-,-,-,-,-,-,-,-,-,-,-,-,-,-,-,-,-,-,-,-,-,-,-,-,-,-,-,-,-,-,-,-,-,-,-,-,-,-,-,-,-,-,-,-,-,-,-,-,-,L167,I168,-,-,-,-,-,-,-,-,-,-,-,-,-,-,-,-,-,-,-,-,-,-,-,-,-,-,-,-,-,-,-,-,-,-,-,-,-,-,-,-,-,-
