,1.45,1.46,1.47,1.48,1.49,1.50,1.51,1.52,1.53,1.54,1.55,2.43,2.44,2.45,2.46,2.47,2.48,2.49,2.50,2.51,2.52,2.53,2.54,2.55,2.56,2.57,3.46,3.47,3.48,3.49,3.50,3.51,3.52,3.53,3.54,3.55,4.46,4.47,4.48,4.49,4.50,4.51,4.52,4.53,4.54,4.55,5.46,5.47,5.48,5.49,5.50,5.51,5.52,5.53,5.54,5.55,6.46,6.47,6.48,6.49,6.50,6.51,6.52,6.53,6.54,6.55,7.43,7.46,7.47,7.48,7.49,7.50,7.51,7.52,7.53,7.54
48C12_A,I117,A118,Q119,I120,C121,G122,I123,A124,D125,I126,-,V127,A128,L129,L130,A131,F133,G134,V135,N136,A137,S138,M139,I140,L141,F142,L158,P159,F160,W161,F162,G163,C164,I165,A166,G167,I168,V169,P170,W171,I172,G173,L174,L175,I176,G182,S183,T184,S185,D186,V187,L200,F201,L202,F203,F204,N205,S206,F207,A208,L209,V210,W221,S222,N223,Y224,L225,R226,G227,E228,R229,A230,Y231,I232,V233,L234
AR1_A,I34,V35,K36,G37,W38,G39,V40,T41,D42,K43,-,V55,P56,G57,I58,A59,S60,A61,A62,Y63,L64,S65,M66,F67,F68,G69,T96,P97,L98,L99,L100,L101,D102,L103,A104,L105,L117,V118,G119,V120,D121,A122,L123,M124,I125,F146,S147,T148,I149,C150,M151,I152,V153,V154,L155,Y156,A182,L183,V184,L185,V186,L187,W188,T189,A190,Y191,P192,G208,I209,E210,T211,L212,L213,F214,M215,V216
AR2_A,I28,A29,R30,G31,W32,G33,V34,T35,D36,K37,-,V49,P50,G51,I52,A53,S54,A55,A56,Y57,L58,A59,M60,F61,F62,G63,T91,P92,L93,L94,L95,L96,D97,L98,A99,L100,L101,A102,K103,V104,D105,R106,V107,T108,I109,G110,S142,T143,I144,A145,F146,L147,F148,V149,L150,Y151,A177,L178,V179,A180,V181,L182,W183,T184,A185,Y186,P187,G203,I204,E205,T206,L207,A208,F209,M210,V211
AR3_A,L31,V32,R33,G34,W35,G36,V37,T38,D39,K40,-,V52,P53,G54,I55,A56,S57,A58,A59,Y60,L61,S62,M63,F64,F65,G66,T93,P94,L95,L96,L97,L98,D99,L100,A101,L102,L114,V115,G116,V117,D118,A119,L120,M121,I122,F143,S144,T145,I146,C147,M148,I149,V150,V151,L152,Y153,A179,L180,V181,L182,V183,L184,W185,T186,A187,Y188,P189,G205,I206,E207,T208,L209,L210,F211,M212,V213
ARII_A,L36,K37,S38,A39,Y40,Y41,I42,N43,I44,A45,-,I46,C47,T48,I49,A50,A51,T52,A53,Y54,Y55,A56,M57,V81,L82,T83,T84,P85,L86,L87,L88,L89,D90,L91,I92,V93,M94,T95,K96,M97,G98,G99,V100,M101,I102,S103,M138,Q139,A140,V141,L142,T143,Y144,G145,M146,Y147,N148,A149,T150,S171,I172,L173,W174,V175,F176,Y177,P178,V179,V180,E195,A196,I197,L198,M199,G200,I201
ARI_A,-,-,-,-,-,-,-,S1,N2,P3,-,N4,P5,A26,I27,V28,F29,S30,I31,Y86,I87,D88,W89,V90,F91,T92,T93,P94,L95,L96,L97,L98,D99,L100,V101,L102,L103,M115,G116,A117,D118,G125,I126,I127,V132,G133,S134,T174,T175,L176,L177,I178,Y179,L180,-,-,-,-,-,I181,V182,L183,W184,V185,I186,Y187,P188,D203,V204,E205,I206,I207,A208,M209,G210,I211
ASR_A,Y11,V12,A13,G14,M15,T16,I17,G18,N28,P29,-,V32,P33,A53,M54,A55,Y61,A62,R63,Y64,I65,D66,W67,M68,V69,T70,T71,P72,L73,L74,L75,L76,S77,L78,S79,I101,V102,V103,I104,T105,S106,G107,L108,I109,I124,C125,G126,V127,C128,A129,F130,L131,I132,I133,L134,W135,G136,I137,F163,T164,V165,L166,W167,I168,G169,Y170,Q186,T187,I188,D189,T190,F191,L192,F193,C194,L195
AaClR_A,-,-,-,-,M1,A2,L3,S4,N5,H6,-,-,P7,G8,I9,A82,F83,T84,R101,Y102,F103,N104,W105,F106,I107,T108,L109,P110,L111,L112,L113,T114,Q115,P116,M117,F118,V119,F120,G121,I122,K123,G124,F163,I164,V165,G166,S167,I168,A169,P172,L173,L174,I175,V176,L177,Y178,R179,V180,Q203,V204,V205,A206,W207,T208,I209,Y210,-,-,-,-,-,-,L211,F212,A213,Y214
AbHeR_A,L15,I16,A17,G18,L20,H21,L22,A23,Q24,M25,-,V26,A27,V28,L29,A30,F35,T36,L37,Y43,M44,S45,-,-,-,G46,P47,P48,-,-,-,-,-,-,-,-,-,-,-,-,-,-,-,-,-,G49,S50,T51,Y52,G53,D54,L55,I56,I57,L58,Y59,N60,A61,P62,L63,A64,I65,W103,V104,E105,Y106,S107,I108,S109,S110,S111,V112,M113,I114,V115,L116
AntR_A,-,W68,L69,F70,Y71,G72,L73,S74,C75,S76,L77,-,-,-,L78,M79,-,-,-,Y80,E81,I82,A83,R84,-,-,F85,L86,R87,K88,S89,Q90,F95,L96,M97,F98,L99,T100,-,-,-,-,-,-,-,-,-,-,-,V101,I102,V103,M104,G105,T106,G107,G108,A109,A110,A111,Y112,F113,E114,G115,W116,Y117,K118,V123,L124,S125,S126,V127,A128,Y129,V130,L131
