sequence_id,mutation,description,lambda_max_pred,shift_nm
RHO_BOVIN_A269T,A269T,A269T (retinal_contact),508.1,8.910000000000025
RHO_BOVIN_E181Q,E181Q,E181Q (counterion),499.5,0.3100000000000023
RHO_BOVIN,WT,Wild-type,499.19,0.0
RHO_BOVIN_H211Y,H211Y,H211Y (retinal_contact),497.84,-1.3500000000000227
RHO_BOVIN_H211F,H211F,H211F (retinal_contact),496.44,-2.75
RHO_BOVIN_D83N,D83N,D83N (binding_pocket),495.86,-3.329999999999984
RHO_BOVIN_E122L,E122L,E122L (binding_pocket),492.03,-7.160000000000025
RHO_BOVIN_A292S,A292S,A292S (TM7),490.88,-8.310000000000002
RHO_BOVIN_W265Y,W265Y,W265Y (retinal_contact),488.45,-10.740000000000009
RHO_BOVIN_E122Q,E122Q,E122Q (binding_pocket),486.59,-12.600000000000023
RHO_BOVIN_E113Q,E113Q,E113Q (counterion),479.05,-20.139999999999986
