sequence_id,mutation,description,lambda_pred,shift_nm,progress_%
OPSB_BOVIN_L114S,L114S,L114S (counterion),451.05,8.720000000000027,11.037974683544338
OPSB_BOVIN_L114G,L114G,L114G (counterion),447.59,5.259999999999991,6.658227848101254
OPSB_BOVIN_F93I,F93I,F93I (retinal_pocket),445.43,3.1000000000000227,3.924050632911421
OPSB_BOVIN_F93V,F93V,F93V (retinal_pocket),444.7,2.3700000000000045,3.0000000000000058
OPSB_BOVIN_A118S,A118S,A118S (schiff_base),444.27,1.9399999999999977,2.4556962025316427
OPSB_BOVIN_L261W,L261W,L261W (TM6),443.79,1.4600000000000364,1.848101265822831
OPSB_BOVIN,WT,"Wild-type (blue, 451nm)",442.33,0.0,0.0
OPSB_BOVIN_I86Y,I86Y,I86Y (spectral_tuning),441.41,-0.9199999999999591,-1.1645569620252645
OPSB_BOVIN_L261Y,L261Y,L261Y (TM6),441.39,-0.9399999999999977,-1.189873417721516
OPSB_BOVIN_F90C,F90C,F90C (retinal_pocket),441.39,-0.9399999999999977,-1.189873417721516
OPSB_BOVIN_P265Y,P265Y,P265Y (retinal_contact),439.76,-2.569999999999993,-3.253164556962017
OPSB_BOVIN_F292S,F292S,F292S (TM7),438.68,-3.6499999999999773,-4.620253164556933
OPSB_BOVIN_F90A,F90A,F90A (retinal_pocket),438.25,-4.079999999999984,-5.164556962025296
OPSB_BOVIN_I86C,I86C,I86C (spectral_tuning),417.66,-24.66999999999996,-31.22784810126577
OPSB_BOVIN_I86S,I86S,I86S (spectral_tuning),410.74,-31.589999999999975,-39.98734177215187
