,gpcr_a,microbial_opsins,iLBP
0,7x43,7x50,c.109
1,3x28,3x57,
2,7x39,7x46,c.52
3,54x01,4x51,c.39
4,2x58,7x45,c.65
5,5x42,5x50,c.17
6,6x44,6x55,
7,3x29,6x47,c.107
8,45x008,3x54,c.118
9,3x37,5x51,c.26
10,5x43,4x53,c.37
11,7x35,3x46,
12,3x35,6x48,c.105
13,3x33,4x50,c.120
14,45x007,3x53,c.116
15,1x39,7x47,
16,7x42,7x42,c.62
17,3x32,7x49,c.96
18,6x52,4x54,
19,2x53,6x46,c.98
20,4x56,5x52,c.21
21,3x36,6x51,c.78
22,4x67,4x47,c.129
23,6x49,6x54,c.59
24,45x005,2x51,c.5
25,6x53,4x58,c.60
26,5x38,5x53,
27,3x40,5x47,
28,3x31,6x43,c.106
29,6x48,6x50,c.63
30,5x48,5x48,c.30
31,6x51,3x50,c.54
32,5x47,5x46,c.34
33,6x55,4x52,
34,2x61,1x50,c.94
35,3x34,5x54,c.24
36,45x006,3x49,c.41
37,6x56,4x55,c.56
38,3x38,5x55,
39,5x46,5x49,c.31
40,5x51,5x43,c.58
41,7x45,6x49,
42,3x39,6x52,c.77
43,45x001,3x51,
44,7x40,2x55,c.43
45,7x38,3x47,c.55
46,7x36,2x54,
47,2x57,2x50,
48,3x30,5x57,
49,5x39,4x49,
50,7x41,6x53,c.61
51,5x44,4x57,
52,5x45,6x58,
53,45x009,5x58,c.20
54,6x47,67x001,
55,,,
56,,,
57,,,
58,6x45,,
59,54x009,,
60,6x50,,
61,6x54,,
62,45x01,,
63,2x60,,
64,7x46,,
65,5x50,,
66,5x40,,
67,2x56,,
68,4x57,,
69,5x41,,
70,7x50,,
71,5x49,,
72,4x53,,
73,6x46,,
74,6x43,,
75,4x51,,
76,2x51,,
77,2x55,,
78,7x49,,
79,4x55,,
80,4x47,,
81,1x50,,
82,4x50,,
83,4x58,,
84,4x49,,
85,4x54,,
86,4x52,,
87,6x58,,
88,67x001,,
89,7x47,,
90,2x50,,
91,2x54,,
