entity_name,G.HN.01,G.HN.02,G.HN.03,G.HN.04,G.HN.05,G.HN.06,G.HN.07,G.HN.08,G.HN.09,G.HN.10,G.HN.11,G.HN.12,G.HN.13,G.HN.14,G.HN.15,G.HN.16,G.HN.17,G.HN.18,G.HN.19,G.HN.20,G.HN.21,G.HN.22,G.HN.23,G.HN.24,G.HN.25,G.HN.26,G.HN.27,G.HN.28,G.HN.29,G.HN.30,G.HN.31,G.HN.32,G.HN.33,G.HN.34,G.HN.35,G.HN.36,G.HN.37,G.HN.38,G.HN.39,G.HN.40,G.HN.41,G.HN.42,G.HN.43,G.HN.44,G.HN.45,G.HN.46,G.HN.47,G.HN.48,G.HN.49,G.HN.50,G.HN.51,G.HN.52,G.HN.53,G.hns1.01,G.hns1.02,G.hns1.03,G.S1.01,G.S1.02,G.S1.03,G.S1.04,G.S1.05,G.S1.06,G.S1.07,G.s1h1.01,G.s1h1.02,G.s1h1.03,G.s1h1.04,G.s1h1.05,G.s1h1.06,G.H1.01,G.H1.02,G.H1.03,G.H1.04,G.H1.05,G.H1.06,G.H1.07,G.H1.08,G.H1.09,G.H1.10,G.H1.11,G.H1.12,G.h1ha.01,G.h1ha.02,G.h1ha.03,G.h1ha.04,G.h1ha.05,G.h1ha.06,G.h1ha.07,G.h1ha.08,G.h1ha.09,G.h1ha.10,G.h1ha.11,G.h1ha.12,G.h1ha.13,G.h1ha.14,G.h1ha.15,G.h1ha.16,G.h1ha.17,G.h1ha.18,G.h1ha.19,G.h1ha.20,H.HA.01,H.HA.02,H.HA.03,H.HA.04,H.HA.05,H.HA.06,H.HA.07,H.HA.08,H.HA.09,H.HA.10,H.HA.11,H.HA.12,H.HA.13,H.HA.14,H.HA.15,H.HA.16,H.HA.17,H.HA.18,H.HA.19,H.HA.20,H.HA.21,H.HA.22,H.HA.23,H.HA.24,H.HA.25,H.HA.26,H.HA.27,H.HA.28,H.HA.29,H.hahb.01,H.hahb.02,H.hahb.03,H.hahb.04,H.hahb.05,H.hahb.06,H.hahb.07,H.hahb.08,H.hahb.09,H.hahb.10,H.hahb.11,H.hahb.12,H.hahb.13,H.hahb.14,H.hahb.15,H.hahb.16,H.hahb.17,H.hahb.18,H.hahb.19,H.hahb.20,H.hahb.21,H.hahb.22,H.hahb.23,H.hahb.24,H.hahb.25,H.hahb.26,H.hahb.27,H.hahb.28,H.hahb.29,H.hahb.30,H.hahb.31,H.hahb.32,H.hahb.33,H.hahb.34,H.hahb.35,H.hahb.36,H.hahb.37,H.hahb.38,H.hahb.39,H.hahb.40,H.hahb.41,H.hahb.42,H.hahb.43,H.hahb.44,H.hahb.45,H.hahb.46,H.hahb.47,H.hahb.48,H.hahb.49,H.hahb.50,H.hahb.51,H.hahb.52,H.hahb.53,H.hahb.54,H.hahb.55,H.hahb.56,H.hahb.57,H.hahb.58,H.hahb.59,H.hahb.60,H.hahb.61,H.hahb.62,H.hahb.63,H.hahb.64,H.hahb.65,H.hahb.66,H.hahb.67,H.hahb.68,H.hahb.69,H.hahb.70,H.hahb.71,H.hahb.72,H.hahb.73,H.hahb.74,H.hahb.75,H.hahb.76,H.hahb.77,H.hahb.78,H.HB.01,H.HB.02,H.HB.03,H.HB.04,H.HB.05,H.HB.06,H.HB.07,H.HB.08,H.HB.09,H.HB.10,H.HB.11,H.HB.12,H.HB.13,H.HB.14,H.hbhc.01,H.hbhc.02,H.hbhc.03,H.hbhc.04,H.hbhc.05,H.hbhc.06,H.hbhc.07,H.hbhc.08,H.hbhc.09,H.hbhc.10,H.hbhc.11,H.hbhc.12,H.hbhc.13,H.hbhc.14,H.hbhc.15,H.hbhc.16,H.hbhc.17,H.hbhc.18,H.hbhc.19,H.hbhc.20,H.hbhc.21,H.hbhc.22,H.hbhc.23,H.hbhc.24,H.hbhc.25,H.hbhc.26,H.hbhc.27,H.hbhc.28,H.hbhc.29,H.hbhc.30,H.hbhc.31,H.hbhc.32,H.hbhc.33,H.hbhc.34,H.hbhc.35,H.hbhc.36,H.hbhc.37,H.hbhc.38,H.hbhc.39,H.hbhc.40,H.hbhc.41,H.hbhc.42,H.hbhc.43,H.hbhc.44,H.hbhc.45,H.hbhc.46,H.hbhc.47,H.hbhc.48,H.hbhc.49,H.hbhc.50,H.hbhc.51,H.hbhc.52,H.hbhc.53,H.hbhc.54,H.hbhc.55,H.HC.01,H.HC.02,H.HC.03,H.HC.04,H.HC.05,H.HC.06,H.HC.07,H.HC.08,H.HC.09,H.HC.10,H.HC.11,H.HC.12,H.hchd.01,H.hchd.02,H.HD.01,H.HD.02,H.HD.03,H.HD.04,H.HD.05,H.HD.06,H.HD.07,H.HD.08,H.HD.09,H.HD.10,H.HD.11,H.HD.12,H.hdhe.01,H.hdhe.02,H.hdhe.03,H.hdhe.04,H.hdhe.05,H.HE.01,H.HE.02,H.HE.03,H.HE.04,H.HE.05,H.HE.06,H.HE.07,H.HE.08,H.HE.09,H.HE.10,H.HE.11,H.HE.12,H.HE.13,H.hehf.01,H.hehf.02,H.hehf.03,H.hehf.04,H.hehf.05,H.hehf.06,H.hehf.07,H.HF.01,H.HF.02,H.HF.03,H.HF.04,H.HF.05,H.HF.06,G.hfs2.01,G.hfs2.02,G.hfs2.03,G.hfs2.04,G.hfs2.05,G.hfs2.06,G.hfs2.07,G.S2.01,G.S2.02,G.S2.03,G.S2.04,G.S2.05,G.S2.06,G.S2.07,G.S2.08,G.s2s3.01,G.s2s3.02,G.S3.01,G.S3.02,G.S3.03,G.S3.04,G.S3.05,G.S3.06,G.S3.07,G.S3.08,G.s3h2.01,G.s3h2.02,G.s3h2.03,G.H2.01,G.H2.02,G.H2.03,G.H2.04,G.H2.05,G.H2.06,G.H2.07,G.H2.08,G.H2.09,G.H2.10,G.h2s4.01,G.h2s4.02,G.h2s4.03,G.h2s4.04,G.h2s4.05,G.S4.01,G.S4.02,G.S4.03,G.S4.04,G.S4.05,G.S4.06,G.S4.07,G.s4h3.01,G.s4h3.02,G.s4h3.03,G.s4h3.04,G.s4h3.05,G.s4h3.06,G.s4h3.07,G.s4h3.08,G.s4h3.09,G.s4h3.10,G.s4h3.11,G.s4h3.12,G.s4h3.13,G.s4h3.14,G.s4h3.15,G.H3.01,G.H3.02,G.H3.03,G.H3.04,G.H3.05,G.H3.06,G.H3.07,G.H3.08,G.H3.09,G.H3.10,G.H3.11,G.H3.12,G.H3.13,G.H3.14,G.H3.15,G.H3.16,G.H3.17,G.H3.18,G.h3s5.01,G.h3s5.02,G.h3s5.03,G.S5.01,G.S5.02,G.S5.03,G.S5.04,G.S5.05,G.S5.06,G.S5.07,G.s5hg.01,G.HG.01,G.HG.02,G.HG.03,G.HG.04,G.HG.05,G.HG.06,G.HG.07,G.HG.08,G.HG.09,G.HG.10,G.HG.11,G.HG.12,G.HG.13,G.HG.14,G.HG.15,G.HG.16,G.HG.17,G.hgh4.01,G.hgh4.02,G.hgh4.03,G.hgh4.04,G.hgh4.05,G.hgh4.06,G.hgh4.07,G.hgh4.08,G.hgh4.09,G.hgh4.10,G.hgh4.11,G.hgh4.12,G.hgh4.13,G.hgh4.14,G.hgh4.15,G.hgh4.16,G.hgh4.17,G.hgh4.18,G.hgh4.19,G.hgh4.20,G.hgh4.21,G.H4.01,G.H4.02,G.H4.03,G.H4.04,G.H4.05,G.H4.06,G.H4.07,G.H4.08,G.H4.09,G.H4.10,G.H4.11,G.H4.12,G.H4.13,G.H4.14,G.H4.15,G.H4.16,G.H4.17,G.h4s6.01,G.h4s6.02,G.h4s6.03,G.h4s6.04,G.h4s6.05,G.h4s6.06,G.h4s6.07,G.h4s6.08,G.h4s6.09,G.h4s6.10,G.h4s6.11,G.h4s6.12,G.h4s6.13,G.h4s6.14,G.h4s6.15,G.h4s6.16,G.h4s6.17,G.h4s6.18,G.h4s6.19,G.h4s6.20,G.S6.01,G.S6.02,G.S6.03,G.S6.04,G.S6.05,G.s6h5.01,G.s6h5.02,G.s6h5.03,G.s6h5.04,G.s6h5.05,G.H5.01,G.H5.02,G.H5.03,G.H5.04,G.H5.05,G.H5.06,G.H5.07,G.H5.08,G.H5.09,G.H5.10,G.H5.11,G.H5.12,G.H5.13,G.H5.14,G.H5.15,G.H5.16,G.H5.17,G.H5.18,G.H5.19,G.H5.20,G.H5.21,G.H5.22,G.H5.23,G.H5.24,G.H5.25,G.H5.26
GNA11_HUMAN,M1,T2,L3,E4,S5,M6,M7,A8,C9,C10,L11,-,-,-,-,-,-,-,-,-,-,-,-,-,-,-,-,-,-,S12,D13,E14,V15,K16,E17,S18,K19,R20,I21,N22,A23,E24,I25,E26,K27,Q28,L29,R30,R31,D32,K33,R34,D35,A36,R37,R38,E39,L40,K41,L42,L43,L44,L45,G46,T47,G48,E49,S50,G51,K52,S53,T54,F55,I56,K57,Q58,M59,R60,I61,I62,H63,G64,A65,G66,Y67,S68,-,-,-,-,-,-,-,-,-,-,-,-,-,-,-,E69,E70,D71,K72,R73,G74,F75,T76,K77,L78,V79,Y80,Q81,N82,I83,F84,T85,A86,M87,Q88,A89,M90,I91,R92,A93,M94,E95,T96,L97,K98,-,-,I99,L100,Y101,K102,Y103,E104,Q105,N106,K107,A108,N109,A110,L111,L112,I113,R114,E115,V116,D117,V118,E119,K120,V121,T122,T123,-,-,-,-,-,-,-,-,F124,E125,H126,Q127,Y128,V129,S130,A131,I132,K133,T134,L135,W136,E137,D138,P139,G140,I141,Q142,E143,C144,Y145,D146,R147,R148,R149,E150,Y151,Q152,L153,S154,D155,S156,A157,K158,Y159,Y160,L161,T162,D163,V164,D165,R166,I167,A168,T169,L170,G171,Y172,L173,P174,T175,Q176,Q177,D178,V179,L180,R181,V182,R183,V184,P185,T186,T187,G188,I189,I190,E191,Y192,P193,F194,D195,L196,E197,N198,I199,I200,F201,R202,M203,V204,D205,V206,G207,G208,Q209,R210,S211,E212,R213,R214,K215,W216,I217,H218,C219,F220,E221,N222,V223,T224,S225,I226,M227,F228,L229,V230,A231,L232,S233,E234,Y235,D236,Q237,V238,L239,V240,E241,S242,D243,N244,E245,N246,R247,M248,E249,E250,S251,K252,A253,L254,F255,R256,T257,I258,I259,T260,Y261,P262,W263,F264,Q265,N266,S267,S268,V269,I270,L271,F272,L273,N274,K275,K276,D277,L278,L279,E280,D281,K282,I283,L284,-,-,Y285,S286,H287,L288,V289,D290,Y291,F292,P293,E294,F295,D296,G297,P298,-,-,-,-,-,-,-,-,-,-,-,-,-,Q299,R300,D301,A302,Q303,A304,A305,R306,E307,F308,I309,L310,K311,M312,F313,V314,D315,L316,-,-,-,-,-,-,N317,P318,D319,S320,D321,K322,-,-,-,-,-,-,I323,I324,Y325,S326,H327,F328,T329,C330,A331,T332,D333,T334,E335,N336,I337,R338,F339,V340,F341,A342,A343,V344,K345,D346,T347,I348,L349,Q350,L351,N352,L353,K354,E355,Y356,N357,L358,V359,-,-,-,-,-,-,-,-,-,-,-,-,-,-,-,-,-,-,-,-,-,-,-,-,-,-,-,-,-,-,-,-,-,-,-,-,-,-,-,-,-,-,-,-,-,-,-,-,-,-,-,-,-,-,-,-,-,-,-,-,-,-,-,-,-,-,-,-,-,-,-,-,-,-,-,-,-,-,-,-,-,-,-,-,-,-,-,-,-,-,-,-,-,-,-,-,-,-,-,-,-,-,-,-,-,-,-,-,-,-
GNA12_HUMAN,M1,S2,G3,V4,V5,R6,T7,L8,S9,R10,C11,L12,L13,P14,A15,E16,A17,G18,G19,A20,R21,E22,R23,R24,A25,G26,S27,G28,A29,R30,D31,A32,E33,R34,E35,A36,R37,R38,R39,S40,R41,D42,I43,D44,A45,L46,L47,A48,R49,E50,R51,R52,A53,V54,R55,R56,L57,V58,K59,I60,L61,L62,L63,G64,A65,G66,E67,S68,G69,K70,S71,T72,F73,L74,K75,Q76,M77,R78,I79,I80,H81,G82,R83,E84,F85,D86,-,-,-,-,-,-,-,-,-,-,-,-,-,-,-,Q87,K88,A89,L90,L91,E92,F93,R94,D95,T96,I97,F98,D99,N100,I101,L102,K103,G104,S105,R106,V107,L108,V109,D110,A111,R112,D113,K114,L115,G116,-,-,I117,P118,W119,Q120,Y121,S122,E123,N124,E125,K126,H127,G128,M129,F130,L131,M132,A133,F134,E135,N136,K137,A138,G139,L140,P141,-,-,-,-,V142,E143,P144,A145,T146,F147,Q148,L149,Y150,V151,P152,A153,L154,S155,A156,L157,W158,R159,D160,S161,G162,I163,R164,E165,A166,F167,S168,R169,R170,S171,E172,F173,Q174,L175,G176,E177,S178,V179,K180,Y181,F182,L183,D184,N185,L186,D187,R188,I189,G190,Q191,L192,N193,Y194,F195,P196,S197,K198,Q199,D200,I201,L202,L203,A204,R205,K206,A207,T208,K209,G210,I211,V212,E213,H214,D215,F216,V217,I218,K219,K220,I221,P222,F223,K224,M225,V226,D227,V228,G229,G230,Q231,R232,S233,Q234,R235,Q236,K237,W238,F239,Q240,C241,F242,D243,G244,I245,T246,S247,I248,L249,F250,M251,V252,S253,S254,S255,E256,Y257,D258,Q259,V260,L261,M262,E263,D264,R265,R266,T267,N268,R269,L270,V271,E272,S273,M274,N275,I276,F277,E278,T279,I280,V281,N282,N283,K284,L285,F286,F287,N288,V289,S290,I291,I292,L293,F294,L295,N296,K297,M298,D299,L300,L301,V302,E303,K304,V305,K306,-,-,T307,V308,S309,I310,K311,K312,H313,F314,P315,D316,F317,R318,G319,D320,-,-,-,-,-,-,-,-,-,-,-,-,-,P321,H322,R323,L324,E325,D326,V327,Q328,R329,Y330,L331,V332,Q333,C334,F335,D336,R337,K338,-,-,-,-,-,-,R339,R340,N341,R342,S343,-,-,-,-,-,-,K344,P345,L346,F347,H348,H349,F350,T351,T352,A353,I354,D355,T356,E357,N358,V359,R360,F361,V362,F363,H364,A365,V366,K367,D368,T369,I370,L371,Q372,E373,N374,L375,K376,D377,I378,M379,L380,Q381,-,-,-,-,-,-,-,-,-,-,-,-,-,-,-,-,-,-,-,-,-,-,-,-,-,-,-,-,-,-,-,-,-,-,-,-,-,-,-,-,-,-,-,-,-,-,-,-,-,-,-,-,-,-,-,-,-,-,-,-,-,-,-,-,-,-,-,-,-,-,-,-,-,-,-,-,-,-,-,-,-,-,-,-,-,-,-,-,-,-,-,-,-,-,-,-,-,-,-,-,-,-,-,-,-,-,-,-,-,-
GNA13_HUMAN,M1,A2,D3,F4,L5,P6,-,-,S7,R8,S9,V10,L11,S12,V13,C14,F15,P16,G17,C18,L19,L20,T21,S22,G23,-,-,-,-,-,-,-,E24,A25,E26,Q27,Q28,R29,K30,S31,K32,E33,I34,D35,K36,C37,L38,S39,R40,E41,K42,T43,Y44,V45,K46,R47,L48,V49,K50,I51,L52,L53,L54,G55,A56,G57,E58,S59,G60,K61,S62,T63,F64,L65,K66,Q67,M68,R69,I70,I71,H72,G73,Q74,D75,F76,D77,-,-,-,-,-,-,-,-,-,-,-,-,-,-,-,Q78,R79,A80,R81,E82,E83,F84,R85,P86,T87,I88,Y89,S90,N91,V92,I93,K94,G95,M96,R97,V98,L99,V100,D101,A102,R103,E104,K105,L106,H107,-,-,I108,P109,W110,G111,D112,N113,S114,N115,Q116,Q117,H118,G119,D120,K121,M122,M123,S124,F125,D126,T127,R128,A129,P130,M131,A132,A133,Q134,G135,M136,V137,E138,T139,R140,V141,F142,L143,Q144,Y145,L146,P147,A148,I149,R150,A151,L152,W153,A154,D155,S156,G157,I158,Q159,N160,A161,Y162,D163,R164,R165,R166,E167,F168,Q169,L170,G171,E172,S173,V174,K175,Y176,F177,L178,D179,N180,L181,D182,K183,L184,G185,E186,P187,D188,Y189,I190,P191,S192,Q193,Q194,D195,I196,L197,L198,A199,R200,R201,P202,T203,K204,G205,I206,H207,E208,Y209,D210,F211,E212,I213,K214,N215,V216,P217,F218,K219,M220,V221,D222,V223,G224,G225,Q226,R227,S228,E229,R230,K231,R232,W233,F234,E235,C236,F237,D238,S239,V240,T241,S242,I243,L244,F245,L246,V247,S248,S249,S250,E251,F252,D253,Q254,V255,L256,M257,E258,D259,R260,L261,T262,N263,R264,L265,T266,E267,S268,L269,N270,I271,F272,E273,T274,I275,V276,N277,N278,R279,V280,F281,S282,N283,V284,S285,I286,I287,L288,F289,L290,N291,K292,T293,D294,L295,L296,E297,E298,K299,V300,Q301,-,-,I302,V303,S304,I305,K306,D307,Y308,F309,L310,E311,F312,E313,G314,D315,-,-,-,-,-,-,-,-,-,-,-,-,-,P316,H317,C318,L319,R320,D321,V322,Q323,K324,F325,L326,V327,E328,C329,F330,R331,N332,K333,-,-,-,-,-,-,R334,R335,D336,Q337,Q338,Q339,-,-,-,-,-,K340,P341,L342,Y343,H344,H345,F346,T347,T348,A349,I350,N351,T352,E353,N354,I355,R356,L357,V358,F359,R360,D361,V362,K363,D364,T365,I366,L367,H368,D369,N370,L371,K372,Q373,L374,M375,L376,Q377,-,-,-,-,-,-,-,-,-,-,-,-,-,-,-,-,-,-,-,-,-,-,-,-,-,-,-,-,-,-,-,-,-,-,-,-,-,-,-,-,-,-,-,-,-,-,-,-,-,-,-,-,-,-,-,-,-,-,-,-,-,-,-,-,-,-,-,-,-,-,-,-,-,-,-,-,-,-,-,-,-,-,-,-,-,-,-,-,-,-,-,-,-,-,-,-,-,-,-,-,-,-,-,-,-,-,-,-,-,-
GNA14_HUMAN,M1,A2,G3,-,-,-,-,-,C4,C5,C6,-,-,-,-,-,-,-,-,-,-,-,-,-,-,-,-,-,L7,S8,A9,E10,E11,K12,E13,S14,Q15,R16,I17,S18,A19,E20,I21,E22,R23,Q24,L25,R26,R27,D28,K29,K30,D31,A32,R33,R34,E35,L36,K37,L38,L39,L40,L41,G42,T43,G44,E45,S46,G47,K48,S49,T50,F51,I52,K53,Q54,M55,R56,I57,I58,H59,G60,S61,G62,Y63,S64,-,-,-,-,-,-,-,-,-,-,-,-,-,-,-,D65,E66,D67,R68,K69,G70,F71,T72,K73,L74,V75,Y76,Q77,N78,I79,F80,T81,A82,M83,Q84,A85,M86,I87,R88,A89,M90,D91,T92,L93,R94,-,-,I95,Q96,Y97,V98,C99,E100,Q101,N102,K103,E104,N105,A106,Q107,I108,I109,R110,E111,V112,E113,V114,D115,K116,V117,S118,M119,-,-,-,-,-,-,-,-,L120,S121,R122,E123,Q124,V125,E126,A127,I128,K129,Q130,L131,W132,Q133,D134,P135,G136,I137,Q138,E139,C140,Y141,D142,R143,R144,R145,E146,Y147,Q148,L149,S150,D151,S152,A153,K154,Y155,Y156,L157,T158,D159,I160,D161,R162,I163,A164,T165,P166,S167,F168,V169,P170,T171,Q172,Q173,D174,V175,L176,R177,V178,R179,V180,P181,T182,T183,G184,I185,I186,E187,Y188,P189,F190,D191,L192,E193,N194,I195,I196,F197,R198,M199,V200,D201,V202,G203,G204,Q205,R206,S207,E208,R209,R210,K211,W212,I213,H214,C215,F216,E217,S218,V219,T220,S221,I222,I223,F224,L225,V226,A227,L228,S229,E230,Y231,D232,Q233,V234,L235,A236,E237,C238,D239,N240,E241,N242,R243,M244,E245,E246,S247,K248,A249,L250,F251,K252,T253,I254,I255,T256,Y257,P258,W259,F260,L261,N262,S263,S264,V265,I266,L267,F268,L269,N270,K271,K272,D273,L274,L275,E276,E277,K278,I279,M280,-,-,Y281,S282,H283,L284,I285,S286,Y287,F288,P289,E290,Y291,T292,G293,P294,-,-,-,-,-,-,-,-,-,-,-,-,-,K295,Q296,D297,V298,R299,A300,A301,R302,D303,F304,I305,L306,K307,L308,Y309,Q310,D311,Q312,-,-,-,-,-,-,N313,P314,D315,K316,E317,K318,-,-,-,-,-,-,V319,I320,Y321,S322,H323,F324,T325,C326,A327,T328,D329,T330,D331,N332,I333,R334,F335,V336,F337,A338,A339,V340,K341,D342,T343,I344,L345,Q346,L347,N348,L349,R350,E351,F352,N353,L354,V355,-,-,-,-,-,-,-,-,-,-,-,-,-,-,-,-,-,-,-,-,-,-,-,-,-,-,-,-,-,-,-,-,-,-,-,-,-,-,-,-,-,-,-,-,-,-,-,-,-,-,-,-,-,-,-,-,-,-,-,-,-,-,-,-,-,-,-,-,-,-,-,-,-,-,-,-,-,-,-,-,-,-,-,-,-,-,-,-,-,-,-,-,-,-,-,-,-,-,-,-,-,-,-,-,-,-,-,-,-,-
GNA15_HUMAN,M1,A2,R3,S4,L5,T6,W7,R8,C9,C10,P11,-,-,-,-,-,-,-,-,-,-,-,-,-,-,-,W12,C13,L14,T15,E16,D17,E18,K19,A20,A21,A22,R23,V24,D25,Q26,E27,I28,N29,R30,I31,L32,L33,E34,Q35,K36,K37,Q38,D39,R40,G41,E42,L43,K44,L45,L46,L47,L48,G49,P50,G51,E52,S53,G54,K55,S56,T57,F58,I59,K60,Q61,M62,R63,I64,I65,H66,G67,A68,G69,Y70,S71,-,-,-,-,-,-,-,-,-,-,-,-,-,-,-,E72,E73,E74,R75,K76,G77,F78,R79,P80,L81,V82,Y83,Q84,N85,I86,F87,V88,S89,M90,R91,A92,M93,I94,E95,A96,M97,E98,R99,L100,Q101,-,-,I102,P103,F104,S105,R106,P107,E108,S109,K110,H111,H112,A113,S114,L115,V116,M117,S118,Q119,D120,P121,Y122,K123,V124,T125,T126,-,-,-,-,-,-,-,-,F127,E128,K129,R130,Y131,A132,A133,A134,M135,Q136,W137,L138,W139,R140,D141,A142,G143,I144,R145,A146,Y147,Y148,E149,R150,R151,R152,E153,F154,H155,L156,L157,D158,S159,A160,V161,Y162,Y163,L164,S165,H166,L167,E168,R169,I170,T171,E172,E173,G174,Y175,V176,P177,T178,A179,Q180,D181,V182,L183,R184,S185,R186,M187,P188,T189,T190,G191,I192,N193,E194,Y195,C196,F197,S198,V199,Q200,K201,T202,N203,L204,R205,I206,V207,D208,V209,G210,G211,Q212,K213,S214,E215,R216,K217,K218,W219,I220,H221,C222,F223,E224,N225,V226,I227,A228,L229,I230,Y231,L232,A233,S234,L235,S236,E237,Y238,D239,Q240,C241,L242,E243,E244,N245,N246,Q247,E248,N249,R250,M251,K252,E253,S254,L255,A256,L257,F258,G259,T260,I261,L262,E263,L264,P265,W266,F267,K268,S269,T270,S271,V272,I273,L274,F275,L276,N277,K278,T279,D280,I281,L282,E283,E284,K285,I286,P287,-,-,T288,S289,H290,L291,A292,T293,Y294,F295,P296,S297,F298,Q299,G300,P301,-,-,-,-,-,-,-,-,-,-,-,-,-,K302,Q303,D304,A305,E306,A307,A308,K309,R310,F311,I312,L313,D314,M315,Y316,T317,R318,M319,Y320,T321,G322,C323,V324,D325,G326,P327,E328,G329,S330,K331,K332,G333,A334,R335,S336,R337,R338,L339,F340,S341,H342,Y343,T344,C345,A346,T347,D348,T349,Q350,N351,I352,R353,K354,V355,F356,K357,D358,V359,R360,D361,S362,V363,L364,A365,R366,Y367,L368,D369,E370,I371,N372,L373,L374,-,-,-,-,-,-,-,-,-,-,-,-,-,-,-,-,-,-,-,-,-,-,-,-,-,-,-,-,-,-,-,-,-,-,-,-,-,-,-,-,-,-,-,-,-,-,-,-,-,-,-,-,-,-,-,-,-,-,-,-,-,-,-,-,-,-,-,-,-,-,-,-,-,-,-,-,-,-,-,-,-,-,-,-,-,-,-,-,-,-,-,-,-,-,-,-,-,-,-,-,-,-,-,-,-,-,-,-,-,-
GNAI1_HUMAN,M1,G2,-,-,-,-,-,-,C3,T4,L5,-,-,-,-,-,-,-,-,-,-,-,-,-,-,-,-,-,-,S6,A7,E8,D9,K10,A11,A12,V13,E14,R15,S16,K17,M18,I19,D20,R21,N22,L23,R24,E25,D26,G27,E28,K29,A30,A31,R32,E33,V34,K35,L36,L37,L38,L39,G40,A41,G42,E43,S44,G45,K46,S47,T48,I49,V50,K51,Q52,M53,K54,I55,I56,H57,E58,A59,G60,Y61,S62,-,-,-,-,-,-,-,-,-,-,-,-,-,-,-,E63,E64,E65,C66,K67,Q68,Y69,K70,A71,V72,V73,Y74,S75,N76,T77,I78,Q79,S80,I81,I82,A83,I84,I85,R86,A87,M88,G89,R90,L91,K92,-,-,I93,D94,F95,G96,D97,S98,A99,R100,A101,D102,D103,A104,R105,Q106,L107,F108,V109,L110,A111,G112,A113,A114,E115,E116,-,-,-,-,-,-,-,G117,F118,M119,T120,A121,E122,L123,A124,G125,V126,I127,K128,R129,L130,W131,K132,D133,S134,G135,V136,Q137,A138,C139,F140,N141,R142,S143,R144,E145,Y146,Q147,L148,N149,D150,S151,A152,A153,Y154,Y155,L156,N157,D158,L159,D160,R161,I162,A163,Q164,P165,N166,Y167,I168,P169,T170,Q171,Q172,D173,V174,L175,R176,T177,R178,V179,K180,T181,T182,G183,I184,V185,E186,T187,H188,F189,T190,F191,K192,D193,L194,H195,F196,K197,M198,F199,D200,V201,G202,G203,Q204,R205,S206,E207,R208,K209,K210,W211,I212,H213,C214,F215,E216,G217,V218,T219,A220,I221,I222,F223,C224,V225,A226,L227,S228,D229,Y230,D231,L232,V233,L234,A235,E236,D237,E238,E239,M240,N241,R242,M243,H244,E245,S246,M247,K248,L249,F250,D251,S252,I253,C254,N255,N256,K257,W258,F259,T260,D261,T262,S263,I264,I265,L266,F267,L268,N269,K270,K271,D272,L273,F274,E275,E276,K277,I278,K279,-,-,K280,S281,P282,L283,T284,I285,C286,Y287,P288,E289,Y290,A291,G292,S293,-,-,-,-,-,-,-,-,-,-,-,-,-,N294,T295,Y296,E297,E298,A299,A300,A301,-,Y302,I303,Q304,C305,Q306,F307,E308,D309,L310,N311,K312,R313,-,-,-,K314,D315,T316,K317,E318,-,-,-,-,-,-,-,-,I319,Y320,T321,H322,F323,T324,C325,A326,T327,D328,T329,K330,N331,V332,Q333,F334,V335,F336,D337,A338,V339,T340,D341,V342,I343,I344,K345,N346,N347,L348,K349,D350,C351,G352,L353,F354,-,-,-,-,-,-,-,-,-,-,-,-,-,-,-,-,-,-,-,-,-,-,-,-,-,-,-,-,-,-,-,-,-,-,-,-,-,-,-,-,-,-,-,-,-,-,-,-,-,-,-,-,-,-,-,-,-,-,-,-,-,-,-,-,-,-,-,-,-,-,-,-,-,-,-,-,-,-,-,-,-,-,-,-,-,-,-,-,-,-,-,-,-,-,-,-,-,-,-,-,-,-,-,-,-,-,-,-,-,-
GNAI2_HUMAN,M1,G2,-,-,-,-,-,-,C3,T4,V5,-,-,-,-,-,-,-,-,-,-,-,-,-,-,-,-,-,-,S6,A7,E8,D9,K10,A11,A12,A13,E14,R15,S16,K17,M18,I19,D20,K21,N22,L23,R24,E25,D26,G27,E28,K29,A30,A31,R32,E33,V34,K35,L36,L37,L38,L39,G40,A41,G42,E43,S44,G45,K46,S47,T48,I49,V50,K51,Q52,M53,K54,I55,I56,H57,E58,D59,G60,Y61,S62,-,-,-,-,-,-,-,-,-,-,-,-,-,-,-,E63,E64,E65,C66,R67,Q68,Y69,R70,A71,V72,V73,Y74,S75,N76,T77,I78,Q79,S80,I81,M82,A83,I84,V85,K86,A87,M88,G89,N90,L91,Q92,-,-,I93,D94,F95,A96,D97,P98,S99,R100,A101,D102,D103,A104,R105,Q106,L107,F108,A109,L110,S111,C112,T113,A114,E115,E116,-,-,-,-,-,-,Q117,G118,V119,L120,P121,D122,D123,L124,S125,G126,V127,I128,R129,R130,L131,W132,A133,D134,H135,G136,V137,Q138,A139,C140,F141,G142,R143,S144,R145,E146,Y147,Q148,L149,N150,D151,S152,A153,A154,Y155,Y156,L157,N158,D159,L160,E161,R162,I163,A164,Q165,S166,D167,Y168,I169,P170,T171,Q172,Q173,D174,V175,L176,R177,T178,R179,V180,K181,T182,T183,G184,I185,V186,E187,T188,H189,F190,T191,F192,K193,D194,L195,H196,F197,K198,M199,F200,D201,V202,G203,G204,Q205,R206,S207,E208,R209,K210,K211,W212,I213,H214,C215,F216,E217,G218,V219,T220,A221,I222,I223,F224,C225,V226,A227,L228,S229,A230,Y231,D232,L233,V234,L235,A236,E237,D238,E239,E240,M241,N242,R243,M244,H245,E246,S247,M248,K249,L250,F251,D252,S253,I254,C255,N256,N257,K258,W259,F260,T261,D262,T263,S264,I265,I266,L267,F268,L269,N270,K271,K272,D273,L274,F275,E276,E277,K278,I279,T280,-,-,H281,S282,P283,L284,T285,I286,C287,F288,P289,E290,Y291,T292,G293,A294,-,-,-,-,-,-,-,-,-,-,-,-,-,N295,K296,Y297,D298,E299,A300,A301,S302,-,Y303,I304,Q305,S306,K307,F308,E309,D310,L311,N312,K313,R314,-,-,-,K315,D316,T317,K318,E319,-,-,-,-,-,-,-,-,I320,Y321,T322,H323,F324,T325,C326,A327,T328,D329,T330,K331,N332,V333,Q334,F335,V336,F337,D338,A339,V340,T341,D342,V343,I344,I345,K346,N347,N348,L349,K350,D351,C352,G353,L354,F355,-,-,-,-,-,-,-,-,-,-,-,-,-,-,-,-,-,-,-,-,-,-,-,-,-,-,-,-,-,-,-,-,-,-,-,-,-,-,-,-,-,-,-,-,-,-,-,-,-,-,-,-,-,-,-,-,-,-,-,-,-,-,-,-,-,-,-,-,-,-,-,-,-,-,-,-,-,-,-,-,-,-,-,-,-,-,-,-,-,-,-,-,-,-,-,-,-,-,-,-,-,-,-,-,-,-,-,-,-,-
GNAI3_HUMAN,M1,G2,-,-,-,-,-,-,C3,T4,L5,-,-,-,-,-,-,-,-,-,-,-,-,-,-,-,-,-,-,S6,A7,E8,D9,K10,A11,A12,V13,E14,R15,S16,K17,M18,I19,D20,R21,N22,L23,R24,E25,D26,G27,E28,K29,A30,A31,K32,E33,V34,K35,L36,L37,L38,L39,G40,A41,G42,E43,S44,G45,K46,S47,T48,I49,V50,K51,Q52,M53,K54,I55,I56,H57,E58,D59,G60,Y61,S62,-,-,-,-,-,-,-,-,-,-,-,-,-,-,-,E63,D64,E65,C66,K67,Q68,Y69,K70,V71,V72,V73,Y74,S75,N76,T77,I78,Q79,S80,I81,I82,A83,I84,I85,R86,A87,M88,G89,R90,L91,K92,-,-,I93,D94,F95,G96,E97,A98,A99,R100,A101,D102,D103,A104,R105,Q106,L107,F108,V109,L110,A111,G112,S113,A114,E115,E116,-,-,-,-,-,-,-,G117,V118,M119,T120,P121,E122,L123,A124,G125,V126,I127,K128,R129,L130,W131,R132,D133,G134,G135,V136,Q137,A138,C139,F140,S141,R142,S143,R144,E145,Y146,Q147,L148,N149,D150,S151,A152,S153,Y154,Y155,L156,N157,D158,L159,D160,R161,I162,S163,Q164,S165,N166,Y167,I168,P169,T170,Q171,Q172,D173,V174,L175,R176,T177,R178,V179,K180,T181,T182,G183,I184,V185,E186,T187,H188,F189,T190,F191,K192,D193,L194,Y195,F196,K197,M198,F199,D200,V201,G202,G203,Q204,R205,S206,E207,R208,K209,K210,W211,I212,H213,C214,F215,E216,G217,V218,T219,A220,I221,I222,F223,C224,V225,A226,L227,S228,D229,Y230,D231,L232,V233,L234,A235,E236,D237,E238,E239,M240,N241,R242,M243,H244,E245,S246,M247,K248,L249,F250,D251,S252,I253,C254,N255,N256,K257,W258,F259,T260,E261,T262,S263,I264,I265,L266,F267,L268,N269,K270,K271,D272,L273,F274,E275,E276,K277,I278,K279,-,-,R280,S281,P282,L283,T284,I285,C286,Y287,P288,E289,Y290,T291,G292,S293,-,-,-,-,-,-,-,-,-,-,-,-,-,N294,T295,Y296,E297,E298,A299,A300,A301,-,Y302,I303,Q304,C305,Q306,F307,E308,D309,L310,N311,R312,R313,-,-,-,K314,D315,T316,K317,E318,-,-,-,-,-,-,-,-,I319,Y320,T321,H322,F323,T324,C325,A326,T327,D328,T329,K330,N331,V332,Q333,F334,V335,F336,D337,A338,V339,T340,D341,V342,I343,I344,K345,N346,N347,L348,K349,E350,C351,G352,L353,Y354,-,-,-,-,-,-,-,-,-,-,-,-,-,-,-,-,-,-,-,-,-,-,-,-,-,-,-,-,-,-,-,-,-,-,-,-,-,-,-,-,-,-,-,-,-,-,-,-,-,-,-,-,-,-,-,-,-,-,-,-,-,-,-,-,-,-,-,-,-,-,-,-,-,-,-,-,-,-,-,-,-,-,-,-,-,-,-,-,-,-,-,-,-,-,-,-,-,-,-,-,-,-,-,-,-,-,-,-,-,-
GNAL_HUMAN,M1,G2,-,-,-,-,-,-,C3,L4,G5,-,-,-,-,-,-,-,-,-,G6,N7,S8,K9,T10,T11,E12,D13,Q14,G15,V16,D17,E18,K19,E20,R21,R22,E23,A24,N25,K26,K27,I28,E29,K30,Q31,L32,Q33,K34,E35,R36,L37,A38,Y39,K40,A41,T42,H43,R44,L45,L46,L47,L48,G49,A50,G51,E52,S53,G54,K55,S56,T57,I58,V59,K60,Q61,M62,R63,I64,L65,H66,V67,N68,G69,F70,N71,-,-,-,-,-,-,-,-,-,-,-,-,-,-,-,P72,E73,E74,K75,K76,Q77,K78,I79,L80,D81,I82,R83,K84,N85,V86,K87,D88,A89,I90,V91,T92,I93,V94,S95,A96,M97,S98,T99,I100,I101,P102,P103,V104,P105,L106,A107,N108,P109,E110,N111,Q112,F113,R114,S115,D116,Y117,I118,K119,S120,I121,A122,P123,I124,T125,D126,F127,-,-,-,-,-,-,-,-,E128,Y129,S130,Q131,E132,F133,F134,D135,H136,V137,K138,K139,L140,W141,D142,D143,E144,G145,V146,K147,A148,C149,F150,E151,R152,S153,N154,E155,Y156,Q157,L158,I159,D160,C161,A162,Q163,Y164,F165,L166,E167,R168,I169,D170,S171,V172,S173,L174,V175,D176,Y177,T178,P179,T180,D181,Q182,D183,L184,L185,R186,C187,R188,V189,L190,T191,S192,G193,I194,F195,E196,T197,R198,F199,Q200,V201,D202,K203,V204,N205,F206,H207,M208,F209,D210,V211,G212,G213,Q214,R215,D216,E217,R218,R219,K220,W221,I222,Q223,C224,F225,N226,D227,V228,T229,A230,I231,I232,Y233,V234,A235,A236,C237,S238,S239,Y240,N241,M242,V243,I244,R245,E246,D247,N248,N249,T250,N251,R252,L253,R254,E255,S256,L257,D258,L259,F260,E261,S262,I263,W264,N265,N266,R267,W268,L269,R270,T271,I272,S273,I274,I275,L276,F277,L278,N279,K280,Q281,D282,M283,L284,A285,E286,K287,V288,L289,A290,G291,K292,S293,K294,I295,E296,D297,Y298,F299,P300,E301,Y302,A303,N304,Y305,T306,V307,P308,E309,D310,A311,T312,P313,D314,A315,G316,E317,D318,P319,K320,V321,T322,R323,A324,K325,F326,-,F327,I328,R329,D330,L331,F332,L333,R334,I335,S336,T337,A338,-,-,-,T339,G340,D341,G342,K343,H344,-,-,-,-,-,-,Y345,C346,Y347,P348,H349,F350,T351,C352,A353,V354,D355,T356,E357,N358,I359,R360,R361,V362,F363,N364,D365,C366,R367,D368,I369,I370,Q371,R372,M373,H374,L375,K376,Q377,Y378,E379,L380,L381,-,-,-,-,-,-,-,-,-,-,-,-,-,-,-,-,-,-,-,-,-,-,-,-,-,-,-,-,-,-,-,-,-,-,-,-,-,-,-,-,-,-,-,-,-,-,-,-,-,-,-,-,-,-,-,-,-,-,-,-,-,-,-,-,-,-,-,-,-,-,-,-,-,-,-,-,-,-,-,-,-,-,-,-,-,-,-,-,-,-,-,-,-,-,-,-,-,-,-,-,-,-,-,-,-,-,-,-,-,-
GNAO_HUMAN,M1,G2,-,-,-,-,-,-,C3,T4,L5,-,-,-,-,-,-,-,-,-,-,-,-,-,-,-,-,-,-,S6,A7,E8,E9,R10,A11,A12,L13,E14,R15,S16,K17,A18,I19,E20,K21,N22,L23,K24,E25,D26,G27,I28,S29,A30,A31,K32,D33,V34,K35,L36,L37,L38,L39,G40,A41,G42,E43,S44,G45,K46,S47,T48,I49,V50,K51,Q52,M53,K54,I55,I56,H57,E58,D59,G60,F61,S62,-,-,-,-,-,-,-,-,-,-,-,-,-,-,-,G63,E64,D65,V66,K67,Q68,Y69,K70,P71,V72,V73,Y74,S75,N76,T77,I78,Q79,S80,L81,A82,A83,I84,V85,R86,A87,M88,D89,T90,L91,G92,-,-,I93,E94,Y95,G96,D97,K98,E99,R100,K101,A102,D103,A104,K105,M106,V107,C108,D109,V110,V111,S112,R113,M114,E115,D116,T117,-,-,-,-,-,-,E118,P119,F120,S121,A122,E123,L124,L125,S126,A127,M128,M129,R130,L131,W132,G133,D134,S135,G136,I137,Q138,E139,C140,F141,N142,R143,S144,R145,E146,Y147,Q148,L149,N150,D151,S152,A153,K154,Y155,Y156,L157,D158,S159,L160,D161,R162,I163,G164,A165,A166,D167,Y168,Q169,P170,T171,E172,Q173,D174,I175,L176,R177,T178,R179,V180,K181,T182,T183,G184,I185,V186,E187,T188,H189,F190,T191,F192,K193,N194,L195,H196,F197,R198,L199,F200,D201,V202,G203,G204,Q205,R206,S207,E208,R209,K210,K211,W212,I213,H214,C215,F216,E217,D218,V219,T220,A221,I222,I223,F224,C225,V226,A227,L228,S229,G230,Y231,D232,Q233,V234,L235,H236,E237,D238,E239,T240,T241,N242,R243,M244,H245,E246,S247,L248,M249,L250,F251,D252,S253,I254,C255,N256,N257,K258,F259,F260,I261,D262,T263,S264,I265,I266,L267,F268,L269,N270,K271,K272,D273,L274,F275,G276,E277,K278,I279,K280,-,-,K281,S282,P283,L284,T285,I286,C287,F288,P289,E290,Y291,T292,G293,P294,-,-,-,-,-,-,-,-,-,-,-,-,-,N295,T296,Y297,E298,D299,A300,A301,A302,-,Y303,I304,Q305,A306,Q307,F308,E309,S310,K311,N312,R313,-,-,-,-,S314,P315,N316,K317,E318,-,-,-,-,-,-,-,-,I319,Y320,C321,H322,M323,T324,C325,A326,T327,D328,T329,N330,N331,I332,Q333,V334,V335,F336,D337,A338,V339,T340,D341,I342,I343,I344,A345,N346,N347,L348,R349,G350,C351,G352,L353,Y354,-,-,-,-,-,-,-,-,-,-,-,-,-,-,-,-,-,-,-,-,-,-,-,-,-,-,-,-,-,-,-,-,-,-,-,-,-,-,-,-,-,-,-,-,-,-,-,-,-,-,-,-,-,-,-,-,-,-,-,-,-,-,-,-,-,-,-,-,-,-,-,-,-,-,-,-,-,-,-,-,-,-,-,-,-,-,-,-,-,-,-,-,-,-,-,-,-,-,-,-,-,-,-,-,-,-,-,-,-,-
GNAQ_HUMAN,M1,T2,L3,E4,S5,I6,M7,A8,C9,C10,L11,-,-,-,-,-,-,-,-,-,-,-,-,-,-,-,-,-,-,S12,E13,E14,A15,K16,E17,A18,R19,R20,I21,N22,D23,E24,I25,E26,R27,Q28,L29,R30,R31,D32,K33,R34,D35,A36,R37,R38,E39,L40,K41,L42,L43,L44,L45,G46,T47,G48,E49,S50,G51,K52,S53,T54,F55,I56,K57,Q58,M59,R60,I61,I62,H63,G64,S65,G66,Y67,S68,-,-,-,-,-,-,-,-,-,-,-,-,-,-,-,D69,E70,D71,K72,R73,G74,F75,T76,K77,L78,V79,Y80,Q81,N82,I83,F84,T85,A86,M87,Q88,A89,M90,I91,R92,A93,M94,D95,T96,L97,K98,-,-,I99,P100,Y101,K102,Y103,E104,H105,N106,K107,A108,H109,A110,Q111,L112,V113,R114,E115,V116,D117,V118,E119,K120,V121,S122,A123,-,-,-,-,-,-,-,-,F124,E125,N126,P127,Y128,V129,D130,A131,I132,K133,S134,L135,W136,N137,D138,P139,G140,I141,Q142,E143,C144,Y145,D146,R147,R148,R149,E150,Y151,Q152,L153,S154,D155,S156,T157,K158,Y159,Y160,L161,N162,D163,L164,D165,R166,V167,A168,D169,P170,A171,Y172,L173,P174,T175,Q176,Q177,D178,V179,L180,R181,V182,R183,V184,P185,T186,T187,G188,I189,I190,E191,Y192,P193,F194,D195,L196,Q197,S198,V199,I200,F201,R202,M203,V204,D205,V206,G207,G208,Q209,R210,S211,E212,R213,R214,K215,W216,I217,H218,C219,F220,E221,N222,V223,T224,S225,I226,M227,F228,L229,V230,A231,L232,S233,E234,Y235,D236,Q237,V238,L239,V240,E241,S242,D243,N244,E245,N246,R247,M248,E249,E250,S251,K252,A253,L254,F255,R256,T257,I258,I259,T260,Y261,P262,W263,F264,Q265,N266,S267,S268,V269,I270,L271,F272,L273,N274,K275,K276,D277,L278,L279,E280,E281,K282,I283,M284,-,-,Y285,S286,H287,L288,V289,D290,Y291,F292,P293,E294,Y295,D296,G297,P298,-,-,-,-,-,-,-,-,-,-,-,-,-,Q299,R300,D301,A302,Q303,A304,A305,R306,E307,F308,I309,L310,K311,M312,F313,V314,D315,L316,-,-,-,-,-,-,N317,P318,D319,S320,D321,K322,-,-,-,-,-,-,I323,I324,Y325,S326,H327,F328,T329,C330,A331,T332,D333,T334,E335,N336,I337,R338,F339,V340,F341,A342,A343,V344,K345,D346,T347,I348,L349,Q350,L351,N352,L353,K354,E355,Y356,N357,L358,V359,-,-,-,-,-,-,-,-,-,-,-,-,-,-,-,-,-,-,-,-,-,-,-,-,-,-,-,-,-,-,-,-,-,-,-,-,-,-,-,-,-,-,-,-,-,-,-,-,-,-,-,-,-,-,-,-,-,-,-,-,-,-,-,-,-,-,-,-,-,-,-,-,-,-,-,-,-,-,-,-,-,-,-,-,-,-,-,-,-,-,-,-,-,-,-,-,-,-,-,-,-,-,-,-,-,-,-,-,-,-
GNAS2_HUMAN,M1,G2,-,-,-,-,-,-,C3,L4,G5,-,-,-,-,-,-,-,-,-,-,N6,S7,K8,-,T9,E10,D11,Q12,R13,N14,E15,E16,K17,A18,Q19,R20,E21,A22,N23,K24,K25,I26,E27,K28,Q29,L30,Q31,K32,D33,K34,Q35,V36,Y37,R38,A39,T40,H41,R42,L43,L44,L45,L46,G47,A48,G49,E50,S51,G52,K53,S54,T55,I56,V57,K58,Q59,M60,R61,I62,L63,H64,V65,N66,G67,F68,N69,G70,E71,G72,G73,E74,E75,D76,P77,Q78,A79,A80,R81,S82,N83,S84,D85,G86,E87,K88,A89,T90,K91,V92,Q93,D94,I95,K96,N97,N98,L99,K100,E101,A102,I103,E104,T105,I106,V107,A108,A109,M110,S111,N112,L113,V114,P115,P116,V117,E118,L119,A120,N121,P122,E123,N124,Q125,F126,R127,V128,D129,Y130,I131,L132,S133,V134,M135,N136,V137,P138,D139,F140,-,-,-,-,-,-,-,-,D141,F142,P143,P144,E145,F146,Y147,E148,H149,A150,K151,A152,L153,W154,E155,D156,E157,G158,V159,R160,A161,C162,Y163,E164,R165,S166,N167,E168,Y169,Q170,L171,I172,D173,C174,A175,Q176,Y177,F178,L179,D180,K181,I182,D183,V184,I185,K186,Q187,A188,D189,Y190,V191,P192,S193,D194,Q195,D196,L197,L198,R199,C200,R201,V202,L203,T204,S205,G206,I207,F208,E209,T210,K211,F212,Q213,V214,D215,K216,V217,N218,F219,H220,M221,F222,D223,V224,G225,G226,Q227,R228,D229,E230,R231,R232,K233,W234,I235,Q236,C237,F238,N239,D240,V241,T242,A243,I244,I245,F246,V247,V248,A249,S250,S251,S252,Y253,N254,M255,V256,I257,R258,E259,D260,N261,Q262,T263,N264,R265,L266,Q267,E268,A269,L270,N271,L272,F273,K274,S275,I276,W277,N278,N279,R280,W281,L282,R283,T284,I285,S286,V287,I288,L289,F290,L291,N292,K293,Q294,D295,L296,L297,A298,E299,K300,V301,L302,A303,G304,K305,S306,K307,I308,E309,D310,Y311,F312,P313,E314,F315,A316,R317,Y318,T319,T320,P321,E322,D323,A324,T325,P326,E327,P328,G329,E330,D331,P332,R333,V334,T335,R336,A337,K338,Y339,-,F340,I341,R342,D343,E344,F345,L346,R347,I348,S349,T350,A351,-,-,-,S352,G353,D354,G355,R356,H357,-,-,-,-,-,-,Y358,C359,Y360,P361,H362,F363,T364,C365,A366,V367,D368,T369,E370,N371,I372,R373,R374,V375,F376,N377,D378,C379,R380,D381,I382,I383,Q384,R385,M386,H387,L388,R389,Q390,Y391,E392,L393,L394,-,-,-,-,-,-,-,-,-,-,-,-,-,-,-,-,-,-,-,-,-,-,-,-,-,-,-,-,-,-,-,-,-,-,-,-,-,-,-,-,-,-,-,-,-,-,-,-,-,-,-,-,-,-,-,-,-,-,-,-,-,-,-,-,-,-,-,-,-,-,-,-,-,-,-,-,-,-,-,-,-,-,-,-,-,-,-,-,-,-,-,-,-,-,-,-,-,-,-,-,-,-,-,-,-,-,-,-,-,-
GNAT1_HUMAN,M1,G2,-,-,-,-,-,-,A3,G4,A5,-,-,-,-,-,-,-,-,-,-,-,-,-,-,-,-,-,-,S6,A7,E8,E9,K10,-,-,-,-,H11,S12,R13,E14,L15,E16,K17,K18,L19,K20,E21,D22,A23,E24,K25,D26,A27,R28,T29,V30,K31,L32,L33,L34,L35,G36,A37,G38,E39,S40,G41,K42,S43,T44,I45,V46,K47,Q48,M49,K50,I51,I52,H53,Q54,D55,G56,Y57,S58,-,-,-,-,-,-,-,-,-,-,-,-,-,-,-,L59,E60,E61,C62,L63,E64,F65,I66,A67,I68,I69,Y70,G71,N72,T73,L74,Q75,S76,I77,L78,A79,I80,V81,R82,A83,M84,T85,T86,L87,N88,-,-,I89,Q90,Y91,G92,D93,S94,A95,R96,Q97,D98,D99,A100,R101,K102,L103,M104,H105,M106,A107,D108,T109,I110,E111,E112,-,-,-,-,-,-,-,G113,T114,M115,P116,K117,E118,M119,S120,D121,I122,I123,Q124,R125,L126,W127,K128,D129,S130,G131,I132,Q133,A134,C135,F136,E137,R138,A139,S140,E141,Y142,Q143,L144,N145,D146,S147,A148,G149,Y150,Y151,L152,S153,D154,L155,E156,R157,L158,V159,T160,P161,G162,Y163,V164,P165,T166,E167,Q168,D169,V170,L171,R172,S173,R174,V175,K176,T177,T178,G179,I180,I181,E182,T183,Q184,F185,S186,F187,K188,D189,L190,N191,F192,R193,M194,F195,D196,V197,G198,G199,Q200,R201,S202,E203,R204,K205,K206,W207,I208,H209,C210,F211,E212,G213,V214,T215,C216,I217,I218,F219,I220,A221,A222,L223,S224,A225,Y226,D227,M228,V229,L230,V231,E232,D233,D234,E235,V236,N237,R238,M239,H240,E241,S242,L243,H244,L245,F246,N247,S248,I249,C250,N251,H252,R253,Y254,F255,A256,T257,T258,S259,I260,V261,L262,F263,L264,N265,K266,K267,D268,V269,F270,F271,E272,K273,I274,K275,-,-,K276,A277,H278,L279,S280,I281,C282,F283,P284,D285,Y286,D287,G288,P289,-,-,-,-,-,-,-,-,-,-,-,-,-,N290,T291,Y292,E293,D294,A295,G296,N297,-,Y298,I299,K300,V301,Q302,F303,L304,E305,L306,N307,M308,R309,-,-,-,R310,D311,V312,K313,E314,-,-,-,-,-,-,-,-,I315,Y316,S317,H318,M319,T320,C321,A322,T323,D324,T325,Q326,N327,V328,K329,F330,V331,F332,D333,A334,V335,T336,D337,I338,I339,I340,K341,E342,N343,L344,K345,D346,C347,G348,L349,F350,-,-,-,-,-,-,-,-,-,-,-,-,-,-,-,-,-,-,-,-,-,-,-,-,-,-,-,-,-,-,-,-,-,-,-,-,-,-,-,-,-,-,-,-,-,-,-,-,-,-,-,-,-,-,-,-,-,-,-,-,-,-,-,-,-,-,-,-,-,-,-,-,-,-,-,-,-,-,-,-,-,-,-,-,-,-,-,-,-,-,-,-,-,-,-,-,-,-,-,-,-,-,-,-,-,-,-,-,-,-
GNAT2_HUMAN,M1,G2,-,-,-,-,-,-,S3,G4,A5,-,-,-,-,-,-,-,-,-,-,-,-,-,-,-,-,-,-,S6,A7,E8,D9,K10,E11,L12,A13,K14,R15,S16,K17,E18,L19,E20,K21,K22,L23,Q24,E25,D26,A27,D28,K29,E30,A31,K32,T33,V34,K35,L36,L37,L38,L39,G40,A41,G42,E43,S44,G45,K46,S47,T48,I49,V50,K51,Q52,M53,K54,I55,I56,H57,Q58,D59,G60,Y61,S62,-,-,-,-,-,-,-,-,-,-,-,-,-,-,-,P63,E64,E65,C66,L67,E68,F69,K70,A71,I72,I73,Y74,G75,N76,V77,L78,Q79,S80,I81,L82,A83,I84,I85,R86,A87,M88,T89,T90,L91,G92,-,-,I93,D94,Y95,A96,E97,P98,S99,C100,A101,D102,D103,G104,R105,Q106,L107,N108,N109,L110,A111,D112,S113,I114,E115,E116,-,-,-,-,-,-,-,G117,T118,M119,P120,P121,E122,L123,V124,E125,V126,I127,R128,R129,L130,W131,K132,D133,G134,G135,V136,Q137,A138,C139,F140,E141,R142,A143,A144,E145,Y146,Q147,L148,N149,D150,S151,A152,S153,Y154,Y155,L156,N157,Q158,L159,E160,R161,I162,T163,D164,P165,E166,Y167,L168,P169,S170,E171,Q172,D173,V174,L175,R176,S177,R178,V179,K180,T181,T182,G183,I184,I185,E186,T187,K188,F189,S190,V191,K192,D193,L194,N195,F196,R197,M198,F199,D200,V201,G202,G203,Q204,R205,S206,E207,R208,K209,K210,W211,I212,H213,C214,F215,E216,G217,V218,T219,C220,I221,I222,F223,C224,A225,A226,L227,S228,A229,Y230,D231,M232,V233,L234,V235,E236,D237,D238,E239,V240,N241,R242,M243,H244,E245,S246,L247,H248,L249,F250,N251,S252,I253,C254,N255,H256,K257,F258,F259,A260,A261,T262,S263,I264,V265,L266,F267,L268,N269,K270,K271,D272,L273,F274,E275,E276,K277,I278,K279,-,-,K280,V281,H282,L283,S284,I285,C286,F287,P288,E289,Y290,D291,G292,N293,-,-,-,-,-,-,-,-,-,-,-,-,-,N294,S295,Y296,D297,D298,A299,G300,N301,-,Y302,I303,K304,S305,Q306,F307,L308,D309,L310,N311,M312,R313,-,-,-,K314,D315,V316,K317,E318,-,-,-,-,-,-,-,-,I319,Y320,S321,H322,M323,T324,C325,A326,T327,D328,T329,Q330,N331,V332,K333,F334,V335,F336,D337,A338,V339,T340,D341,I342,I343,I344,K345,E346,N347,L348,K349,D350,C351,G352,L353,F354,-,-,-,-,-,-,-,-,-,-,-,-,-,-,-,-,-,-,-,-,-,-,-,-,-,-,-,-,-,-,-,-,-,-,-,-,-,-,-,-,-,-,-,-,-,-,-,-,-,-,-,-,-,-,-,-,-,-,-,-,-,-,-,-,-,-,-,-,-,-,-,-,-,-,-,-,-,-,-,-,-,-,-,-,-,-,-,-,-,-,-,-,-,-,-,-,-,-,-,-,-,-,-,-,-,-,-,-,-,-
GNAT3_HUMAN,M1,G2,-,-,-,-,-,-,S3,G4,I5,-,-,-,-,-,-,-,-,-,-,-,-,-,-,-,-,-,-,S6,S7,E8,S9,K10,E11,S12,A13,K14,R15,S16,K17,E18,L19,E20,K21,K22,L23,Q24,E25,D26,A27,E28,R29,D30,A31,R32,T33,V34,K35,L36,L37,L38,L39,G40,A41,G42,E43,S44,G45,K46,S47,T48,I49,V50,K51,Q52,M53,K54,I55,I56,H57,K58,N59,G60,Y61,S62,-,-,-,-,-,-,-,-,-,-,-,-,-,-,-,E63,Q64,E65,C66,M67,E68,F69,K70,A71,V72,I73,Y74,S75,N76,T77,L78,Q79,S80,I81,L82,A83,I84,V85,K86,A87,M88,T89,T90,L91,G92,-,-,I93,D94,Y95,V96,N97,P98,R99,S100,A101,E102,D103,Q104,R105,Q106,L107,Y108,A109,M110,A111,N112,T113,L114,E115,D116,-,-,-,-,-,-,-,G117,G118,M119,T120,P121,Q122,L123,A124,E125,V126,I127,K128,R129,L130,W131,R132,D133,P134,G135,I136,Q137,A138,C139,F140,E141,R142,A143,S144,E145,Y146,Q147,L148,N149,D150,S151,A152,A153,Y154,Y155,L156,N157,D158,L159,D160,R161,I162,T163,A164,S165,G166,Y167,V168,P169,N170,E171,Q172,D173,V174,L175,H176,S177,R178,V179,K180,T181,T182,G183,I184,I185,E186,T187,Q188,F189,S190,F191,K192,D193,L194,H195,F196,R197,M198,F199,D200,V201,G202,G203,Q204,R205,S206,E207,R208,K209,K210,W211,I212,H213,C214,F215,E216,G217,V218,T219,C220,I221,I222,F223,C224,A225,A226,L227,S228,A229,Y230,D231,M232,V233,L234,V235,E236,D237,E238,E239,V240,N241,R242,M243,H244,E245,S246,L247,H248,L249,F250,N251,S252,I253,C254,N255,H256,K257,Y258,F259,S260,T261,T262,S263,I264,V265,L266,F267,L268,N269,K270,K271,D272,I273,F274,Q275,E276,K277,V278,T279,-,-,K280,V281,H282,L283,S284,I285,C286,F287,P288,E289,Y290,T291,G292,P293,-,-,-,-,-,-,-,-,-,-,-,-,-,N294,T295,F296,E297,D298,A299,G300,N301,-,Y302,I303,K304,N305,Q306,F307,L308,D309,L310,N311,L312,K313,-,-,-,K314,E315,D316,K317,E318,-,-,-,-,-,-,-,-,I319,Y320,S321,H322,M323,T324,C325,A326,T327,D328,T329,Q330,N331,V332,K333,F334,V335,F336,D337,A338,V339,T340,D341,I342,I343,I344,K345,E346,N347,L348,K349,D350,C351,G352,L353,F354,-,-,-,-,-,-,-,-,-,-,-,-,-,-,-,-,-,-,-,-,-,-,-,-,-,-,-,-,-,-,-,-,-,-,-,-,-,-,-,-,-,-,-,-,-,-,-,-,-,-,-,-,-,-,-,-,-,-,-,-,-,-,-,-,-,-,-,-,-,-,-,-,-,-,-,-,-,-,-,-,-,-,-,-,-,-,-,-,-,-,-,-,-,-,-,-,-,-,-,-,-,-,-,-,-,-,-,-,-,-
GNAZ_HUMAN,M1,G2,-,-,-,-,-,-,C3,R4,Q5,-,-,-,-,-,-,-,-,-,-,-,-,-,-,-,-,-,-,S6,S7,E8,E9,K10,E11,A12,A13,R14,R15,S16,R17,R18,I19,D20,R21,H22,L23,R24,S25,E26,S27,Q28,R29,Q30,R31,R32,E33,I34,K35,L36,L37,L38,L39,G40,T41,S42,N43,S44,G45,K46,S47,T48,I49,V50,K51,Q52,M53,K54,I55,I56,H57,S58,G59,G60,F61,N62,-,-,-,-,-,-,-,-,-,-,-,-,-,-,-,L63,E64,A65,C66,K67,E68,Y69,K70,P71,L72,I73,I74,Y75,N76,A77,I78,D79,S80,L81,T82,R83,I84,I85,R86,A87,L88,A89,A90,L91,R92,-,-,I93,D94,F95,H96,N97,P98,D99,R100,A101,Y102,D103,A104,V105,Q106,L107,F108,A109,L110,T111,G112,P113,A114,E115,S116,K117,-,-,-,-,-,-,G118,E119,I120,T121,P122,E123,L124,L125,G126,V127,M128,R129,R130,L131,W132,A133,D134,P135,G136,A137,Q138,A139,C140,F141,S142,R143,S144,S145,E146,Y147,H148,L149,E150,D151,N152,A153,A154,Y155,Y156,L157,N158,D159,L160,E161,R162,I163,A164,A165,A166,D167,Y168,I169,P170,T171,V172,E173,D174,I175,L176,R177,S178,R179,D180,M181,T182,T183,G184,I185,V186,E187,N188,K189,F190,T191,F192,K193,E194,L195,T196,F197,K198,M199,V200,D201,V202,G203,G204,Q205,R206,S207,E208,R209,K210,K211,W212,I213,H214,C215,F216,E217,G218,V219,T220,A221,I222,I223,F224,C225,V226,E227,L228,S229,G230,Y231,D232,L233,K234,L235,Y236,E237,D238,N239,Q240,T241,S242,R243,M244,A245,E246,S247,L248,R249,L250,F251,D252,S253,I254,C255,N256,N257,N258,W259,F260,I261,N262,T263,S264,L265,I266,L267,F268,L269,N270,K271,K272,D273,L274,L275,A276,E277,K278,I279,R280,-,-,R281,I282,P283,L284,T285,I286,C287,F288,P289,E290,Y291,K292,G293,Q294,-,-,-,-,-,-,-,-,-,-,-,-,-,N295,T296,Y297,E298,E299,A300,A301,V302,-,Y303,I304,Q305,R306,Q307,F308,E309,D310,L311,N312,R313,N314,-,-,-,K315,E316,T317,K318,E319,-,-,-,-,-,-,-,-,I320,Y321,S322,H323,F324,T325,C326,A327,T328,D329,T330,S331,N332,I333,Q334,F335,V336,F337,D338,A339,V340,T341,D342,V343,I344,I345,Q346,N347,N348,L349,K350,Y351,I352,G353,L354,C355,-,-,-,-,-,-,-,-,-,-,-,-,-,-,-,-,-,-,-,-,-,-,-,-,-,-,-,-,-,-,-,-,-,-,-,-,-,-,-,-,-,-,-,-,-,-,-,-,-,-,-,-,-,-,-,-,-,-,-,-,-,-,-,-,-,-,-,-,-,-,-,-,-,-,-,-,-,-,-,-,-,-,-,-,-,-,-,-,-,-,-,-,-,-,-,-,-,-,-,-,-,-,-,-,-,-,-,-,-,-
