entity_name,1.13,1.14,1.15,1.16,1.17,1.18,1.19,1.20,1.21,1.22,1.23,1.24,1.25,1.26,1.27,1.28,1.29,1.30,1.31,1.32,1.33,1.34,1.35,1.36,1.37,1.38,1.39,1.40,1.41,1.411,1.42,1.43,1.44,1.45,1.46,1.47,1.48,1.49,1.50,1.51,1.52,1.53,1.54,1.55,1.56,1.57,1.58,1.59,1.60,1.61,1.62,1.63,1.64,2.31,2.32,2.33,2.34,2.35,2.36,2.37,2.38,2.39,2.40,2.41,2.42,2.43,2.44,2.45,2.46,2.47,2.48,2.49,2.50,2.51,2.52,2.53,2.54,2.55,2.551,2.56,2.57,2.58,2.59,2.60,2.61,2.62,2.63,2.64,2.65,2.66,2.67,2.68,2.69,2.70,2.71,3.10,3.11,3.12,3.13,3.14,3.15,3.16,3.17,3.18,3.19,3.20,3.21,3.22,3.23,3.24,3.25,3.26,3.27,3.28,3.29,3.30,3.31,3.32,3.33,3.34,3.35,3.36,3.37,3.38,3.39,3.40,3.41,3.42,3.43,3.44,3.45,3.46,3.47,3.48,3.49,3.50,3.51,3.52,3.53,3.54,3.55,3.56,3.57,3.58,3.59,3.60,4.34,4.35,4.36,4.37,4.38,4.39,4.40,4.41,4.42,4.43,4.44,4.45,4.46,4.47,4.48,4.49,4.491,4.50,4.51,4.52,4.53,4.54,4.55,4.56,4.57,4.58,4.59,4.60,4.61,4.62,4.63,4.64,4.65,4.66,4.67,4.68,4.69,5.24,5.25,5.26,5.27,5.28,5.29,5.30,5.31,5.32,5.33,5.34,5.35,5.36,5.37,5.38,5.39,5.40,5.41,5.411,5.42,5.421,5.43,5.44,5.45,5.46,5.461,5.47,5.48,5.49,5.50,5.51,5.52,5.53,5.54,5.55,5.56,5.57,5.58,5.59,5.60,5.61,5.62,5.63,5.64,5.65,5.66,5.67,5.68,5.69,5.70,5.71,5.72,5.73,5.74,5.75,5.76,5.77,5.78,5.79,5.80,5.81,5.82,5.83,5.84,5.85,5.86,6.14,6.15,6.16,6.17,6.18,6.19,6.20,6.21,6.22,6.23,6.24,6.25,6.26,6.27,6.28,6.29,6.30,6.31,6.32,6.33,6.34,6.35,6.36,6.37,6.38,6.39,6.40,6.41,6.42,6.43,6.44,6.45,6.46,6.461,6.47,6.48,6.49,6.50,6.51,6.52,6.53,6.54,6.55,6.56,6.57,6.58,6.59,6.60,6.61,6.62,6.63,6.64,6.65,6.66,6.67,6.68,6.69,6.70,6.71,6.72,6.73,6.74,6.75,6.76,6.77,6.78,6.79,6.80,6.81,7.23,7.24,7.25,7.26,7.27,7.28,7.29,7.30,7.31,7.32,7.33,7.34,7.35,7.36,7.37,7.38,7.39,7.40,7.41,7.42,7.43,7.44,7.45,7.46,7.47,7.48,7.49,7.50,7.51,7.52,7.521,7.53,7.54,7.55,7.56,7.57,7.58,7.59,7.60,7.61,7.62,7.63,7.64,8.37,8.38,8.39,8.40,8.41,8.42,8.43,8.44,8.45,8.46,8.47,8.48,8.49,8.50,8.51,8.52,8.53,8.54,8.55,8.56,8.57,8.58,8.59,8.60,8.61,8.62,8.63,8.64,8.65,8.66,8.67,8.68,8.69,8.70,8.71,8.72,8.73,8.74,8.75,8.76,8.77,8.78,8.79,8.80,8.81,8.82,8.83,8.84,8.85,8.86,8.87,8.88,8.89,8.90,8.91,8.92,8.93,8.94,8.95,8.96,8.97,8.98,8.99
TAS2R4-Human,-,-,-,-,-,-,-,-,-,-,-,-,-,-,-,-,-,-,-,Y6,F7,S8,A9,I10,I11,A12,S13,V14,I15,-,L16,N17,F18,V19,G20,I21,I22,M23,N24,L25,F26,I27,T28,V29,V30,N31,C32,K33,T34,W35,V36,-,-,-,-,-,-,-,I41,S42,S43,S44,D45,R46,I47,L48,F49,S50,L51,G52,I53,T54,R55,F56,L57,M58,L59,G60,-,L61,F62,L63,V64,N65,T66,I67,Y68,F69,V70,S71,-,-,-,-,-,-,-,-,-,-,-,-,-,-,-,-,S77,V78,Y79,L80,S81,A82,F83,F84,V85,L86,C87,F88,M89,F90,L91,D92,S93,S94,S95,V96,W97,F98,V99,T100,L101,L102,N103,I104,L105,Y106,C107,V108,K109,I110,T111,N112,-,-,-,-,-,-,-,-,R123,N124,I125,S126,P127,K128,I129,P130,R131,L132,L133,L134,-,A135,C136,V137,L138,I139,S140,A141,F142,T143,T144,C145,L146,Y147,I148,T149,-,-,-,-,-,-,-,-,-,-,-,-,-,I170,S171,E172,G173,I174,L175,S176,L177,V178,V179,-,S180,-,L181,V182,L183,S184,-,S185,S186,L187,Q188,F189,I190,I191,N192,V193,T194,S195,A196,S197,L198,L199,I200,H201,S202,L203,R204,R205,H206,I207,Q208,K209,M210,-,-,-,-,-,-,-,-,-,-,-,-,-,-,-,-,-,-,-,-,-,-,-,-,-,-,-,-,-,P220,Q221,T222,E223,A224,H225,V226,G227,A228,M229,K230,L231,M232,V233,Y234,F235,L236,I237,-,L238,Y239,I240,P241,Y242,S243,V244,A245,T246,L247,V248,Q249,Y250,L251,P252,-,-,-,-,-,-,-,-,-,-,-,-,-,-,-,-,-,-,-,-,-,-,-,-,-,-,-,-,D258,M259,G260,T261,K262,S263,I264,C265,L266,I267,F268,A269,T270,L271,Y272,S273,P274,G275,H276,S277,V278,L279,-,I280,I281,I282,T283,-,-,-,-,-,-,-,-,-,-,-,-,-,-,-,-,-,-,H284,P285,K286,L287,K288,T289,T290,A291,K292,K293,I294,L295,C296,F297,-,-,-,-,-,-,-,-,-,-,-,-,-,-,-,-,-,-,-,-,-,-,-,-,-,-,-,-,-,-,-,-,-,-,-,-,-,-,-
TAS2R5-Human,-,-,-,-,-,-,-,-,-,-,-,-,-,-,-,-,-,-,-,L6,G7,L8,L9,M10,L11,V12,A13,V14,V15,-,E16,F17,L18,I19,G20,L21,I22,G23,N24,G25,S26,L27,V28,V29,W30,S31,F32,R33,E34,W35,I36,-,-,-,-,-,-,-,W41,S42,S43,Y44,N45,L46,I47,I48,L49,G50,L51,A52,G53,C54,R55,F56,L57,L58,Q59,W60,-,L61,I62,I63,L64,D65,L66,S67,L68,F69,P70,L71,-,-,-,-,-,-,-,-,-,-,-,-,-,-,-,-,-,-,-,W77,L78,R79,Y80,L81,S82,I83,F84,W85,V86,L87,V88,S89,Q90,A91,S92,L93,W94,F95,A96,T97,F98,L99,S100,V101,F102,Y103,C104,K105,K106,I107,T108,T109,-,-,-,-,-,-,-,-,Q120,R121,A122,Y123,N124,L125,S126,L127,W128,C129,L130,L131,-,G132,Y133,F134,I135,I136,N137,L138,L139,L140,T141,V142,Q143,I144,G145,L146,-,-,-,-,-,-,-,-,-,-,-,-,-,F162,E163,S164,W165,Q166,Y167,L168,Y169,A170,F171,-,Q172,-,L173,N174,S175,G176,-,S177,Y178,L179,P180,L181,V182,V183,F184,L185,V186,S187,S188,G189,M190,L191,I192,V193,S194,L195,Y196,T197,H198,H199,K200,K201,M202,-,-,-,-,-,-,-,-,-,-,-,-,-,-,-,-,-,-,-,-,-,-,-,-,-,-,-,-,-,V212,R213,A214,K215,A216,H217,I218,T219,A220,L221,K222,S223,L224,G225,C226,F227,L228,L229,-,L230,H231,L232,V233,Y234,I235,M236,A237,S238,P239,F240,S241,I242,T243,S244,-,-,-,-,-,-,-,-,-,-,-,-,-,-,-,-,-,-,-,-,-,-,-,-,-,-,-,-,D250,L251,T252,S253,V254,F255,I256,W257,E258,T259,L260,M261,A262,A263,Y264,P265,S266,L267,H268,S269,L270,I271,-,L272,I273,M274,-,-,-,-,-,-,-,-,-,-,-,-,-,-,-,-,-,-,-,I276,P277,R278,V279,K280,Q281,T282,C283,Q284,K285,I286,L287,W288,K289,-,-,-,-,-,-,-,-,-,-,-,-,-,-,-,-,-,-,-,-,-,-,-,-,-,-,-,-,-,-,-,-,-,-,-,-,-,-,-
TAS2R1-Human,-,-,-,-,-,-,-,-,-,-,-,-,-,-,-,-,-,-,-,L6,I7,I8,Y9,F10,L11,L12,A13,V14,I15,-,Q16,F17,L18,L19,G20,I21,F22,T23,N24,G25,I26,I27,V28,V29,V30,N31,G32,I33,D34,L35,I36,-,-,-,-,-,-,-,M41,A42,P43,L44,D45,L46,L47,L48,S49,C50,L51,A52,V53,S54,R55,I56,F57,L58,Q59,L60,-,F61,I62,F63,Y64,V65,N66,V67,I68,V69,I70,F71,-,-,-,-,-,-,-,-,-,-,-,-,-,-,-,-,-,-,-,M77,C78,S79,A80,N81,C82,A83,I84,L85,L86,F87,I88,N89,E90,L91,E92,L93,W94,L95,A96,T97,W98,L99,G100,V101,F102,Y103,C104,A105,K106,V107,A108,S109,-,-,-,-,-,-,-,-,M120,R121,I122,S123,K124,L125,V126,P127,W128,M129,I130,L131,-,G132,S133,L134,L135,Y136,V137,S138,M139,I140,C141,V142,F143,H144,S145,K146,-,-,-,-,-,-,-,-,-,-,-,-,-,K168,E169,D170,T171,L172,A173,I174,Q175,I176,F177,-,S178,-,F179,V180,A181,E182,-,F183,S184,V185,P186,L187,L188,I189,F190,L191,F192,A193,V194,L195,L196,L197,I198,F199,S200,L201,G202,R203,H204,T205,R206,Q207,M208,-,-,-,-,-,-,-,-,-,-,-,-,-,-,-,-,-,-,-,-,-,-,-,-,-,-,-,-,-,P218,G219,R220,G221,A222,P223,I224,S225,A226,L227,L228,S229,I230,L231,S232,F233,L234,I235,-,L236,Y237,F238,S239,H240,C241,M242,I243,K244,V245,F246,L247,S248,S249,L250,-,-,-,-,-,-,-,-,-,-,-,-,-,-,-,-,-,-,-,-,-,-,-,-,-,-,-,-,R255,R256,F257,I258,F259,L260,F261,F262,I263,L264,V265,I266,G267,I268,Y269,P270,S271,G272,H273,S274,L275,I276,-,L277,I278,L279,G280,-,-,-,-,-,-,-,-,-,-,-,-,-,-,-,-,-,-,N281,P282,K283,L284,K285,Q286,N287,A288,K289,K290,F291,L292,L293,H294,-,-,-,-,-,-,-,-,-,-,-,-,-,-,-,-,-,-,-,-,-,-,-,-,-,-,-,-,-,-,-,-,-,-,-,-,-,-,-
TAS2R3-Human,-,-,-,-,-,-,-,-,-,-,-,-,-,-,-,-,-,-,-,E6,G7,V8,F9,L10,I11,L12,S13,G14,T15,-,Q16,F17,T18,L19,G20,I21,L22,V23,N24,C25,F26,I27,E28,L29,V30,N31,G32,S33,S34,W35,F36,-,-,-,-,-,-,-,M41,S42,L43,S44,D45,F46,I47,I48,T49,T50,L51,A52,L53,L54,R55,I56,I57,L58,L59,C60,-,I61,I62,L63,T64,D65,S66,F67,L68,I69,E70,F71,S72,-,-,-,-,-,-,-,-,-,-,-,-,-,-,-,S78,G79,I80,I81,M82,Q83,I84,I85,D86,V87,S88,W89,T90,F91,T92,N93,H94,L95,S96,I97,W98,L99,A100,T101,C102,L103,G104,V105,L106,Y107,C108,L109,K110,I111,A112,S113,-,-,-,-,-,-,-,-,W124,R125,V126,S127,R128,V129,M130,V131,W132,M133,L134,L135,-,G136,A137,L138,L139,L140,S141,C142,G143,S144,T145,A146,S147,L148,I149,N150,-,-,-,-,-,-,-,-,-,-,-,-,-,K174,R175,S176,E177,Y178,Y179,L180,I181,H182,V183,-,L184,-,G185,T186,L187,W188,-,Y189,L190,P191,P192,L193,I194,V195,S196,L197,A198,S199,Y200,S201,L202,L203,I204,F205,S206,L207,G208,R209,H210,T211,R212,Q213,M214,-,-,-,-,-,-,-,-,-,-,-,-,-,-,-,-,-,-,-,-,-,-,-,-,-,-,-,-,-,P224,T225,T226,E227,A228,H229,K230,R231,A232,I233,R234,I235,I236,L237,S238,F239,F240,F241,-,L242,F243,L244,L245,Y246,F247,L248,A249,F250,L251,I252,A253,S254,F255,G256,-,-,-,-,-,-,-,-,-,-,-,-,-,-,-,-,-,-,-,-,-,-,-,-,-,-,-,-,T262,K263,M264,A265,K266,M267,I268,G269,E270,V271,M272,T273,M274,F275,Y276,P277,A278,G279,H280,S281,F282,I283,-,L284,I285,L286,G287,-,-,-,-,-,-,-,-,-,-,-,-,-,-,-,-,-,-,N288,S289,K290,L291,K292,Q293,T294,F295,V296,V297,M298,L299,R300,C301,-,-,-,-,-,-,-,-,-,-,-,-,-,-,-,-,-,-,-,-,-,-,-,-,-,-,-,-,-,-,-,-,-,-,-,-,-,-,-
TAS2R7-Human,-,-,-,-,-,-,-,-,-,-,-,-,-,-,-,-,-,-,-,Q6,T7,T8,L9,L10,F11,L12,A13,V14,G15,-,E16,F17,S18,V19,G20,I21,L22,G23,N24,A25,F26,I27,G28,L29,V30,N31,C32,M33,D34,W35,V36,-,-,-,-,-,-,-,I41,A42,S43,I44,D45,L46,I47,L48,T49,S50,L51,A52,I53,S54,R55,I56,C57,L58,L59,C60,-,V61,I62,L63,L64,D65,C66,F67,I68,L69,V70,L71,Y72,-,-,-,-,-,-,-,-,-,-,-,-,-,-,-,T78,G79,K80,E81,M82,R83,I84,I85,D86,F87,F88,W89,T90,L91,T92,N93,H94,L95,S96,I97,W98,F99,A100,T101,C102,L103,S104,I105,Y106,Y107,F108,F109,K110,I111,G112,N113,-,-,-,-,-,-,-,-,W124,R125,I126,D127,R128,V129,I130,S131,W132,I133,L134,L135,-,G136,C137,V138,V139,L140,S141,V142,F143,I144,S145,L146,P147,A148,T149,-,-,-,-,-,-,-,-,-,-,-,-,-,-,N175,K176,T177,Q178,H179,A180,S181,T182,K183,L184,-,F185,-,L186,N187,L188,A189,-,T190,L191,L192,P193,F194,C195,V196,C197,L198,M199,S200,F201,F202,L203,L204,I205,L206,S207,L208,R209,R210,H211,I212,R213,R214,M215,-,-,-,-,-,-,-,-,-,-,-,-,-,-,-,-,-,-,-,-,-,-,-,-,-,-,-,-,-,P225,S226,T227,E228,A229,H230,V231,R232,A233,L234,K235,A236,V237,I238,S239,F240,L241,L242,-,L243,F244,I245,A246,Y247,Y248,L249,S250,F251,L252,I253,A254,T255,S256,S257,-,-,-,-,-,-,-,-,-,-,-,-,-,-,-,-,-,-,-,-,-,-,-,-,-,-,-,-,T263,E264,L265,A266,V267,I268,F269,G270,E271,S272,I273,A274,L275,I276,Y277,P278,S279,S280,H281,S282,F283,I284,-,L285,I286,L287,G288,-,-,-,-,-,-,-,-,-,-,-,-,-,-,-,-,-,-,N289,N290,K291,L292,R293,H294,A295,S296,L297,K298,V299,I300,W301,K302,-,-,-,-,-,-,-,-,-,-,-,-,-,-,-,-,-,-,-,-,-,-,-,-,-,-,-,-,-,-,-,-,-,-,-,-,-,-,-
TAS2R8-Human,-,-,-,-,-,-,-,-,-,-,-,-,-,-,-,-,-,-,-,D6,N7,I8,F9,I10,I11,L12,I13,T14,G15,-,E16,F17,I18,L19,G20,I21,L22,G23,N24,G25,Y26,I27,A28,L29,V30,N31,W32,I33,D34,W35,I36,-,-,-,-,-,-,-,I41,S42,T43,V44,D45,Y46,I47,L48,T49,N50,L51,V52,I53,A54,R55,I56,C57,L58,I59,S60,-,V61,M62,V63,V64,N65,G66,I67,V68,I69,V70,L71,-,-,-,-,-,-,-,-,-,-,-,-,-,V75,Y76,T77,K78,N79,K80,Q81,Q82,I83,V84,I85,F86,T87,F88,W89,T90,F91,A92,N93,Y94,L95,N96,M97,W98,I99,T100,T101,C102,L103,N104,V105,F106,Y107,F108,L109,K110,I111,A112,S113,-,-,-,-,-,-,-,-,W124,K125,I126,D127,M128,V129,V130,H131,W132,I133,L134,L135,-,G136,C137,F138,A139,I140,S141,L142,L143,V144,S145,L146,I147,A148,A149,-,-,-,-,-,-,-,-,-,-,-,-,-,-,S175,K176,I177,P178,Y179,F180,E181,P182,L183,T184,-,L185,-,F186,N187,L188,F189,-,A190,I191,V192,P193,F194,I195,V196,S197,L198,I199,S200,F201,F202,L203,L204,V205,R206,S207,L208,W209,R210,H211,T212,K213,Q214,I215,-,-,-,-,-,-,-,-,-,-,-,-,-,-,-,-,-,-,-,-,-,-,-,-,-,-,-,-,-,P225,S226,T227,E228,V229,H230,V231,R232,A233,I234,K235,T236,M237,T238,S239,F240,I241,F242,-,F243,F244,F245,L246,Y247,Y248,I249,S250,S251,I252,L253,M254,T255,F256,S257,-,-,-,-,-,-,-,-,-,-,-,-,-,-,-,-,-,-,-,-,-,-,-,-,-,-,-,-,Y263,K264,L265,A266,V267,E268,F269,G270,E271,I272,A273,A274,I275,L276,Y277,P278,L279,G280,H281,S282,L283,I284,-,L285,I286,V287,L288,-,-,-,-,-,-,-,-,-,-,-,-,-,-,-,-,-,-,N289,N290,K291,L292,R293,Q294,T295,F296,V297,R298,M299,L300,T301,C302,-,-,-,-,-,-,-,-,-,-,-,-,-,-,-,-,-,-,-,-,-,-,-,-,-,-,-,-,-,-,-,-,-,-,-,-,-,-,-
TAS2R9-Human,-,-,-,-,-,-,-,-,-,-,-,-,-,-,-,-,-,-,-,E6,A7,I8,Y9,I10,I11,L12,I13,A14,G15,-,E16,L17,T18,I19,G20,I21,W22,G23,N24,G25,F26,I27,V28,L29,V30,N31,C32,I33,D34,W35,L36,-,-,-,-,-,-,-,I41,S42,L43,I44,D45,I46,I47,L48,I49,S50,L51,A52,I53,S54,R55,I56,C57,L58,L59,C60,-,V61,I62,S63,L64,D65,G66,F67,F68,M69,L70,L71,-,-,-,-,-,-,-,-,-,-,-,-,-,T75,Y76,G77,N78,S79,V80,L81,V82,S83,I84,V85,N86,V87,V88,W89,T90,F91,A92,N93,N94,S95,S96,L97,W98,F99,T100,S101,C102,L103,S104,I105,F106,Y107,L108,L109,K110,I111,A112,N113,-,-,-,-,-,-,-,-,L124,K125,I126,N127,K128,V129,M130,L131,A132,I133,L134,L135,-,G136,S137,F138,L139,I140,S141,L142,I143,I144,S145,V146,P147,K148,N149,D150,-,-,-,-,-,-,-,-,-,-,-,-,-,S172,K173,I174,P175,G176,T177,F178,K179,Q180,L181,-,T182,-,L183,N184,L185,G186,-,V187,M188,V189,P190,F191,I192,L193,C194,L195,I196,S197,F198,F199,L200,L201,L202,F203,S204,L205,V206,R207,H208,T209,K210,Q211,I212,-,-,-,-,-,-,-,-,-,-,-,-,-,-,-,-,-,-,-,-,-,-,-,-,-,-,-,-,-,P222,S223,T224,E225,A226,H227,M228,R229,A230,I231,K232,A233,V234,I235,I236,F237,L238,L239,-,L240,L241,I242,V243,Y244,Y245,P246,V247,F248,L249,V250,M251,T252,S253,S254,-,-,-,-,-,-,-,-,-,-,-,-,-,-,-,-,-,-,-,-,-,-,-,-,-,-,-,-,G260,K261,L262,V263,L264,M265,I266,G267,D268,I269,V270,T271,V272,I273,F274,P275,S276,S277,H278,S279,F280,I281,-,L282,I283,M284,G285,-,-,-,-,-,-,-,-,-,-,-,-,-,-,-,-,-,-,N286,S287,K288,L289,R290,E291,A292,F293,L294,K295,M296,L297,R298,F299,-,-,-,-,-,-,-,-,-,-,-,-,-,-,-,-,-,-,-,-,-,-,-,-,-,-,-,-,-,-,-,-,-,-,-,-,-,-,-
TAS2R10-Human,-,-,-,-,-,-,-,-,-,-,-,-,-,-,-,-,-,-,-,E6,G7,I8,F9,I10,F11,V12,V13,V14,S15,-,E16,S17,V18,F19,G20,V21,L22,G23,N24,G25,F26,I27,G28,L29,V30,N31,C32,I33,D34,C35,A36,-,-,-,-,-,-,-,-,S41,T42,I43,G44,F45,I46,L47,T48,G49,L50,A51,I52,S53,R54,I55,F56,L57,I58,W59,-,I60,I61,I62,T63,D64,G65,F66,I67,Q68,I69,F70,S71,-,-,-,-,-,-,-,-,-,-,-,-,-,-,-,S77,G78,N79,L80,I81,E82,Y83,I84,S85,Y86,F87,W88,V89,I90,G91,N92,Q93,S94,S95,M96,W97,F98,A99,T100,S101,L102,S103,I104,F105,Y106,F107,L108,K109,I110,A111,N112,-,-,-,-,-,-,-,-,S123,R124,T125,N126,M127,V128,L129,P130,F131,M132,I133,V134,-,F135,L136,L137,I138,S139,S140,L141,L142,N143,F144,A145,Y146,I147,A148,-,-,-,-,-,-,-,-,-,-,-,-,-,-,Y167,K168,S169,E170,Y171,F172,I173,K174,Q175,I176,-,L177,-,L178,N179,L180,G181,-,V182,I183,F184,F185,F186,T187,L188,S189,L190,I191,T192,C193,I194,F195,L196,I197,I198,S199,L200,W201,R202,H203,N204,R205,Q206,M207,-,-,-,-,-,-,-,-,-,-,-,-,-,-,-,-,-,-,-,-,-,-,-,-,-,-,-,-,-,S217,N218,T219,E220,A221,H222,V223,K224,A225,M226,K227,V228,L229,I230,S231,F232,I233,I234,-,L235,F236,I237,L238,Y239,F240,I241,G242,M243,A244,I245,E246,I247,S248,C249,-,-,-,-,-,-,-,-,-,-,-,-,-,-,-,-,-,-,-,-,-,-,-,-,-,-,-,-,N255,K256,L257,L258,L259,M260,F261,G262,M263,T264,T265,T266,A267,I268,Y269,P270,W271,G272,H273,S274,F275,I276,-,L277,I278,L279,G280,-,-,-,-,-,-,-,-,-,-,-,-,-,-,-,-,-,-,N281,S282,K283,L284,K285,Q286,A287,S288,L289,R290,V291,L292,Q293,Q294,-,-,-,-,-,-,-,-,-,-,-,-,-,-,-,-,-,-,-,-,-,-,-,-,-,-,-,-,-,-,-,-,-,-,-,-,-,-,-
TAS2R13-Human,-,-,-,-,-,-,-,-,-,-,-,-,-,-,-,-,-,-,-,P6,S7,I8,F9,T10,L11,V12,I13,I14,A15,-,E16,F17,I18,I19,G20,N21,L22,S23,N24,G25,F26,I27,V28,L29,I30,N31,C32,I33,D34,W35,V36,-,-,-,-,-,-,-,L41,S42,S43,V44,D45,K46,L47,L48,I49,I50,L51,A52,I53,S54,R55,I56,G57,L58,I59,W60,-,E61,I62,L63,V64,S65,W66,F67,L68,A69,L70,H71,Y72,-,-,-,-,-,-,-,-,-,-,-,-,-,-,-,S78,G79,T80,G81,L82,R83,I84,M85,I86,F87,S88,W89,I90,V91,S92,N93,H94,F95,N96,L97,W98,L99,A100,T101,I102,F103,S104,I105,F106,Y107,L108,L109,K110,I111,A112,S113,-,-,-,-,-,-,-,-,W124,R125,V126,N127,K128,V129,I130,L131,M132,I133,L134,L135,-,G136,T137,L138,V139,F140,L141,F142,L143,N144,L145,I146,Q147,I148,N149,M150,H151,I152,K153,-,-,-,-,-,-,-,-,-,-,F172,E173,T174,F175,S176,V177,S178,V179,K180,F181,-,T182,-,M183,T184,M185,F186,-,S187,L188,T189,P190,F191,T192,V193,A194,F195,I196,S197,F198,L199,L200,L201,I202,F203,S204,L205,Q206,K207,H208,L209,Q210,K211,M212,-,-,-,-,-,-,-,-,-,-,-,-,-,-,-,-,-,-,-,-,-,-,-,-,-,-,-,-,-,P222,R223,T224,K225,V226,H227,T228,N229,A230,L231,K232,I233,V234,I235,S236,F237,L238,L239,-,F240,Y241,A242,S243,F244,F245,L246,C247,V248,L249,I250,S251,W252,I253,S254,-,-,-,-,-,-,-,-,-,-,-,-,-,-,-,-,-,-,-,-,-,-,-,-,-,-,-,-,N259,T260,V261,I262,Y263,M264,L265,C266,E267,T268,I269,G270,V271,F272,S273,P274,S275,S276,H277,S278,F279,L280,-,L281,I282,L283,G284,-,-,-,-,-,-,-,-,-,-,-,-,-,-,-,-,-,-,N285,A286,K287,L288,R289,Q290,A291,F292,L293,L294,V295,A296,A297,K298,-,-,-,-,-,-,-,-,-,-,-,-,-,-,-,-,-,-,-,-,-,-,-,-,-,-,-,-,-,-,-,-,-,-,-,-,-,-,-
TAS2R14-Human,-,-,-,-,-,-,-,-,-,-,-,-,-,-,-,-,-,-,-,K6,S7,I8,F9,T10,F11,V12,L13,I14,V15,-,E16,F17,I18,I19,G20,N21,L22,G23,N24,S25,F26,I27,A28,L29,V30,N31,C32,I33,D34,W35,V36,-,-,-,-,-,-,-,I41,S42,S43,V44,D45,R46,I47,L48,T49,A50,L51,A52,I53,S54,R55,I56,S57,L58,V59,W60,-,L61,I62,F63,G64,S65,W66,C67,V68,S69,V70,F71,F72,-,-,-,-,-,-,-,-,-,-,-,-,-,-,-,T78,E79,K80,M81,F82,R83,M84,L85,T86,N87,I88,W89,T90,V91,I92,N93,H94,F95,S96,V97,W98,L99,A100,T101,G102,L103,G104,T105,F106,Y107,F108,L109,K110,I111,A112,N113,-,-,-,-,-,-,-,-,W124,R125,V126,K127,K128,V129,V130,L131,V132,L133,L134,L135,-,V136,T137,S138,V139,F140,L141,F142,L143,N144,I145,A146,L147,I148,N149,I150,H151,I152,N153,-,-,-,-,-,-,-,-,-,-,F172,T173,R174,F175,S176,S177,L178,I179,V180,L181,-,T182,-,S183,T184,V185,F186,-,I187,F188,I189,P190,F191,T192,L193,S194,L195,A196,M197,F198,L199,L200,L201,I202,F203,S204,M205,W206,K207,H208,R209,K210,K211,M212,-,-,-,-,-,-,-,-,-,-,-,-,-,-,-,-,-,-,-,-,-,-,-,-,-,-,-,-,-,D221,A222,S223,T224,K225,A226,H227,R228,G229,V230,K231,S232,V233,I234,T235,F236,F237,L238,-,L239,Y240,A241,I242,F243,S244,L245,S246,F247,F248,I249,S250,V251,W252,T253,-,-,-,-,-,-,-,-,-,-,-,-,-,-,-,-,-,-,-,-,-,-,-,-,-,-,-,-,E258,E259,N260,L261,I262,I263,L264,S265,Q266,V267,M268,G269,M270,A271,Y272,P273,S274,C275,H276,S277,C278,V279,-,L280,I281,L282,G283,-,-,-,-,-,-,-,-,-,-,-,-,-,-,-,-,-,-,N284,K285,K286,L287,R288,Q289,A290,S291,L292,S293,V294,L295,L296,W297,-,-,-,-,-,-,-,-,-,-,-,-,-,-,-,-,-,-,-,-,-,-,-,-,-,-,-,-,-,-,-,-,-,-,-,-,-,-,-
TAS2R16-Human,-,-,-,-,-,-,-,-,-,-,-,-,-,-,-,-,-,-,-,T7,V8,F9,F10,M11,I12,I13,Y14,V15,L16,-,E17,S18,L19,T20,I21,I22,V23,Q24,S25,S26,L27,I28,V29,A30,V31,L32,G33,R34,E35,W36,L37,-,-,-,-,-,-,-,L42,M43,P44,V45,D46,M47,I48,L49,I50,S51,L52,G53,I54,S55,R56,F57,C58,L59,Q60,W61,-,A62,S63,M64,L65,N66,N67,F68,C69,S70,Y71,F72,-,-,-,-,-,-,-,-,-,-,-,-,-,-,-,-,-,-,-,V77,L78,C79,N80,L81,T82,I83,T84,W85,E86,F87,F88,N89,I90,L91,T92,F93,W94,L95,N96,S97,L98,L99,T100,V101,F102,Y103,C104,I105,K106,V107,S108,S109,-,-,-,-,-,-,-,-,W120,R121,I122,L123,R124,L125,F126,P127,W128,I129,L130,L131,-,G132,S133,L134,M135,I136,T137,C138,V139,T140,I141,I142,P143,S144,A145,I146,-,-,-,-,-,-,-,-,-,-,-,-,-,L170,E171,N172,F173,H174,Q175,Y176,Q177,F178,Q179,-,A180,-,H181,T182,V183,A184,-,L185,V186,I187,P188,F189,I190,L191,F192,L193,A194,S195,T196,I197,F198,L199,M200,A201,S202,L203,T204,K205,Q206,I207,Q208,H209,H210,-,-,-,-,-,-,-,-,-,-,-,-,-,-,-,-,-,-,-,-,-,-,-,-,-,-,-,-,-,P217,S218,M219,K220,A221,R222,F223,T224,A225,L226,R227,S228,L229,A230,V231,L232,F233,I234,-,V235,F236,T237,S238,Y239,F240,L241,T242,I243,L244,I245,T246,I247,I248,G249,-,-,-,-,-,-,-,-,-,-,-,-,-,-,-,-,-,-,-,-,-,-,-,-,-,-,-,-,K254,R255,C256,W257,L258,W259,V260,W261,E262,A263,F264,V265,Y266,A267,F268,I269,L270,M271,H272,S273,T274,S275,-,L276,M277,L278,S279,-,-,-,-,-,-,-,-,-,-,-,-,-,-,-,-,-,-,S280,P281,T282,L283,K284,R285,I286,L287,K288,G289,K290,C291,-,-,-,-,-,-,-,-,-,-,-,-,-,-,-,-,-,-,-,-,-,-,-,-,-,-,-,-,-,-,-,-,-,-,-,-,-,-,-,-,-
TAS2R19-Human,-,-,-,-,-,-,-,-,-,-,-,-,-,-,-,-,-,-,-,L6,I7,I8,S9,S10,I11,L12,V13,V14,F15,-,A16,F17,V18,L19,G20,N21,V22,A23,N24,G25,F26,I27,A28,L29,V30,N31,V32,I33,D34,W35,V36,-,-,-,-,-,-,-,I41,S42,S43,A44,E45,Q46,I47,L48,T49,A50,L51,V52,V53,S54,R55,I56,G57,L58,L59,W60,-,V61,M62,L63,F64,L65,W66,Y67,A68,T69,V70,F71,-,-,-,-,-,-,-,-,-,-,-,-,-,-,-,-,G77,L78,E79,V80,R81,I82,V83,A84,S85,N86,A87,W88,A89,V90,T91,N92,H93,F94,S95,M96,W97,L98,A99,A100,S101,L102,S103,I104,F105,C106,L107,L108,K109,I110,A111,N112,-,-,-,-,-,-,-,-,K123,R124,I125,K126,S127,V128,V129,L130,V131,I132,L133,L134,-,G135,P136,L137,V138,F139,L140,I141,C142,N143,L144,A145,V146,I147,T148,M149,D150,E151,R152,-,-,-,-,-,-,-,-,-,-,R169,N170,A171,I172,H173,L174,S175,S176,L177,T178,-,V179,-,T180,T181,L182,A183,-,N184,L185,I186,P187,F188,T189,L190,S191,L192,I193,C194,F195,L196,L197,L198,I199,C200,S201,L202,C203,K204,H205,L206,K207,K208,M209,-,-,-,-,-,-,-,-,-,-,-,-,-,-,-,-,-,-,-,-,-,-,-,-,-,-,-,-,-,P219,S220,T221,K222,V223,H224,I225,K226,A227,L228,Q229,T230,V231,T232,S233,F234,L235,M236,-,L237,F238,A239,I240,Y241,F242,L243,C244,I245,I246,T247,S248,T249,W250,N251,-,-,-,-,-,-,-,-,-,-,-,-,-,-,-,-,-,-,-,-,-,-,-,-,-,-,-,-,S257,K258,L259,V260,L261,L262,L263,C264,Q265,T266,V267,A268,I269,M270,Y271,P272,S273,F274,H275,S276,F277,I278,-,L279,I280,M281,G282,-,-,-,-,-,-,-,-,-,-,-,-,-,-,-,-,-,-,S283,R284,K285,L286,K287,Q288,T289,F290,L291,S292,V293,L294,W295,Q296,-,-,-,-,-,-,-,-,-,-,-,-,-,-,-,-,-,-,-,-,-,-,-,-,-,-,-,-,-,-,-,-,-,-,-,-,-,-,-
TAS2R20-Human,-,-,-,-,-,-,-,-,-,-,-,-,-,-,-,-,-,-,-,H6,I7,V8,F9,S10,I11,L12,V13,V14,V15,-,A16,F17,I18,L19,G20,N21,F22,A23,N24,G25,F26,I27,A28,L29,I30,N31,F32,I33,A34,W35,V36,-,-,-,-,-,-,-,I41,S42,S43,A44,D45,Q46,I47,I48,A49,A50,L51,A52,V53,S54,R55,V56,G57,L58,L59,W60,-,V61,I62,L63,L64,H65,W66,Y67,S68,T69,V70,L71,-,-,-,-,-,-,-,-,-,-,-,-,-,-,-,-,N77,L78,K79,V80,I81,I82,F83,I84,S85,N86,A87,W88,A89,V90,T91,N92,H93,F94,S95,I96,W97,L98,A99,T100,S101,L102,S103,I104,F105,Y106,L107,L108,K109,I110,V111,N112,-,-,-,-,-,-,-,-,R123,K124,A125,K126,S127,V128,V129,L130,V131,I132,V133,L134,-,G135,S136,L137,F138,F139,L140,V141,C142,H143,L144,V145,M146,K147,H148,T149,Y150,I151,N152,-,-,-,-,-,-,-,-,-,-,R169,N170,A171,M172,H173,L174,S175,N176,L177,T178,-,V179,-,A180,M181,L182,A183,-,N184,L185,I186,P187,F188,T189,L190,T191,L192,I193,S194,F195,L196,L197,L198,I199,Y200,S201,L202,C203,K204,H205,L206,K207,K208,M209,-,-,-,-,-,-,-,-,-,-,-,-,-,-,-,-,-,-,-,-,-,-,-,-,-,-,-,-,-,P219,S220,T221,K222,I223,H224,I225,K226,A227,L228,Q229,T230,V231,T232,S233,F234,L235,I236,-,L237,L238,A239,I240,Y241,F242,L243,C244,L245,I246,I247,S248,F249,W250,N251,-,-,-,-,-,-,-,-,-,-,-,-,-,-,-,-,-,-,-,-,-,-,-,-,-,-,-,-,K257,E258,I259,V260,L261,M262,L263,C264,Q265,A266,F267,G268,I269,I270,Y271,P272,S273,F274,H275,S276,F277,I278,-,L279,I280,W281,G282,-,-,-,-,-,-,-,-,-,-,-,-,-,-,-,-,-,-,N283,K284,T285,L286,K287,Q288,T289,F290,L291,S292,V293,L294,W295,Q296,-,-,-,-,-,-,-,-,-,-,-,-,-,-,-,-,-,-,-,-,-,-,-,-,-,-,-,-,-,-,-,-,-,-,-,-,-,-,-
TAS2R30-Human,-,-,-,-,-,-,-,-,-,-,-,-,-,-,-,-,-,-,-,P6,I7,I8,F9,S10,I11,L12,I13,V14,V15,-,I16,F17,V18,I19,G20,N21,F22,A23,N24,G25,F26,I27,A28,L29,V30,N31,S32,I33,E34,W35,V36,-,-,-,-,-,-,-,I41,S42,F43,V44,D45,Q46,I47,L48,T49,A50,L51,A52,V53,S54,R55,V56,G57,L58,L59,W60,-,V61,L62,L63,L64,H65,W66,Y67,A68,T69,Q70,L71,-,-,-,-,-,-,-,-,-,-,-,-,-,-,-,-,S77,V78,E79,V80,R81,I82,T83,A84,Y85,N86,V87,W88,A89,V90,T91,N92,H93,F94,S95,S96,W97,L98,A99,T100,S101,L102,S103,M104,F105,Y106,L107,L108,R109,I110,A111,N112,-,-,-,-,-,-,-,-,R123,R124,V125,K126,S127,V128,V129,L130,V131,I132,L133,L134,-,G135,P136,L137,L138,F139,L140,V141,C142,H143,L144,F145,V146,I147,N148,M149,D150,E151,T152,-,-,-,-,-,-,-,-,-,-,R169,S170,A171,M172,Y173,H174,S175,N176,M177,T178,-,L179,-,T180,M181,L182,A183,-,N184,F185,V186,P187,L188,T189,L190,T191,L192,I193,S194,F195,L196,L197,L198,I199,C200,S201,L202,C203,K204,H205,L206,K207,K208,M209,-,-,-,-,-,-,-,-,-,-,-,-,-,-,-,-,-,-,-,-,-,-,-,-,-,-,-,-,-,P219,S220,T221,K222,V223,H224,I225,K226,A227,L228,Q229,T230,V231,T232,S233,F234,L235,L236,-,L237,C238,A239,I240,Y241,F242,L243,S244,M245,I246,I247,S248,V249,C250,N251,-,-,-,-,-,-,-,-,-,-,-,-,-,-,-,-,-,-,-,-,-,-,-,-,-,-,-,-,K257,Q258,P259,V260,F261,M262,F263,C264,Q265,A266,I267,I268,F269,S270,Y271,P272,S273,T274,H275,P276,F277,I278,-,L279,I280,L281,G282,-,-,-,-,-,-,-,-,-,-,-,-,-,-,-,-,-,-,N283,K284,K285,L286,K287,Q288,I289,F290,L291,S292,V293,L294,R295,H296,-,-,-,-,-,-,-,-,-,-,-,-,-,-,-,-,-,-,-,-,-,-,-,-,-,-,-,-,-,-,-,-,-,-,-,-,-,-,-
TAS2R31-Human,-,-,-,-,-,-,-,-,-,-,-,-,-,-,-,-,-,-,-,P6,I7,I8,F9,S10,S11,V12,V13,V14,V15,-,L16,F17,V18,I19,G20,N21,F22,A23,N24,G25,F26,I27,A28,L29,V30,N31,S32,I33,E34,R35,V36,-,-,-,-,-,-,-,I41,S42,F43,A44,D45,Q46,I47,L48,T49,A50,L51,A52,V53,S54,R55,V56,G57,L58,L59,W60,-,V61,L62,L63,L64,N65,W66,Y67,S68,T69,V70,F71,-,-,-,-,-,-,-,-,-,-,-,-,-,-,-,-,S77,V78,E79,V80,R81,T82,T83,A84,Y85,N86,V87,W88,A89,V90,T91,G92,H93,F94,S95,N96,W97,L98,A99,T100,S101,L102,S103,I104,F105,Y106,L107,L108,K109,I110,A111,N112,-,-,-,-,-,-,-,-,R123,R124,V125,K126,S127,V128,I129,L130,V131,M132,L133,L134,-,G135,P136,L137,L138,F139,L140,A141,C142,Q143,L144,F145,V146,I147,N148,M149,-,-,-,-,-,-,-,-,-,-,-,-,-,R169,S170,A171,V172,Y173,L174,S175,D176,A177,T178,-,V179,-,T180,T181,L182,G183,-,N184,L185,V186,P187,F188,T189,L190,T191,L192,L193,C194,F195,L196,L197,L198,I199,C200,S201,L202,C203,K204,H205,L206,K207,K208,M209,-,-,-,-,-,-,-,-,-,-,-,-,-,-,-,-,-,-,-,-,-,-,-,-,-,-,-,-,-,P219,S220,T221,K222,V223,H224,I225,K226,A227,L228,Q229,T230,V231,I232,F233,F234,L235,L236,-,L237,C238,A239,V240,Y241,F242,L243,S244,I245,M246,I247,S248,V249,W250,S251,-,-,-,-,-,-,-,-,-,-,-,-,-,-,-,-,-,-,-,-,-,-,-,-,-,-,-,-,N257,K258,P259,V260,F261,M262,F263,C264,K265,A266,I267,R268,F269,S270,Y271,P272,S273,I274,H275,P276,F277,I278,-,L279,I280,W281,G282,-,-,-,-,-,-,-,-,-,-,-,-,-,-,-,-,-,-,N283,K284,K285,L286,K287,Q288,T289,F290,L291,S292,V293,L294,R295,Q296,-,-,-,-,-,-,-,-,-,-,-,-,-,-,-,-,-,-,-,-,-,-,-,-,-,-,-,-,-,-,-,-,-,-,-,-,-,-,-
TAS2R38-Human,-,-,-,-,-,-,-,-,-,-,-,-,-,-,-,-,-,-,-,R15,S16,T17,F18,L19,F20,I21,S22,V23,L24,-,E25,F26,A27,V28,G29,F30,L31,T32,N33,A34,F35,V36,F37,L38,V39,N40,F41,W42,D43,V44,V45,-,-,-,-,-,-,-,L50,S51,N52,S53,D54,C55,V56,L57,L58,C59,L60,S61,I62,S63,R64,L65,F66,L67,H68,G69,-,L70,L71,F72,L73,S74,A75,I76,Q77,L78,T79,H80,F81,-,-,-,-,-,-,-,-,-,-,-,-,S85,E86,P87,L88,N89,H90,S91,Y92,Q93,A94,I95,I96,M97,L98,W99,M100,I101,A102,N103,Q104,A105,N106,L107,W108,L109,A110,A111,C112,L113,S114,L115,L116,Y117,C118,S119,K120,L121,I122,R123,-,-,-,-,-,-,-,-,S134,W135,V136,S137,R138,K139,I140,S141,Q142,M143,L144,L145,-,G146,I147,I148,L149,C150,S151,C152,I153,C154,T155,V156,L157,C158,V159,W160,-,-,-,-,-,-,-,-,-,-,-,-,-,K187,D188,L189,N190,L191,F192,Y193,S194,F195,L196,-,F197,-,C198,Y199,L200,W201,-,S202,V203,P204,P205,F206,L207,L208,F209,L210,V211,S212,S213,G214,M215,L216,T217,V218,S219,L220,G221,R222,H223,M224,R225,T226,M227,-,-,-,-,-,-,-,-,-,-,-,-,-,-,-,-,-,-,-,-,-,-,-,-,-,-,-,-,-,P237,S238,L239,E240,A241,H242,I243,K244,A245,L246,K247,S248,L249,V250,S251,F252,F253,C254,-,F255,F256,V257,I258,S259,S260,C261,A262,A263,F264,I265,S266,V267,P268,L269,-,-,-,-,-,-,-,-,-,-,-,-,-,-,-,-,-,-,-,-,-,-,-,-,-,-,-,-,D275,K276,I277,G278,V279,M280,V281,C282,V283,G284,I285,M286,A287,A288,C289,P290,S291,G292,H293,A294,A295,I296,-,L297,I298,S299,G300,-,-,-,-,-,-,-,-,-,-,-,-,-,-,-,-,-,-,N301,A302,K303,L304,R305,R306,A307,V308,M309,T310,I311,L312,L313,W314,-,-,-,-,-,-,-,-,-,-,-,-,-,-,-,-,-,-,-,-,-,-,-,-,-,-,-,-,-,-,-,-,-,-,-,-,-,-,-
TAS2R39-Human,Q15,L16,R17,M18,T19,K20,L21,C22,D23,P24,A25,E26,S27,E28,L29,S30,P31,F32,L33,I34,T35,L36,I37,L38,A39,V40,L41,L42,A43,-,E44,Y45,L46,I47,G48,I49,I50,A51,N52,G53,F54,I55,M56,A57,I58,H59,A60,A61,E62,W63,V64,-,-,-,-,-,-,-,V69,S70,T71,S72,G73,R74,I75,L76,V77,F78,L79,S80,V81,S82,R83,I84,A85,L86,Q87,S88,-,L89,M90,M91,L92,E93,I94,T95,I96,S97,S98,T99,-,-,-,-,-,-,-,-,-,-,-,-,-,F103,Y104,S105,E106,D107,A108,V109,Y110,Y111,A112,F113,K114,I115,S116,F117,I118,F119,L120,N121,F122,C123,S124,L125,W126,F127,A128,A129,W130,L131,S132,F133,F134,Y135,F136,V137,K138,I139,A140,N141,-,-,-,-,-,-,-,-,W152,R153,I154,T155,G156,L157,I158,P159,W160,L161,L162,W163,-,L164,S165,V166,F167,I168,S169,F170,S171,H172,S173,M174,F175,C176,I177,N178,-,-,-,-,-,-,-,-,-,-,-,-,-,S202,E203,I204,N205,V206,V207,G208,L209,A210,F211,-,F212,-,F213,N214,L215,G216,-,I217,V218,T219,P220,L221,I222,M223,F224,I225,L226,T227,A228,T229,L230,L231,I232,L233,S234,L235,K236,R237,H238,T239,L240,H241,M242,-,-,-,-,-,-,-,-,-,-,-,-,-,-,-,-,-,-,-,-,-,-,-,-,-,-,-,-,-,P252,S253,M254,E255,A256,H257,M258,G259,A260,I261,K262,A263,I264,S265,Y266,F267,L268,I269,-,L270,Y271,I272,F273,N274,A275,V276,A277,L278,F279,I280,Y281,L282,S283,N284,-,-,-,-,-,-,-,-,-,-,-,-,-,-,-,-,-,-,-,-,-,-,-,-,-,-,-,-,N289,S290,L291,W292,N293,N294,L295,C296,Q297,I298,I299,M300,A301,A302,Y303,P304,A305,S306,H307,S308,I309,L310,-,L311,I312,Q313,D314,-,-,-,-,-,-,-,-,-,-,-,-,-,-,-,-,-,-,N315,P316,G317,L318,R319,R320,A321,W322,K323,R324,L325,Q326,L327,L329,H330,L331,Y332,P333,K334,E335,W336,T337,L338,-,-,-,-,-,-,-,-,-,-,-,-,-,-,-,-,-,-,-,-,-,-,-,-,-,-,-,-,-,-
TAS2R40-Human,-,-,-,-,-,-,-,-,-,-,-,-,-,-,-,-,-,-,-,V18,T19,F20,T21,L22,V23,V24,S25,G26,I27,-,E28,C29,I30,T31,G32,I33,L34,G35,S36,G37,F38,I39,T40,A41,I42,Y43,G44,A45,E46,W47,A48,-,-,-,-,-,-,-,L53,P54,T55,G56,D57,R58,I59,M60,L61,M62,L63,S64,F65,S66,R67,L68,L69,L70,Q71,I72,-,W73,M74,M75,L76,E77,N78,I79,F80,S81,L82,L83,-,-,-,-,-,-,-,-,-,-,-,-,-,V87,Y88,N89,Q90,N91,S92,V93,Y94,I95,L96,F97,K98,V99,I100,T101,V102,F103,L104,N105,H106,S107,N108,L109,W110,F111,A112,A113,W114,L115,K116,V117,F118,Y119,C120,L121,R122,I123,A124,N125,-,-,-,-,-,-,-,-,R136,K137,I138,I139,V140,L141,M142,P143,W144,L145,L146,R147,-,L148,S149,V150,L151,V152,S153,L154,S155,F156,S157,F158,P159,L160,S161,R162,D163,V164,F165,-,-,-,-,-,-,-,-,-,-,S187,E188,T189,N190,M191,V192,N193,L194,V195,F196,-,F197,-,Y198,N199,M200,G201,-,I202,F203,V204,P205,L206,I207,M208,F209,I210,L211,A212,A213,T214,L215,L216,I217,L218,S219,L220,K221,R222,H223,T224,L225,H226,M227,-,-,-,-,-,-,-,-,-,-,-,-,-,-,-,-,-,-,-,-,-,-,-,-,-,-,-,-,-,P237,S238,M239,K240,A241,H242,I243,G244,A245,I246,K247,A248,T249,S250,Y251,F252,L253,I254,-,L255,Y256,I257,F258,N259,A260,I261,A262,L263,F264,L265,S266,T267,S268,N269,-,-,-,-,-,-,-,-,-,-,-,-,-,-,-,-,-,-,-,-,-,-,-,-,-,-,-,-,Y274,S275,S276,W277,N278,I279,L280,C281,K282,I283,I284,M285,A286,A287,Y288,P289,A290,G291,H292,S293,V294,Q295,-,L296,I297,L298,G299,-,-,-,-,-,-,-,-,-,-,-,-,-,-,-,-,-,-,N300,P301,G302,L303,R304,R305,A306,W307,K308,R309,F310,Q311,H312,Q313,-,-,-,-,-,-,-,-,-,-,-,-,-,-,-,-,-,-,-,-,-,-,-,-,-,-,-,-,-,-,-,-,-,-,-,-,-,-,-
TAS2R41-Human,-,-,-,-,-,-,-,-,-,-,-,-,-,-,-,-,-,-,-,T6,A7,F8,F9,V10,L11,L12,F13,S14,L15,-,L16,S17,L18,L19,G20,I21,A22,A23,N24,G25,F26,I27,V28,L29,V30,L31,G32,R33,E34,W35,L36,-,-,-,-,-,-,-,L41,L42,P43,L44,D45,M46,I47,L48,I49,S50,L51,G52,A53,S54,R55,F56,C57,L58,Q59,L60,-,V61,G62,T63,V64,H65,N66,F67,Y68,Y69,S70,A71,Q72,-,-,-,-,-,-,-,-,-,-,-,-,-,-,-,G78,G79,L80,G81,R82,Q83,F84,F85,H86,L87,H88,W89,H90,F91,L92,N93,S94,A95,T96,F97,W98,F99,C100,S101,W102,L103,S104,V105,L106,F107,C108,V109,K110,I111,A112,N113,-,-,-,-,-,-,-,-,W124,R125,F126,P127,G128,W129,V130,P131,W132,L133,L134,L135,-,G136,S137,V138,L139,I140,S141,F142,I143,I144,T145,L146,L147,F148,F149,-,-,-,-,-,-,-,-,-,-,-,-,-,-,T174,R175,I176,E177,T178,Y179,Y180,F181,P182,S183,-,L184,-,K185,L186,V187,I188,-,W189,S190,I191,P192,F193,S194,V195,F196,L197,V198,S199,I200,M201,L202,L203,I204,N205,S206,L207,R208,R209,H210,T211,Q212,R213,M214,-,-,-,-,-,-,-,-,-,-,-,-,-,-,-,-,-,-,-,-,-,-,-,-,-,-,-,-,-,P224,S225,T226,Q227,A228,H229,T230,R231,A232,L233,K234,S235,L236,I237,S238,F239,L240,I241,-,L242,Y243,A244,L245,S246,F247,L248,S249,L250,I251,I252,D253,A254,A255,K256,-,-,-,-,-,-,-,-,-,-,-,-,-,-,-,-,-,-,-,-,-,-,-,-,-,-,-,-,Q261,N262,D263,F264,Y265,W266,P267,W268,Q269,I270,A271,V272,Y273,L274,C275,I276,S277,V278,H279,P280,F281,I282,-,L283,I284,F285,S286,-,-,-,-,-,-,-,-,-,-,-,-,-,-,-,-,-,-,N287,L288,K289,L290,R291,S292,V293,F294,S295,Q296,L297,L298,L299,L300,-,-,-,-,-,-,-,-,-,-,-,-,-,-,-,-,-,-,-,-,-,-,-,-,-,-,-,-,-,-,-,-,-,-,-,-,-,-,-
TAS2R42-Human,-,-,-,-,-,-,-,-,-,-,-,-,-,-,-,-,-,-,-,D6,K7,I8,F9,L10,I11,L12,A13,I14,A15,-,E16,F17,I18,I19,S20,M21,L22,G23,N24,V25,F26,I27,G28,L29,V30,N31,C32,S33,E34,G35,I36,-,-,-,-,-,-,-,V41,F42,S43,A44,D45,F46,I47,L48,T49,C50,L51,A52,I53,S54,T55,I56,G57,Q58,L59,L60,-,V61,I62,L63,F64,D65,S66,F67,L68,V69,G70,L71,A72,-,-,-,-,-,-,-,-,-,-,-,-,-,-,-,T78,Y79,R80,L81,G82,K83,T84,V85,I86,M87,L88,W89,H90,M91,T92,N93,H94,L95,T96,T97,W98,L99,A100,T101,C102,L103,S104,I105,F106,Y107,F108,F109,K110,I111,A112,H113,-,-,-,-,-,-,-,-,W124,R125,M126,N127,G128,M129,I130,V131,M132,L133,L134,I135,-,L136,S137,L138,F139,L140,L141,I142,F143,D144,S145,L146,V147,L148,-,-,-,-,-,-,-,-,-,-,-,-,-,-,-,L174,Y175,D176,K177,L178,S179,I180,L181,K182,T183,-,L184,-,L185,S186,L187,T188,-,S189,F190,I191,P192,F193,S194,L195,F196,L197,T198,S199,L200,L201,F202,L203,F204,L205,S206,L207,V208,R209,H210,T211,R212,N213,L214,-,-,-,-,-,-,-,-,-,-,-,-,-,-,-,-,-,-,-,-,-,-,-,-,-,-,-,-,-,S224,S225,T226,E227,A228,H229,R230,R231,A232,M233,K234,M235,V236,M237,S238,F239,L240,F241,-,L242,F243,I244,V245,H246,F247,F248,S249,L250,Q251,V252,A253,N254,G255,I256,-,-,-,-,-,-,-,-,-,-,-,-,-,-,-,-,-,-,-,-,-,-,-,-,-,-,-,-,N262,N263,K264,Y265,I266,K267,F268,V269,M270,L271,A272,L273,N274,A275,F276,P277,S278,C279,H280,S281,F282,I283,-,L284,I285,L286,G287,-,-,-,-,-,-,-,-,-,-,-,-,-,-,-,-,-,-,N288,S289,K290,L291,R292,Q293,T294,A295,V296,R297,L298,L299,W300,H301,-,-,-,-,-,-,-,-,-,-,-,-,-,-,-,-,-,-,-,-,-,-,-,-,-,-,-,-,-,-,-,-,-,-,-,-,-,-,-
TAS2R43-Human,-,-,-,-,-,-,-,-,-,-,-,-,-,-,-,-,-,-,-,P6,I7,I8,F9,S10,S11,L12,V13,V14,V15,-,T16,F17,V18,I19,G20,N21,F22,A23,N24,G25,F26,I27,A28,L29,V30,N31,S32,I33,E34,W35,F36,-,-,-,-,-,-,-,I41,S42,F43,A44,D45,Q46,I47,L48,T49,A50,L51,A52,V53,S54,R55,V56,G57,L58,L59,W60,-,V61,L62,L63,L64,N65,W66,Y67,S68,T69,V70,L71,-,-,-,-,-,-,-,-,-,-,-,-,-,-,-,-,S77,V78,E79,V80,R81,T82,T83,A84,Y85,N86,I87,W88,A89,V90,I91,N92,H93,F94,S95,N96,W97,L98,A99,T100,T101,L102,S103,I104,F105,Y106,L107,L108,K109,I110,A111,N112,-,-,-,-,-,-,-,-,R123,R124,V125,K126,S127,V128,I129,L130,V131,M132,L133,L134,-,G135,P136,L137,L138,F139,L140,A141,C142,H143,L144,F145,V146,I147,N148,-,-,-,-,-,-,-,-,-,-,-,-,-,-,K169,S170,A171,M172,Y173,F174,S175,N176,M177,T178,-,V179,-,T180,M181,V182,A183,-,N184,L185,V186,P187,F188,T189,L190,T191,L192,L193,S194,F195,M196,L197,L198,I199,C200,S201,L202,C203,K204,H205,L206,K207,K208,M209,-,-,-,-,-,-,-,-,-,-,-,-,-,-,-,-,-,-,-,-,-,-,-,-,-,-,-,-,-,P219,S220,T221,K222,V223,H224,I225,K226,A227,L228,Q229,T230,V231,I232,S233,F234,L235,L236,-,L237,C238,A239,I240,Y241,F242,L243,S244,I245,M246,I247,S248,V249,W250,S251,-,-,-,-,-,-,-,-,-,-,-,-,-,-,-,-,-,-,-,-,-,-,-,-,-,-,-,-,N257,K258,P259,V260,F261,M262,F263,C264,K265,A266,I267,R268,F269,S270,Y271,P272,S273,I274,H275,P276,F277,I278,-,L279,I280,W281,G282,-,-,-,-,-,-,-,-,-,-,-,-,-,-,-,-,-,-,N283,K284,K285,L286,K287,Q288,T289,F290,L291,S292,V293,F294,W295,Q296,-,-,-,-,-,-,-,-,-,-,-,-,-,-,-,-,-,-,-,-,-,-,-,-,-,-,-,-,-,-,-,-,-,-,-,-,-,-,-
TAS2R45-Human,-,-,-,-,-,-,-,-,-,-,-,-,-,-,-,-,-,-,-,P6,I7,I8,F9,S10,I11,L12,V13,V14,V15,-,T16,F17,V18,I19,G20,N21,F22,A23,N24,G25,F26,I27,A28,L29,V30,N31,S32,T33,E34,W35,V36,-,-,-,-,-,-,-,I41,S42,F43,A44,D45,Q46,I47,V48,T49,A50,L51,A52,V53,S54,R55,V56,G57,L58,L59,W60,-,V61,L62,L63,L64,N65,W66,Y67,S68,T69,V70,L71,-,-,-,-,-,-,-,-,-,-,-,-,-,-,-,-,S77,V78,E79,L80,R81,T82,T83,A84,Y85,N86,I87,W88,A89,V90,T91,G92,H93,F94,S95,N96,W97,P98,A99,T100,S101,L102,S103,I104,F105,Y106,L107,L108,K109,I110,A111,N112,-,-,-,-,-,-,-,-,R123,R124,V125,K126,S127,V128,I129,L130,V131,V132,L133,L134,-,G135,P136,L137,L138,F139,L140,A141,C142,H143,L144,F145,V146,V147,N148,M149,N150,Q151,I152,-,-,-,-,-,-,-,-,-,-,R169,R170,A171,M172,Y173,L174,S175,D176,T177,T178,-,V179,-,T180,M181,L182,A183,-,N184,L185,V186,P187,F188,T189,V190,T191,L192,I193,S194,F195,L196,L197,L198,V199,C200,S201,L202,C203,K204,H205,L206,K207,K208,M209,-,-,-,-,-,-,-,-,-,-,-,-,-,-,-,-,-,-,-,-,-,-,-,-,-,-,-,-,-,K222,V223,H224,I225,K226,V227,L228,Q229,T230,V231,I232,S233,F234,F235,L236,L237,R238,A239,-,I240,Y241,F242,V243,S244,V245,I246,I247,S248,V249,W250,S251,F252,K253,N254,-,-,-,-,-,-,-,-,-,-,-,-,-,-,-,-,-,-,-,-,-,-,-,-,-,-,-,-,-,-,P259,V260,F261,M262,F263,C264,Q265,A266,I267,G268,F269,S270,C271,S272,S273,A274,H275,P276,F277,I278,-,L279,I280,W281,G282,-,-,-,-,-,-,-,-,-,-,-,-,-,-,-,-,-,-,N283,K284,K285,L286,K287,Q288,T289,Y290,L291,S292,V293,L294,W295,Q296,-,-,-,-,-,-,-,-,-,-,-,-,-,-,-,-,-,-,-,-,-,-,-,-,-,-,-,-,-,-,-,-,-,-,-,-,-,-,-
TAS2R46-Human,-,-,-,-,-,-,-,-,-,-,-,-,-,-,-,-,-,-,-,P6,I7,I8,F9,S10,I11,L12,I13,V14,V15,-,T16,F17,V18,I19,G20,N21,F22,A23,N24,G25,F26,I27,A28,L29,V30,N31,S32,I33,E34,W35,F36,-,-,-,-,-,-,-,I41,S42,F43,A44,D45,Q46,I47,L48,T49,A50,L51,A52,V53,S54,R55,V56,G57,L58,L59,W60,-,V61,L62,V63,L64,N65,W66,Y67,A68,T69,E70,L71,-,-,-,-,-,-,-,-,-,-,-,-,-,-,-,-,S77,I78,E79,V80,R81,I82,T83,A84,Y85,N86,V87,W88,A89,V90,I91,N92,H93,F94,S95,N96,W97,L98,A99,T100,S101,L102,S103,I104,F105,Y106,L107,L108,K109,I110,A111,N112,-,-,-,-,-,-,-,-,R123,R124,V125,K126,S127,V128,V129,L130,V131,I132,L133,L134,-,G135,P136,L137,L138,F139,L140,V141,C142,H143,L144,F145,V146,I147,N148,-,-,-,-,-,-,-,-,-,-,-,-,-,-,R169,S170,A171,M172,Y173,L174,S175,N176,T177,T178,-,V179,-,T180,I181,L182,A183,-,N184,L185,V186,P187,F188,T189,L190,T191,L192,I193,S194,F195,L196,L197,L198,I199,C200,S201,L202,C203,K204,H205,L206,K207,K208,M209,-,-,-,-,-,-,-,-,-,-,-,-,-,-,-,-,-,-,-,-,-,-,-,-,-,-,-,-,-,P219,S220,M221,K222,V223,H224,I225,K226,A227,L228,Q229,T230,V231,T232,S233,F234,L235,L236,-,L237,C238,A239,I240,Y241,F242,L243,S244,I245,I246,M247,S248,V249,W250,S251,-,-,-,-,-,-,-,-,-,-,-,-,-,-,-,-,-,-,-,-,-,-,-,-,-,-,-,-,N257,K258,P259,V260,F261,M262,F263,C264,E265,A266,I267,A268,F269,S270,Y271,P272,S273,T274,H275,P276,F277,I278,-,L279,I280,W281,G282,-,-,-,-,-,-,-,-,-,-,-,-,-,-,-,-,-,-,N283,K284,K285,L286,K287,Q288,T289,F290,L291,S292,V293,L294,W295,H296,-,-,-,-,-,-,-,-,-,-,-,-,-,-,-,-,-,-,-,-,-,-,-,-,-,-,-,-,-,-,-,-,-,-,-,-,-,-,-
TAS2R50-Human,-,-,-,-,-,-,-,-,-,-,-,-,-,-,-,-,-,-,-,Y6,I7,F8,F9,S10,I11,L12,I13,M14,V15,-,L16,F17,V18,L19,G20,N21,F22,A23,N24,G25,F26,I27,A28,L29,V30,N31,F32,I33,D34,W35,V36,-,-,-,-,-,-,-,I41,S42,S43,A44,D45,Q46,I47,L48,T49,A50,L51,A52,V53,S54,R55,I56,G57,L58,L59,W60,-,A61,L62,L63,L64,N65,W66,Y67,L68,T69,V70,L71,-,-,-,-,-,-,-,-,-,-,-,-,-,-,-,-,S77,V78,E79,L80,R81,I82,T83,S84,Y85,N86,A87,W88,V89,V90,T91,N92,H93,F94,S95,M96,W97,L98,A99,A100,N101,L102,S103,I104,F105,Y106,L107,L108,K109,I110,A111,N112,-,-,-,-,-,-,-,-,R123,R124,V125,R126,S127,V128,I129,L130,V131,I132,L133,L134,-,G135,T136,L137,I138,F139,L140,V141,C142,H143,L144,L145,V146,A147,N148,-,-,-,-,-,-,-,-,-,-,-,-,-,-,R169,N170,T171,V172,H173,L174,S175,Y176,L177,T178,-,V179,-,T180,T181,L182,W183,-,S184,F185,I186,P187,F188,T189,L190,S191,L192,I193,S194,F195,L196,M197,L198,I199,C200,S201,L202,C203,K204,H205,L206,K207,K208,M209,-,-,-,-,-,-,-,-,-,-,-,-,-,-,-,-,-,-,-,-,-,-,-,-,-,-,-,-,-,L219,S220,T221,K222,V223,H224,I225,K226,A227,L228,Q229,T230,L231,I232,S233,F234,L235,L236,-,L237,C238,A239,I240,F241,F242,L243,F244,L245,I246,V247,S248,V249,W250,S251,-,-,-,-,-,-,-,-,-,-,-,-,-,-,-,-,-,-,-,-,-,-,-,-,-,-,-,-,N257,D258,P259,V260,V261,M262,V263,S264,K265,A266,V267,G268,N269,I270,Y271,L272,A273,F274,D275,S276,F277,I278,-,L279,I280,W281,R282,-,-,-,-,-,-,-,-,-,-,-,-,-,-,-,-,-,-,T283,K284,K285,L286,K287,H288,T289,F290,L291,L292,I293,L294,C295,Q296,-,-,-,-,-,-,-,-,-,-,-,-,-,-,-,-,-,-,-,-,-,-,-,-,-,-,-,-,-,-,-,-,-,-,-,-,-,-,-
TAS2R60-Human,-,-,-,-,-,-,-,-,-,-,-,-,-,-,-,-,-,-,-,A17,I18,I19,L20,V21,T22,I23,L24,L25,L26,-,L27,R28,L29,V30,A31,I32,A33,G34,N35,G36,F37,I38,T39,A40,A41,L42,G43,V44,E45,W46,V47,-,-,-,-,-,-,-,L52,L53,P54,C55,D56,K57,L58,L59,V60,S61,L62,G63,A64,S65,R66,F67,C68,L69,Q70,S71,-,V72,V73,M74,G75,K76,T77,I78,Y79,V80,F81,L82,-,-,-,-,-,-,-,-,-,-,-,-,-,A86,F87,P88,Y89,N90,P91,V92,L93,Q94,F95,L96,A97,F98,Q99,W100,D101,F102,L103,N104,A105,A106,T107,L108,W109,S110,S111,T112,W113,L114,S115,V116,F117,Y118,C119,V120,K121,I122,A123,T124,-,-,-,-,-,-,-,-,H135,K136,L137,S138,G139,W140,L141,P142,W143,M144,L145,F146,-,S147,S148,V149,G150,L151,S152,S153,F154,T155,T156,I157,L158,F159,F160,I161,-,-,-,-,-,-,-,-,-,-,-,-,-,S187,Y188,C189,E190,K191,F192,Y193,L194,F195,P196,-,L197,-,K198,M199,I200,T201,-,W202,T203,M204,P205,T206,A207,V208,F209,F210,I211,C212,M213,I214,L215,L216,I217,T218,S219,L220,G221,R222,H223,R224,K225,K226,A227,-,-,-,-,-,-,-,-,-,-,-,-,-,-,-,-,-,-,-,-,-,-,-,-,-,-,-,-,-,P237,S238,V239,Q240,A241,H242,I243,K244,A245,L246,L247,A248,L249,L250,S251,F252,A253,M254,-,L255,F256,I257,S258,Y259,F260,L261,S262,L263,V264,F265,S266,A267,A268,G269,-,-,-,-,-,-,-,-,-,-,-,-,-,-,-,-,-,-,-,-,-,-,-,-,-,-,-,-,L274,D275,F276,K277,F278,W279,V280,W281,E282,S283,V284,I285,Y286,L287,C288,A289,A290,V291,H292,P293,I294,I295,-,L296,L297,F298,S299,-,-,-,-,-,-,-,-,-,-,-,-,-,-,-,-,-,-,N300,C301,R302,L303,R304,A305,V306,L307,K308,S309,R310,R311,S312,S313,-,-,-,-,-,-,-,-,-,-,-,-,-,-,-,-,-,-,-,-,-,-,-,-,-,-,-,-,-,-,-,-,-,-,-,-,-,-,-
