entity_name,1.13,1.14,1.15,1.16,1.17,1.18,1.19,1.20,1.21,1.22,1.23,1.24,1.25,1.26,1.27,1.28,1.29,1.30,1.31,1.32,1.33,1.34,1.35,1.36,1.37,1.38,1.39,1.40,1.41,1.411,1.42,1.43,1.44,1.45,1.46,1.47,1.48,1.49,1.50,1.51,1.52,1.53,1.54,1.55,1.56,1.57,1.58,1.59,1.60,1.61,1.62,1.63,1.64,12.47,12.48,12.49,12.50,12.51,12.52,12.53,2.31,2.32,2.33,2.34,2.35,2.36,2.37,2.38,2.39,2.40,2.41,2.42,2.43,2.44,2.45,2.46,2.47,2.48,2.49,2.50,2.51,2.52,2.53,2.54,2.55,2.551,2.56,2.57,2.58,2.59,2.60,2.61,2.62,2.63,2.64,2.65,2.66,2.67,2.68,2.69,2.70,2.71,23.47,23.48,23.49,23.50,23.501,23.51,23.52,3.10,3.11,3.12,3.13,3.14,3.15,3.16,3.17,3.18,3.19,3.20,3.21,3.22,3.23,3.24,3.25,3.26,3.27,3.28,3.29,3.30,3.31,3.32,3.33,3.34,3.35,3.36,3.37,3.38,3.39,3.40,3.41,3.42,3.43,3.44,3.45,3.46,3.47,3.48,3.49,3.50,3.51,3.52,3.53,3.54,3.55,3.56,3.57,3.58,3.59,3.60,34.50,34.51,34.52,34.53,34.54,34.55,34.56,34.57,34.58,34.59,4.34,4.35,4.36,4.37,4.38,4.39,4.40,4.41,4.42,4.43,4.44,4.45,4.46,4.47,4.48,4.49,4.491,4.50,4.51,4.52,4.53,4.54,4.55,4.56,4.57,4.58,4.59,4.60,4.61,4.62,4.63,4.64,4.65,4.66,4.67,4.68,4.69,45.50,45.51,45.52,5.24,5.25,5.26,5.27,5.28,5.29,5.30,5.31,5.32,5.33,5.34,5.35,5.36,5.37,5.38,5.39,5.40,5.41,5.411,5.42,5.421,5.43,5.44,5.45,5.46,5.461,5.47,5.48,5.49,5.50,5.51,5.52,5.53,5.54,5.55,5.56,5.57,5.58,5.59,5.60,5.61,5.62,5.63,5.64,5.65,5.66,5.67,5.68,5.69,5.70,5.71,5.72,5.73,5.74,5.75,5.76,5.77,5.78,5.79,5.80,5.81,5.82,5.83,5.84,5.85,5.86,6.14,6.15,6.16,6.17,6.18,6.19,6.20,6.21,6.22,6.23,6.24,6.25,6.26,6.27,6.28,6.29,6.30,6.31,6.32,6.33,6.34,6.35,6.36,6.37,6.38,6.39,6.40,6.41,6.42,6.43,6.44,6.45,6.46,6.461,6.47,6.48,6.49,6.50,6.51,6.52,6.53,6.54,6.55,6.56,6.57,6.58,6.59,6.60,6.61,6.62,6.63,6.64,6.65,6.66,6.67,6.68,6.69,6.70,6.71,6.72,6.73,6.74,6.75,6.76,6.77,6.78,6.79,6.80,6.81,7.23,7.24,7.25,7.26,7.27,7.28,7.29,7.30,7.31,7.32,7.33,7.34,7.35,7.36,7.37,7.38,7.39,7.40,7.41,7.42,7.43,7.44,7.45,7.46,7.47,7.48,7.49,7.50,7.51,7.52,7.521,7.53,7.54,7.55,7.56,7.57,7.58,7.59,7.60,7.61,7.62,7.63,7.64,8.37,8.38,8.39,8.40,8.41,8.42,8.43,8.44,8.45,8.46,8.47,8.48,8.49,8.50,8.51,8.52,8.53,8.54,8.55,8.56,8.57,8.58,8.59,8.60,8.61,8.62,8.63,8.64,8.65,8.66,8.67,8.68,8.69,8.70,8.71,8.72,0.00,0.01,0.02,0.03,0.04,0.05,0.06,0.07,0.08,0.09,0.10,0.11,0.12,0.13,0.14,0.15,0.16,0.17,0.18,0.19,0.20,0.21,0.22,0.23,0.24,0.25,0.26,0.27,0.28,0.29,0.30,0.31,0.32,0.33,0.34,0.35,0.36,0.37,0.38,0.39,0.40,0.41,0.42,0.43,0.44,0.45,0.46,0.47,0.48,0.49,8.73,8.74,8.75,8.76,8.77,8.78,8.79,8.80,8.81,8.82,8.83,8.84,8.85,8.86,8.87,8.88,8.89,8.90,8.91,8.92,8.93,8.94,8.95,8.96,8.97,8.98,8.99,9.00,9.01,9.02,9.03,9.04,9.05,9.06,9.07,9.08,9.09,9.10,9.11,9.12,9.13,9.14,9.15,9.16,9.17,9.18,9.19,9.20,9.21,9.22,9.23,9.24,9.25,9.26,9.27,9.28,9.29,9.30,9.31,9.32,9.33,9.34,9.35,9.36,9.37,9.38,9.39,9.40,9.41,9.42,9.43,9.44,9.45,9.46,9.47,9.48,9.49,9.50,9.51,9.52,9.53,9.54,9.55,9.56,9.57,9.58,9.59,9.60,9.61,9.62,9.63,9.64,9.65,9.66,9.67,9.68,9.69,9.70,9.71
FZD1-Human,-,-,-,-,-,-,-,-,-,-,-,-,-,-,-,G312,P313,E314,E315,L316,R317,F318,S319,R320,T321,W322,I323,G324,I325,-,W326,S327,V328,L329,C330,C331,A332,S333,T334,L335,F336,T337,V338,L339,T340,Y341,L342,V343,D344,-,-,-,-,M345,R346,R347,F348,S349,-,-,-,-,-,-,-,-,-,Y350,P351,E352,R353,P354,I355,I356,F357,L358,S359,G360,C361,Y362,T363,A364,V365,A366,V367,-,A368,Y369,I370,A371,G372,F373,L374,L375,E376,-,-,-,-,-,-,-,-,-,-,-,-,-,-,-,-,-,-,-,-,-,-,-,-,-,-,-,-,G401,C402,T403,I404,L405,F406,M407,M408,L409,Y410,F411,F412,S413,M414,A415,S416,S417,I418,W419,W420,V421,I422,L423,S424,L425,T426,W427,F428,L429,A430,A431,G432,M433,K434,-,-,-,-,-,-,-,-,-,-,-,-,-,G436,H437,E438,A439,I440,E441,A442,N443,S444,Q445,Y446,F447,H448,L449,A450,A451,-,W452,A453,V454,P455,A456,I457,K458,T459,I460,T461,I462,L463,A464,L465,G466,-,-,-,-,-,C477,F478,V479,-,-,-,-,-,-,-,-,-,-,-,-,N483,V484,D485,A486,L487,R488,-,G489,F490,V491,L492,A493,P494,-,L495,F496,V497,Y498,L499,F500,I501,G502,T503,S504,F505,L506,L507,A508,G509,F510,V511,S512,L513,F514,R515,I516,R517,T518,I519,M520,-,-,-,-,-,-,-,-,-,-,-,-,-,-,-,-,-,-,-,-,-,-,-,-,-,-,-,-,-,-,-,E531,K532,L533,M534,V535,R536,I537,G538,V539,F540,S541,V542,L543,Y544,T545,V546,-,P547,A548,T549,I550,V551,I552,A553,C554,Y555,F556,Y557,E558,Q559,A560,F561,R562,D563,Q564,W565,E566,R567,S568,W569,V570,A571,Q572,S573,C574,K575,S576,Y577,A578,I579,P580,C581,-,-,-,-,-,-,-,-,D599,F600,T601,V602,F603,M604,I605,K606,Y607,L608,M609,T610,L611,I612,V613,G614,I615,T616,S617,G618,F619,W620,-,I621,W622,-,-,-,-,-,-,-,-,-,-,-,-,-,-,-,-,-,-,-,-,S623,G624,K625,T626,L627,N628,S629,W630,R631,K632,F633,Y634,T635,R636,L637,T638,-,-,-,-,-,-,-,-,-,-,-,-,-,-,-,-,-,-,-,-,-,-,-,-,-,-,-,-,-,-,-,-,-,-,-,-,-,-,-,-,-,-,-,-,-,-,-,-,-,-,-,-,-,-,-,-,-,-,-,-,-,-,-,-,-,-,-,-,-,-,-,-,-,-,-,-,-,-,-,-,-,-,-,-,-,-,-,-,-,-,-,-,-,-,-,-,-,-,-,-,-,-,-,-,-,-,-,-,-,-,-,-,-,-,-,-,-,-,-,-,-,-,-,-,-,-,-,-,-,-,-,-,-,-,-,-,-,-,-,-,-,-,-,-,-,-,-,-,-,-,-,-,-,-,-,-,-,-,-
FZD2-Human,-,-,-,-,-,-,-,-,-,-,-,-,-,-,-,S237,Q238,E239,E240,T241,R242,F243,A244,R245,L246,W247,I248,L249,T250,-,W251,S252,V253,L254,C255,C256,A257,S258,T259,F260,F261,T262,V263,T264,T265,Y266,L267,V268,D269,-,-,-,-,M270,Q271,R272,F273,R274,-,-,-,-,-,-,-,-,-,Y275,P276,E277,R278,P279,I280,I281,F282,L283,S284,G285,C286,Y287,T288,M289,V290,S291,V292,-,A293,Y294,I295,A296,G297,F298,V299,L300,Q301,-,-,-,-,-,-,-,-,-,-,-,-,-,-,-,-,-,-,-,-,-,-,-,-,-,-,-,-,G326,C327,T328,I329,L330,F331,M332,M333,L334,Y335,F336,F337,S338,M339,A340,S341,S342,I343,W344,W345,V346,I347,L348,S349,L350,T351,W352,F353,L354,A355,A356,G357,M358,K359,-,-,-,-,-,-,-,-,-,-,-,-,-,G361,H362,E363,A364,I365,E366,A367,N368,S369,Q370,Y371,F372,H373,L374,A375,A376,-,W377,A378,V379,P380,A381,V382,K383,T384,I385,T386,I387,L388,A389,M390,G391,-,-,-,-,-,C402,F403,V404,-,-,-,-,-,-,-,-,-,-,-,-,S408,L409,D410,P411,L412,R413,-,G414,F415,V416,L417,A418,P419,-,L420,F421,V422,Y423,L424,F425,I426,G427,T428,S429,F430,L431,L432,A433,G434,F435,V436,S437,L438,F439,R440,I441,R442,T443,I444,M445,-,-,-,-,-,-,-,-,-,-,-,-,-,-,-,-,-,-,-,-,-,-,-,-,-,-,-,-,-,-,-,E456,R457,L458,M459,V460,R461,I462,G463,V464,F465,S466,V467,L468,Y469,T470,V471,-,P472,A473,T474,I475,V476,I477,A478,C479,Y480,F481,Y482,E483,Q484,A485,F486,R487,E488,H489,W490,E491,R492,S493,W494,V495,S496,Q497,H498,C499,K500,S501,L502,A503,-,-,-,-,-,-,-,-,-,-,-,D517,F518,T519,V520,Y521,M522,I523,K524,Y525,L526,M527,T528,L529,I530,V531,G532,I533,T534,S535,G536,F537,W538,-,I539,W540,-,-,-,-,-,-,-,-,-,-,-,-,-,-,-,-,-,-,-,-,S541,G542,K543,T544,L545,H546,S547,W548,R549,K550,F551,Y552,T553,R554,L555,T556,-,-,-,-,-,-,-,-,-,-,-,-,-,-,-,-,-,-,-,-,-,-,-,-,-,-,-,-,-,-,-,-,-,-,-,-,-,-,-,-,-,-,-,-,-,-,-,-,-,-,-,-,-,-,-,-,-,-,-,-,-,-,-,-,-,-,-,-,-,-,-,-,-,-,-,-,-,-,-,-,-,-,-,-,-,-,-,-,-,-,-,-,-,-,-,-,-,-,-,-,-,-,-,-,-,-,-,-,-,-,-,-,-,-,-,-,-,-,-,-,-,-,-,-,-,-,-,-,-,-,-,-,-,-,-,-,-,-,-,-,-,-,-,-,-,-,-,-,-,-,-,-,-,-,-,-,-,-,-
FZD3-Human,-,-,-,-,-,-,-,-,-,-,-,-,-,-,-,R195,R196,E197,E198,L199,S200,F201,A202,R203,Y204,F205,I206,G207,L208,-,I209,S210,I211,I212,C213,L214,S215,A216,T217,L218,F219,T220,F221,L222,T223,F224,L225,I226,D227,-,-,-,-,V228,T229,R230,F231,R232,-,-,-,-,-,-,-,-,-,Y233,P234,E235,R236,P237,I238,I239,F240,Y241,A242,V243,C244,Y245,M246,M247,V248,S249,L250,-,I251,F252,F253,I254,G255,F256,L257,L258,E259,-,-,-,-,-,-,-,-,-,-,-,-,-,-,-,-,-,-,-,-,-,-,-,-,-,-,-,-,A285,C286,T287,M288,L289,F290,M291,I292,L293,Y294,F295,F296,T297,M298,A299,G300,S301,V302,W303,W304,V305,I306,L307,T308,I309,T310,W311,F312,L313,A314,A315,V316,P317,K318,-,-,-,-,-,-,-,-,-,-,-,-,-,G320,S321,E322,A323,I324,E325,K326,K327,A328,L329,L330,F331,H332,A333,S334,A335,-,W336,G337,I338,P339,G340,T341,L342,T343,I344,I345,L346,L347,A348,M349,N350,-,-,-,-,-,C361,F362,V363,-,-,-,-,-,-,-,-,-,-,-,-,D367,V368,D369,A370,L371,R372,-,Y373,F374,V375,L376,A377,P378,-,L379,C380,L381,Y382,V383,V384,V385,G386,V387,S388,L389,L390,L391,A392,G393,I394,I395,S396,L397,N398,R399,V400,R401,I402,E403,I404,-,-,-,-,-,-,-,-,-,-,-,-,-,-,-,-,-,-,-,-,-,-,-,-,-,-,-,-,-,-,-,V415,K416,F417,M418,I419,R420,I421,G422,V423,F424,S425,I426,L427,Y428,L429,V430,-,P431,L432,L433,V434,V435,I436,G437,C438,Y439,F440,Y441,E442,Q443,A444,Y445,R446,G447,I448,W449,E450,T451,T452,W453,I454,Q455,E456,R457,C458,R459,E460,Y461,H462,-,-,-,-,-,-,-,-,-,-,-,D476,L477,I478,L479,F480,L481,M482,K483,Y484,L485,M486,A487,L488,I489,V490,G491,I492,P493,S494,V495,F496,W497,-,V498,G499,-,-,-,-,-,-,-,-,-,-,-,-,-,-,-,-,-,-,-,-,S500,K501,K502,T503,C504,F505,E506,W507,A508,S509,F510,F511,H512,G513,R514,R515,-,-,-,-,-,-,-,-,-,-,-,-,-,-,-,-,-,-,-,-,-,-,-,-,-,-,-,-,-,-,-,-,-,-,-,-,-,-,-,-,-,-,-,-,-,-,-,-,-,-,-,-,-,-,-,-,-,-,-,-,-,-,-,-,-,-,-,-,-,-,-,-,-,-,-,-,-,-,-,-,-,-,-,-,-,-,-,-,-,-,-,-,-,-,-,-,-,-,-,-,-,-,-,-,-,-,-,-,-,-,-,-,-,-,-,-,-,-,-,-,-,-,-,-,-,-,-,-,-,-,-,-,-,-,-,-,-,-,-,-,-,-,-,-,-,-,-,-,-,-,-,-,-,-,-,-,-,-,-
FZD4-Human,-,-,-,-,-,-,-,-,-,-,-,-,-,-,-,S212,R213,S214,A215,K216,E217,F218,T219,D220,I221,W222,M223,A224,V225,-,W226,A227,S228,L229,C230,F231,I232,S233,T234,A235,F236,T237,V238,L239,T240,F241,L242,I243,D244,-,-,-,-,S245,S246,R247,F248,S249,-,-,-,-,-,-,-,-,-,Y250,P251,E252,R253,P254,I255,I256,F257,L258,S259,M260,C261,Y262,N263,I264,Y265,S266,I267,-,A268,Y269,I270,V271,R272,L273,T274,V275,G276,-,-,-,-,-,-,-,-,-,-,-,-,-,-,-,-,-,-,-,-,-,-,-,-,-,-,N299,T300,G301,C302,A303,I304,I305,F306,L307,L308,M309,Y310,F311,F312,G313,M314,A315,S316,S317,I318,W319,W320,V321,I322,L323,T324,L325,T326,W327,F328,L329,A330,A331,G332,-,-,-,-,-,-,-,-,-,-,-,-,-,-,-,G336,H337,E338,A339,I340,E341,M342,H343,S344,S345,Y346,F347,H348,I349,A350,A351,-,W352,A353,I354,P355,A356,V357,K358,T359,I360,V361,I362,L363,I364,M365,R366,-,-,-,-,-,C377,Y378,V379,-,-,-,-,-,-,-,-,-,-,-,-,N383,L384,D385,A386,L387,T388,-,G389,F390,V391,V392,A393,P394,-,L395,F396,T397,Y398,L399,V400,I401,G402,T403,L404,F405,I406,A407,A408,G409,L410,V411,A412,L413,F414,K415,I416,R417,S418,N419,L420,-,-,-,-,-,-,-,-,-,-,-,-,-,-,-,-,-,-,-,-,-,-,-,-,-,-,-,-,-,-,-,E431,R432,L433,M434,V435,K436,I437,G438,V439,F440,S441,V442,L443,Y444,T445,V446,-,P447,A448,T449,C450,V451,I452,A453,C454,Y455,F456,Y457,E458,I459,S460,N461,-,-,-,-,-,-,-,-,-,-,-,-,-,-,-,-,-,-,-,-,-,-,-,-,-,-,-,-,N473,M474,A475,V476,E477,M478,L479,K480,I481,F482,M483,S484,L485,L486,V487,G488,I489,T490,S491,G492,M493,W494,-,I495,W496,-,-,-,-,-,-,-,-,-,-,-,-,-,-,-,-,-,-,-,-,S497,A498,K499,T500,L501,H502,T503,W504,Q505,K506,C507,S508,N509,R510,L511,V512,-,-,-,-,-,-,-,-,-,-,-,-,-,-,-,-,-,-,-,-,-,-,-,-,-,-,-,-,-,-,-,-,-,-,-,-,-,-,-,-,-,-,-,-,-,-,-,-,-,-,-,-,-,-,-,-,-,-,-,-,-,-,-,-,-,-,-,-,-,-,-,-,-,-,-,-,-,-,-,-,-,-,-,-,-,-,-,-,-,-,-,-,-,-,-,-,-,-,-,-,-,-,-,-,-,-,-,-,-,-,-,-,-,-,-,-,-,-,-,-,-,-,-,-,-,-,-,-,-,-,-,-,-,-,-,-,-,-,-,-,-,-,-,-,-,-,-,-,-,-,-,-,-,-,-,-,-,-,-
FZD5-Human,-,-,-,-,-,-,-,-,-,-,-,-,-,-,-,S228,A229,D230,E231,R232,T233,F234,A235,T236,F237,W238,I239,G240,L241,-,W242,S243,V244,L245,C246,F247,I248,S249,T250,S251,T252,T253,V254,A255,T256,F257,L258,I259,D260,-,-,-,-,M261,E262,R263,F264,R265,-,-,-,-,-,-,-,-,-,Y266,P267,E268,R269,P270,I271,I272,F273,L274,S275,A276,C277,Y278,L279,C280,V281,S282,L283,-,G284,F285,L286,V287,R288,L289,V290,V291,G292,-,-,-,-,-,-,-,-,-,-,-,-,-,-,-,-,-,-,-,-,-,-,-,-,-,-,-,-,L314,C315,T316,I317,V318,F319,L320,L321,V322,Y323,F324,F325,G326,M327,A328,S329,S330,I331,W332,W333,V334,I335,L336,S337,L338,T339,W340,F341,L342,A343,A344,G345,M346,K347,-,-,-,-,-,-,-,-,-,-,-,-,-,G349,N350,E351,A352,I353,A354,G355,Y356,A357,Q358,Y359,F360,H361,L362,A363,A364,-,W365,L366,I367,P368,S369,V370,K371,S372,I373,T374,A375,L376,A377,L378,S379,-,-,-,-,-,C390,Y391,V392,-,-,-,-,-,-,-,-,-,-,-,-,N396,L397,N398,S399,L400,R401,-,G402,F403,V404,L405,G406,P407,-,L408,V409,L410,Y411,L412,L413,V414,G415,T416,L417,F418,L419,L420,A421,G422,F423,V424,S425,L426,F427,R428,I429,R430,S431,V432,I433,-,-,-,-,-,-,-,-,-,-,-,-,-,-,-,-,-,-,-,-,-,-,-,-,-,-,-,-,-,-,-,E444,K445,L446,M447,I448,R449,I450,G451,I452,F453,T454,L455,L456,Y457,T458,V459,-,P460,A461,S462,I463,V464,V465,A466,C467,Y468,L469,Y470,E471,Q472,H473,Y474,R475,E476,S477,W478,E479,-,-,-,-,-,-,-,-,-,-,-,-,-,-,-,-,-,-,-,-,-,-,-,E499,Y500,W501,V502,L503,M504,L505,K506,Y507,F508,M509,C510,L511,V512,V513,G514,I515,T516,S517,G518,V519,W520,-,I521,W522,-,-,-,-,-,-,-,-,-,-,-,-,-,-,-,-,-,-,-,-,S523,G524,K525,T526,V527,E528,S529,W530,R531,R532,F533,T534,S535,R536,C537,C538,-,-,-,-,-,-,-,-,-,-,-,-,-,-,-,-,-,-,-,-,-,-,-,-,-,-,-,-,-,-,-,-,-,-,-,-,-,-,-,-,-,-,-,-,-,-,-,-,-,-,-,-,-,-,-,-,-,-,-,-,-,-,-,-,-,-,-,-,-,-,-,-,-,-,-,-,-,-,-,-,-,-,-,-,-,-,-,-,-,-,-,-,-,-,-,-,-,-,-,-,-,-,-,-,-,-,-,-,-,-,-,-,-,-,-,-,-,-,-,-,-,-,-,-,-,-,-,-,-,-,-,-,-,-,-,-,-,-,-,-,-,-,-,-,-,-,-,-,-,-,-,-,-,-,-,-,-,-,-
FZD6-Human,-,-,-,-,-,-,-,-,-,-,-,-,-,-,-,K191,S192,D193,E194,L195,E196,F197,A198,K199,S200,F201,I202,G203,T204,-,V205,S206,I207,F208,C209,L210,C211,A212,T213,L214,F215,T216,F217,L218,T219,F220,L221,I222,D223,-,-,-,-,V224,R225,R226,F227,R228,-,-,-,-,-,-,-,-,-,Y229,P230,E231,R232,P233,I234,I235,Y236,Y237,S238,V239,C240,Y241,S242,I243,V244,S245,L246,-,M247,Y248,F249,I250,G251,F252,L253,L254,G255,-,-,-,-,-,-,-,-,-,-,-,-,-,-,-,-,-,-,-,-,-,-,-,-,-,-,-,-,A281,C282,T283,V284,L285,F286,M287,L288,L289,Y290,F291,F292,T293,M294,A295,G296,T297,V298,W299,W300,V301,I302,L303,T304,I305,T306,W307,F308,L309,A310,A311,G312,R313,K314,-,-,-,-,-,-,-,-,-,-,-,-,-,S316,C317,E318,A319,I320,E321,Q322,K323,A324,V325,W326,F327,H328,A329,V330,A331,-,W332,G333,T334,P335,G336,F337,L338,T339,V340,M341,L342,L343,A344,M345,N346,-,-,-,-,-,C357,F358,V359,-,-,-,-,-,-,-,-,-,-,-,-,D363,L364,D365,A366,S367,R368,-,Y369,F370,V371,L372,L373,P374,-,L375,C376,L377,C378,V379,F380,V381,G382,L383,S384,L385,L386,L387,A388,G389,I390,I391,S392,L393,N394,H395,V396,R397,Q398,V399,I400,-,-,-,-,-,-,-,-,-,-,-,-,-,-,-,-,-,-,-,-,-,-,-,-,-,-,-,-,-,-,-,K411,K412,F413,M414,I415,R416,I417,G418,V419,F420,S421,G422,L423,Y424,L425,V426,-,P427,L428,V429,T430,L431,L432,G433,C434,Y435,V436,Y437,E438,Q439,V440,N441,R442,I443,T444,W445,E446,I447,T448,W449,V450,S451,D452,H453,C454,R455,Q456,Y457,H458,-,-,-,-,-,-,-,-,-,-,-,E472,L473,A474,L475,F476,M477,I478,K479,Y480,L481,M482,T483,L484,I485,V486,G487,I488,S489,A490,V491,F492,W493,-,V494,G495,-,-,-,-,-,-,-,-,-,-,-,-,-,-,-,-,-,-,-,-,S496,K497,K498,T499,C500,T501,E502,W503,A504,G505,F506,F507,K508,R509,N510,R511,-,-,-,-,-,-,-,-,-,-,-,-,-,-,-,-,-,-,-,-,-,-,-,-,-,-,-,-,-,-,-,-,-,-,-,-,-,-,-,-,-,-,-,-,-,-,-,-,-,-,-,-,-,-,-,-,-,-,-,-,-,-,-,-,-,-,-,-,-,-,-,-,-,-,-,-,-,-,-,-,-,-,-,-,-,-,-,-,-,-,-,-,-,-,-,-,-,-,-,-,-,-,-,-,-,-,-,-,-,-,-,-,-,-,-,-,-,-,-,-,-,-,-,-,-,-,-,-,-,-,-,-,-,-,-,-,-,-,-,-,-,-,-,-,-,-,-,-,-,-,-,-,-,-,-,-,-,-,-
FZD7-Human,-,-,-,-,-,-,-,-,-,-,-,-,-,-,F245,K246,E247,E248,E249,R250,R251,F252,A253,R254,L255,W256,V257,G258,V259,-,W260,S261,V262,L263,C264,C265,A266,S267,T268,L269,F270,T271,V272,L273,T274,Y275,L276,V277,D278,-,-,-,-,M279,R280,R281,F282,S283,-,-,-,-,-,-,-,-,-,Y284,P285,E286,R287,P288,I289,I290,F291,L292,S293,G294,C295,Y296,F297,M298,V299,A300,V301,-,A302,H303,V304,A305,G306,F307,L308,L309,-,-,-,-,-,-,-,-,-,-,-,-,-,-,-,-,-,-,-,-,-,-,-,-,-,-,-,-,-,G335,C336,T337,I338,L339,F340,M341,V342,L343,Y344,F345,F346,G347,M348,A349,S350,S351,I352,W353,W354,V355,I356,L357,S358,L359,T360,W361,F362,L363,A364,A365,G366,-,-,-,-,-,-,-,-,-,-,-,-,-,-,-,G370,H371,E372,A373,I374,E375,A376,N377,S378,Q379,Y380,F381,H382,L383,A384,A385,-,W386,A387,V388,P389,A390,V391,K392,T393,I394,T395,I396,L397,A398,M399,G400,-,-,-,-,-,C411,Y412,V413,-,-,-,-,-,-,-,-,-,-,-,-,S417,V418,D419,A420,L421,R422,-,G423,F424,V425,L426,A427,P428,-,L429,F430,V431,Y432,L433,F434,I435,G436,T437,S438,F439,L440,L441,A442,G443,F444,V445,S446,L447,F448,R449,I450,R451,T452,I453,M454,K455,-,-,-,-,-,-,-,-,-,-,-,-,-,-,-,-,-,-,-,-,-,-,-,-,-,K460,T461,E462,K463,L464,E465,K466,L467,M468,V469,R470,I471,G472,V473,F474,S475,V476,L477,Y478,T479,V480,-,P481,A482,T483,I484,V485,L486,A487,C488,Y489,F490,Y491,E492,Q493,A494,F495,R496,E497,H498,W499,E500,R501,T502,W503,L504,L505,Q506,T507,C508,K509,S510,Y511,A512,-,-,-,-,-,-,-,-,-,-,-,D526,F527,T528,V529,F530,M531,I532,K533,Y534,L535,M536,T537,M538,I539,V540,G541,I542,T543,T544,G545,F546,W547,-,I548,W549,-,-,-,-,-,-,-,-,-,-,-,-,-,-,-,-,-,-,-,-,S550,G551,K552,T553,L554,Q555,S556,W557,R558,R559,F560,Y561,H562,R563,L564,S565,H566,-,-,-,-,-,-,-,-,-,-,-,-,-,-,-,-,-,-,-,-,-,-,-,-,-,-,-,-,-,-,-,-,-,-,-,-,-,-,-,-,-,-,-,-,-,-,-,-,-,-,-,-,-,-,-,-,-,-,-,-,-,-,-,-,-,-,-,-,-,-,-,-,-,-,-,-,-,-,-,-,-,-,-,-,-,-,-,-,-,-,-,-,-,-,-,-,-,-,-,-,-,-,-,-,-,-,-,-,-,-,-,-,-,-,-,-,-,-,-,-,-,-,-,-,-,-,-,-,-,-,-,-,-,-,-,-,-,-,-,-,-,-,-,-,-,-,-,-,-,-,-,-,-,-,-,-,-,-
FZD8-Human,-,-,-,-,-,-,-,-,-,-,-,-,-,-,-,S270,Q271,D272,E273,R274,A275,F276,T277,V278,F279,W280,I281,G282,L283,-,W284,S285,V286,L287,C288,F289,V290,S291,T292,F293,A294,T295,V296,S297,T298,F299,L300,I301,D302,-,-,-,-,M303,E304,R305,F306,K307,-,-,-,-,-,-,-,-,-,Y308,P309,E310,R311,P312,I313,I314,F315,L316,S317,A318,C319,Y320,L321,F322,V323,S324,V325,-,G326,Y327,L328,V329,R330,L331,V332,A333,G334,-,-,-,-,-,-,-,-,-,-,-,-,-,-,-,-,-,-,-,-,-,-,-,-,-,-,-,-,L395,C396,T397,V398,V399,F400,L401,L402,V403,Y404,F405,F406,G407,M408,A409,S410,S411,I412,W413,W414,V415,I416,L417,S418,L419,T420,W421,F422,L423,A424,A425,G426,M427,K428,-,-,-,-,-,-,-,-,-,-,-,-,-,G430,N431,E432,A433,I434,A435,G436,Y437,S438,Q439,Y440,F441,H442,L443,A444,A445,-,W446,L447,V448,P449,S450,V451,K452,S453,I454,A455,V456,L457,A458,L459,S460,-,-,-,-,-,C471,Y472,V473,-,-,-,-,-,-,-,-,-,-,-,-,S477,L478,D479,N480,L481,R482,-,G483,F484,V485,L486,A487,P488,-,L489,V490,I491,Y492,L493,F494,I495,G496,T497,M498,F499,L500,L501,A502,G503,F504,V505,S506,L507,F508,R509,I510,R511,S512,V513,I514,-,-,-,-,-,-,-,-,-,-,-,-,-,-,-,-,-,-,-,-,-,-,-,-,-,-,-,-,-,-,-,E527,K528,L529,M530,I531,R532,L533,G534,L535,F536,T537,V538,L539,Y540,T541,V542,-,P543,A544,A545,V546,V547,V548,A549,C550,L551,F552,Y553,E554,Q555,H556,N557,R558,P559,R560,W561,E562,-,-,-,-,-,-,-,-,-,-,-,-,-,-,-,-,-,-,-,-,-,-,-,D582,Y583,A584,V585,F586,M587,L588,K589,Y590,F591,M592,C593,L594,V595,V596,G597,I598,T599,S600,G601,V602,W603,-,V604,W605,-,-,-,-,-,-,-,-,-,-,-,-,-,-,-,-,-,-,-,-,S606,G607,K608,T609,L610,E611,S612,W613,R614,S615,L616,C617,T618,R619,C620,C621,-,-,-,-,-,-,-,-,-,-,-,-,-,-,-,-,-,-,-,-,-,-,-,-,-,-,-,-,-,-,-,-,-,-,-,-,-,-,-,-,-,-,-,-,-,-,-,-,-,-,-,-,-,-,-,-,-,-,-,-,-,-,-,-,-,-,-,-,-,-,-,-,-,-,-,-,-,-,-,-,-,-,-,-,-,-,-,-,-,-,-,-,-,-,-,-,-,-,-,-,-,-,-,-,-,-,-,-,-,-,-,-,-,-,-,-,-,-,-,-,-,-,-,-,-,-,-,-,-,-,-,-,-,-,-,-,-,-,-,-,-,-,-,-,-,-,-,-,-,-,-,-,-,-,-,-,-,-,-
FZD9-Human,-,-,-,-,-,-,-,-,-,-,-,-,-,-,-,S224,R225,R226,D227,K228,D229,F230,A231,L232,V233,W234,M235,A236,V237,-,W238,S239,A240,L241,C242,F243,F244,S245,T246,A247,F248,T249,V250,L251,T252,F253,L254,L255,E256,-,-,-,-,P257,H258,R259,F260,Q261,-,-,-,-,-,-,-,-,-,Y262,P263,E264,R265,P266,I267,I268,F269,L270,S271,M272,C273,Y274,N275,V276,Y277,S278,L279,-,A280,F281,L282,I283,R284,A285,V286,A287,G288,-,-,-,-,-,-,-,-,-,-,-,-,-,-,-,-,-,-,-,-,-,-,-,-,-,-,N310,T311,G312,C313,T314,L315,V316,F317,L318,L319,L320,Y321,Y322,F323,G324,M325,A326,S327,S328,L329,W330,W331,V332,V333,L334,T335,L336,T337,W338,F339,L340,A341,A342,G343,-,-,-,-,-,-,-,-,-,-,-,-,-,-,-,G347,H348,E349,A350,I351,E352,A353,H354,G355,S356,Y357,F358,H359,M360,A361,A362,-,W363,G364,L365,P366,A367,L368,K369,T370,I371,V372,I373,L374,T375,L376,R377,-,-,-,-,-,C388,Y389,V390,-,-,-,-,-,-,-,-,-,-,-,-,D394,A395,A396,A397,L398,T399,-,G400,F401,V402,L403,V404,P405,-,L406,S407,G408,Y409,L410,V411,L412,G413,S414,S415,F416,L417,L418,T419,G420,F421,V422,A423,L424,F425,H426,I427,R428,K429,I430,M431,-,-,-,-,-,-,-,-,-,-,-,-,-,-,-,-,-,-,-,-,-,-,-,-,-,-,-,-,-,-,-,E442,K443,L444,M445,V446,K447,I448,G449,V450,F451,S452,I453,L454,Y455,T456,V457,-,P458,A459,T460,C461,V462,I463,V464,C465,Y466,V467,Y468,E469,R470,L471,N472,M473,D474,F475,W476,R477,L478,R479,A480,T481,E482,Q483,P484,C485,A486,A487,A488,A489,-,-,-,-,-,-,-,-,-,-,-,T506,V507,A508,V509,F510,M511,L512,K513,I514,F515,M516,S517,L518,V519,V520,G521,I522,T523,S524,G525,V526,W527,-,V528,W529,-,-,-,-,-,-,-,-,-,-,-,-,-,-,-,-,-,-,-,-,S530,S531,K532,T533,F534,Q535,T536,W537,Q538,S539,L540,C541,Y542,R543,K544,I545,-,-,-,-,-,-,-,-,-,-,-,-,-,-,-,-,-,-,-,-,-,-,-,-,-,-,-,-,-,-,-,-,-,-,-,-,-,-,-,-,-,-,-,-,-,-,-,-,-,-,-,-,-,-,-,-,-,-,-,-,-,-,-,-,-,-,-,-,-,-,-,-,-,-,-,-,-,-,-,-,-,-,-,-,-,-,-,-,-,-,-,-,-,-,-,-,-,-,-,-,-,-,-,-,-,-,-,-,-,-,-,-,-,-,-,-,-,-,-,-,-,-,-,-,-,-,-,-,-,-,-,-,-,-,-,-,-,-,-,-,-,-,-,-,-,-,-,-,-,-,-,-,-,-,-,-,-,-,-
FZD10-Human,-,-,-,-,-,-,-,-,-,-,-,-,-,-,-,S220,R221,E222,D223,K224,R225,F226,A227,V228,V229,W230,L231,A232,I233,-,W234,A235,V236,L237,C238,F239,F240,S241,S242,A243,F244,T245,V246,L247,T248,F249,L250,I251,D252,-,-,-,-,P253,A254,R255,F256,R257,-,-,-,-,-,-,-,-,-,Y258,P259,E260,R261,P262,I263,I264,F265,L266,S267,M268,C269,Y270,C271,V272,Y273,S274,V275,-,G276,Y277,L278,I279,R280,L281,F282,A283,G284,-,-,-,-,-,-,-,-,-,-,-,-,-,-,-,-,-,-,-,-,-,-,-,-,-,-,S306,T307,G308,C309,T310,L311,V312,F313,L314,V315,L316,Y317,Y318,F319,G320,M321,A322,S323,S324,L325,W326,W327,V328,V329,L330,T331,L332,T333,W334,F335,L336,A337,A338,G339,-,-,-,-,-,-,-,-,-,-,-,-,-,-,-,G343,H344,E345,A346,I347,E348,A349,N350,S351,S352,Y353,F354,H355,L356,A357,A358,-,W359,A360,I361,P362,A363,V364,K365,T366,I367,L368,I369,L370,V371,M372,R373,-,-,-,-,-,C384,Y385,V386,-,-,-,-,-,-,-,-,-,-,-,-,D390,V391,N392,A393,L394,T395,-,G396,F397,V398,L399,I400,P401,-,L402,A403,C404,Y405,L406,V407,I408,G409,T410,S411,F412,I413,L414,S415,G416,F417,V418,A419,L420,F421,H422,I423,R424,R425,V426,M427,-,-,-,-,-,-,-,-,-,-,-,-,-,-,-,-,-,-,-,-,-,-,-,-,-,-,-,-,-,-,-,E438,K439,L440,M441,V442,R443,I444,G445,L446,F447,S448,V449,L450,Y451,T452,V453,-,P454,A455,T456,C457,V458,I459,A460,C461,Y462,F463,Y464,E465,R466,L467,N468,M469,D470,Y471,W472,K473,I474,L475,A476,A477,Q478,H479,K480,C481,K482,M483,N484,N485,-,-,-,-,-,-,-,-,-,-,-,A500,V501,E502,I503,F504,M505,V506,K507,I508,F509,M510,L511,L512,V513,V514,G515,I516,T517,S518,G519,M520,W521,-,I522,W523,-,-,-,-,-,-,-,-,-,-,-,-,-,-,-,-,-,-,-,-,T524,S525,K526,T527,L528,Q529,S530,W531,Q532,Q533,V534,C535,S536,R537,R538,L539,-,-,-,-,-,-,-,-,-,-,-,-,-,-,-,-,-,-,-,-,-,-,-,-,-,-,-,-,-,-,-,-,-,-,-,-,-,-,-,-,-,-,-,-,-,-,-,-,-,-,-,-,-,-,-,-,-,-,-,-,-,-,-,-,-,-,-,-,-,-,-,-,-,-,-,-,-,-,-,-,-,-,-,-,-,-,-,-,-,-,-,-,-,-,-,-,-,-,-,-,-,-,-,-,-,-,-,-,-,-,-,-,-,-,-,-,-,-,-,-,-,-,-,-,-,-,-,-,-,-,-,-,-,-,-,-,-,-,-,-,-,-,-,-,-,-,-,-,-,-,-,-,-,-,-,-,-,-,-
SMO-Human,-,-,-,-,-,-,-,-,-,-,-,-,-,-,-,T223,E224,A225,E226,H227,Q228,D229,M230,H231,S232,Y233,I234,A235,A236,-,F237,G238,A239,V240,T241,G242,L243,C244,T245,L246,F247,T248,L249,A250,T251,F252,V253,A254,D255,-,-,-,-,W256,R257,N258,S259,N260,-,-,-,-,-,-,-,-,R261,Y262,P263,A264,V265,I266,L267,F268,Y269,V270,N271,A272,C273,F274,F275,V276,G277,S278,I279,-,G280,W281,L282,A283,Q284,F285,-,-,-,-,-,-,-,-,-,-,-,-,-,-,-,-,-,-,-,-,-,-,-,-,-,-,-,-,-,-,L312,S313,C314,V315,I316,I317,F318,V319,I320,V321,Y322,Y323,A324,L325,M326,A327,G328,V329,V330,W331,F332,V333,V334,L335,T336,Y337,A338,W339,H340,T341,S342,F343,K344,A345,-,-,-,-,-,-,-,-,-,-,-,-,-,-,-,-,-,-,-,-,-,K356,T357,S358,Y359,F360,H361,L362,L363,T364,-,W365,S366,L367,P368,F369,V370,L371,T372,V373,A374,I375,L376,A377,V378,A379,-,-,-,-,-,C390,F391,V392,-,-,-,-,-,-,-,-,-,-,-,-,N396,Y397,R398,Y399,R400,A401,-,G402,F403,V404,L405,A406,P407,-,I408,G409,L410,V411,L412,I413,V414,G415,G416,Y417,F418,L419,I420,R421,G422,V423,M424,T425,L426,F427,S428,I429,K430,S431,N432,H433,-,-,-,-,-,-,-,-,-,-,-,-,-,-,-,-,-,-,-,-,-,-,-,S438,E439,K440,A441,A442,S443,K444,I445,N446,E447,T448,M449,L450,R451,L452,G453,I454,F455,G456,F457,L458,A459,F460,G461,-,F462,V463,L464,I465,T466,F467,S468,C469,H470,F471,Y472,D473,F474,F475,N476,Q477,A478,E479,W480,E481,R482,S483,F484,R485,D486,Y487,V488,L489,C490,Q491,A492,N493,V494,T495,I496,-,-,-,-,-,-,-,-,S514,L515,L516,V517,E518,K519,I520,N521,L522,F523,A524,M525,F526,G527,T528,G529,I530,A531,M532,S533,T534,W535,-,V536,W537,-,-,-,-,-,-,-,-,-,-,-,-,-,-,-,-,-,-,-,-,T538,K539,A540,T541,L542,L543,I544,W545,R546,R547,T548,W549,C550,R551,L552,T553,-,-,-,-,-,-,-,-,-,-,-,-,-,-,-,-,-,-,-,-,-,-,-,-,-,-,-,-,-,-,-,-,-,-,-,-,-,-,-,-,-,-,-,-,-,-,-,-,-,-,-,-,-,-,-,-,-,-,-,-,-,-,-,-,-,-,-,-,-,-,-,-,-,-,-,-,-,-,-,-,-,-,-,-,-,-,-,-,-,-,-,-,-,-,-,-,-,-,-,-,-,-,-,-,-,-,-,-,-,-,-,-,-,-,-,-,-,-,-,-,-,-,-,-,-,-,-,-,-,-,-,-,-,-,-,-,-,-,-,-,-,-,-,-,-,-,-,-,-,-,-,-,-,-,-,-,-,-,-
