GRN,Description,2RH1_inactive,2RH1_dist,3SN6_active,3SN6_dist,4LDO_active,4LDO_dist
3.28,,TRP109,3.7,TRP109,3.3,TRP1109,5.0
3.29,,THR110,4.4,THR110,3.6,-,-
3.32,key,ASP113,2.6,ASP113,2.7,ASP1113,2.8
3.33,,VAL114,3.8,VAL114,3.9,VAL1114,3.7
3.36,,VAL117,4.0,VAL117,3.5,VAL1117,3.9
3.37,,THR118,3.9,THR118,4.6,THR1118,4.5
45.50,,-,-,CYS191,4.1,-,-
45.51,,-,-,ASP192,3.8,-,-
45.52,,PHE193,3.5,PHE193,3.1,PHE1193,3.9
5.39,,TYR199,3.9,TYR199,4.3,-,-
5.40,,ALA200,4.3,ALA200,3.7,-,-
5.43,key,SER203,3.3,SER203,2.8,SER1203,3.3
5.44,,SER204,3.9,SER204,3.6,SER1204,4.7
5.461,,SER207,3.7,SER207,3.1,SER1207,3.5
6.48,key,TRP286,3.4,TRP286,4.4,TRP1286,4.6
6.51,,PHE289,3.7,PHE289,3.8,PHE1289,3.5
6.52,,PHE290,3.5,PHE290,3.4,PHE1290,4.0
6.55,key,ASN293,3.6,ASN293,3.0,ASN1293,3.2
7.31,,-,-,LYS305,4.7,-,-
7.34,,TYR308,3.6,TYR308,3.0,TYR1308,4.7
7.35,key,-,-,ILE309,3.8,-,-
7.38,,ASN312,2.8,ASN312,2.7,ASN1312,2.8
7.42,,TYR316,3.3,TYR316,4.1,TYR1316,3.5
